transaction_id,user_id,amount,timestamp,device_id,beneficiary_id,location_region,transaction_frequency,avg_amount,is_new_device,is_new_beneficiary,location_deviation,transactions_previous_hour,beneficiary_count,previous_fraud_alerts,fraud_label
TXN0001,USER_139,678.25,2025-05-29 06:05:00+00:00,DEV_37,BEN_241,EAST,6.0,695.71,0,0,0.132,3.0,5.0,0.0,0
TXN0002,USER_138,475.64,2025-02-21 15:49:00+00:00,DEV_40,BEN_187,EAST,6.0,494.0,0,0,0.068,3.0,4.0,0.0,0
TXN0003,USER_125,1267.26,2025-01-30 20:18:00+00:00,DEV_28,BEN_123,SOUTH,2.0,762.57,0,0,0.104,0.0,3.0,0.0,0
TXN0004,USER_154,938.52,2025-04-21 14:15:00+00:00,DEV_34,BEN_077,EAST,6.0,791.08,0,0,0.125,3.0,4.0,0.0,0
TXN0005,USER_153,352.51,2025-01-26 16:48:00+00:00,DEV_37,BEN_143,NORTH,6.0,357.34,0,0,0.031,3.0,1.0,0.0,0
TXN0006,USER_134,872.96,2025-06-12 20:57:00+00:00,DEV_12,BEN_207,NORTH,4.0,454.67,0,0,0.038,3.0,2.0,0.0,0
TXN0007,USER_156,927.95,2025-01-15 15:59:00+00:00,DEV_26,BEN_188,WEST,3.0,669.18,0,0,0.091,1.0,1.0,0.0,0
TXN0008,USER_111,425.58,2025-03-30 22:16:00+00:00,DEV_70,BEN_130,SOUTH,2.0,602.56,0,0,0.134,1.0,5.0,0.0,0
TXN0009,USER_133,1301.55,2025-06-20 17:35:00+00:00,DEV_78,BEN_019,EAST,6.0,647.48,0,0,0.01,3.0,1.0,0.0,0
TXN0010,USER_178,496.48,2025-04-10 19:17:00+00:00,DEV_05,BEN_068,WEST,3.0,522.04,0,0,0.068,0.0,5.0,0.0,0
TXN0011,USER_158,292.48,2025-05-26 20:11:00+00:00,DEV_58,BEN_144,WEST,3.0,781.91,0,0,0.065,2.0,5.0,0.0,0
TXN0012,USER_157,950.47,2025-03-18 17:23:00+00:00,DEV_19,BEN_097,NORTH,4.0,766.67,0,0,0.105,3.0,5.0,0.0,0
TXN0013,USER_169,353.37,2025-05-16 06:03:00+00:00,DEV_52,BEN_114,EAST,4.0,659.9,0,0,0.079,3.0,4.0,0.0,0
TXN0014,USER_148,616.84,2025-05-08 13:09:00+00:00,DEV_50,BEN_076,WEST,3.0,819.09,0,0,0.047,2.0,3.0,0.0,0
TXN0015,USER_153,1238.27,2025-04-03 08:35:00+00:00,DEV_70,BEN_019,NORTH,4.0,720.13,1,0,0.155,3.0,5.0,0.0,0
TXN0016,USER_138,285.79,2025-01-19 15:41:00+00:00,DEV_56,BEN_117,WEST,6.0,521.11,0,0,0.048,3.0,5.0,0.0,0
TXN0017,USER_166,1292.97,2025-06-24 08:16:00+00:00,DEV_66,BEN_111,EAST,5.0,705.31,0,0,0.062,3.0,5.0,0.0,0
TXN0018,USER_156,1052.89,2025-01-09 15:33:00+00:00,DEV_64,BEN_195,SOUTH,3.0,506.17,0,1,0.0,0.0,4.0,0.0,0
TXN0019,USER_141,1135.45,2025-03-06 12:45:00+00:00,DEV_52,BEN_028,WEST,2.0,781.77,0,0,0.037,0.0,4.0,0.0,0
TXN0020,USER_110,1059.94,2025-04-26 06:53:00+00:00,DEV_33,BEN_121,WEST,4.0,642.51,0,0,0.111,1.0,4.0,0.0,0
TXN0021,USER_164,1030.36,2025-05-19 08:34:00+00:00,DEV_27,BEN_213,NORTH,4.0,622.27,0,0,0.099,1.0,5.0,0.0,0
TXN0022,USER_126,1197.81,2025-04-07 15:14:00+00:00,DEV_28,BEN_067,EAST,2.0,547.86,0,0,0.116,1.0,3.0,0.0,0
TXN0023,USER_128,790.81,2025-03-14 07:42:00+00:00,DEV_29,BEN_079,WEST,1.0,833.38,0,0,0.113,0.0,3.0,0.0,0
TXN0024,USER_109,382.0,2025-03-15 21:10:00+00:00,DEV_23,BEN_022,EAST,4.0,626.82,0,0,0.205,2.0,5.0,1.0,0
TXN0025,USER_117,753.52,2025-06-25 19:08:00+00:00,DEV_25,BEN_144,EAST,2.0,585.75,0,0,0.035,0.0,2.0,0.0,0
TXN0026,USER_110,784.2,2025-03-02 18:21:00+00:00,DEV_45,BEN_214,NORTH,6.0,597.18,0,0,0.0,3.0,4.0,0.0,0
TXN0027,USER_107,465.67,2025-06-03 09:19:00+00:00,DEV_22,BEN_120,SOUTH,3.0,729.85,0,0,0.017,2.0,1.0,0.0,0
TXN0028,USER_101,1032.49,2025-01-10 20:08:00+00:00,DEV_28,BEN_104,WEST,4.0,704.82,0,0,0.038,3.0,3.0,0.0,0
TXN0029,USER_123,232.68,2025-04-29 17:03:00+00:00,DEV_57,BEN_187,WEST,2.0,711.91,0,0,0.022,0.0,1.0,0.0,0
TXN0030,USER_160,1473.96,2025-05-03 13:56:00+00:00,DEV_26,BEN_111,SOUTH,2.0,714.62,0,0,0.086,1.0,5.0,0.0,0
TXN0031,USER_169,779.61,2025-05-02 06:40:00+00:00,DEV_09,BEN_100,SOUTH,6.0,971.25,0,0,0.155,3.0,5.0,0.0,0
TXN0032,USER_118,220.99,2025-03-17 15:43:00+00:00,DEV_02,BEN_191,WEST,2.0,589.04,0,0,0.172,1.0,2.0,0.0,0
TXN0033,USER_133,289.83,2025-05-05 20:03:00+00:00,DEV_61,BEN_071,WEST,5.0,573.16,0,0,0.11,2.0,1.0,0.0,0
TXN0034,USER_166,399.37,2025-03-22 06:47:00+00:00,DEV_75,BEN_212,SOUTH,2.0,527.93,0,0,0.208,0.0,4.0,0.0,0
TXN0035,USER_156,609.08,2025-04-17 06:21:00+00:00,DEV_54,BEN_067,WEST,6.0,742.4,0,0,0.059,3.0,5.0,0.0,0
TXN0036,USER_172,296.88,2025-06-10 12:44:00+00:00,DEV_05,BEN_128,SOUTH,2.0,819.35,0,0,0.0,1.0,2.0,0.0,0
TXN0037,USER_133,525.8,2025-05-02 15:29:00+00:00,DEV_45,BEN_063,WEST,6.0,632.91,0,0,0.143,3.0,5.0,0.0,0
TXN0038,USER_113,349.28,2025-05-13 14:14:00+00:00,DEV_22,BEN_158,WEST,4.0,523.98,0,0,0.0,1.0,3.0,0.0,0
TXN0039,USER_111,536.53,2025-06-24 13:15:00+00:00,DEV_26,BEN_109,EAST,2.0,526.33,0,0,0.035,0.0,3.0,0.0,0
TXN0040,USER_156,771.38,2025-02-09 10:08:00+00:00,DEV_73,BEN_060,SOUTH,3.0,747.59,0,0,0.111,2.0,2.0,0.0,0
TXN0041,USER_102,718.93,2025-04-16 07:49:00+00:00,DEV_66,BEN_186,SOUTH,2.0,761.49,0,0,0.074,1.0,2.0,0.0,0
TXN0042,USER_136,675.19,2025-04-29 06:25:00+00:00,DEV_59,BEN_233,NORTH,2.0,731.47,0,0,0.069,1.0,2.0,0.0,0
TXN0043,USER_128,258.85,2025-05-06 07:46:00+00:00,DEV_40,BEN_007,NORTH,5.0,550.17,0,0,0.009,3.0,1.0,0.0,0
TXN0044,USER_173,238.24,2025-01-24 18:49:00+00:00,DEV_46,BEN_142,WEST,4.0,684.82,0,1,0.079,1.0,2.0,0.0,0
TXN0045,USER_179,456.58,2025-05-17 20:10:00+00:00,DEV_73,BEN_179,EAST,3.0,667.5,0,0,0.14,1.0,2.0,0.0,0
TXN0046,USER_138,1186.46,2025-02-04 13:19:00+00:00,DEV_53,BEN_180,NORTH,5.0,682.8,0,0,0.081,2.0,1.0,0.0,0
TXN0047,USER_146,1703.94,2025-03-15 07:07:00+00:00,DEV_46,BEN_055,EAST,3.0,780.71,0,0,0.03,0.0,2.0,0.0,0
TXN0048,USER_130,1410.96,2025-05-09 13:00:00+00:00,DEV_08,BEN_029,WEST,6.0,683.54,0,0,0.005,3.0,1.0,0.0,0
TXN0049,USER_162,945.82,2025-02-17 23:59:00+00:00,DEV_79,BEN_128,EAST,3.0,751.84,0,0,0.031,0.0,1.0,0.0,0
TXN0050,USER_123,865.09,2025-01-23 10:39:00+00:00,DEV_64,BEN_159,WEST,3.0,660.14,1,0,0.104,0.0,4.0,0.0,0
TXN0051,USER_159,622.44,2025-05-02 14:27:00+00:00,DEV_29,BEN_073,NORTH,3.0,693.37,0,0,0.101,0.0,1.0,0.0,0
TXN0052,USER_172,1318.47,2025-02-20 15:12:00+00:00,DEV_20,BEN_092,NORTH,2.0,744.69,0,0,0.032,1.0,2.0,0.0,0
TXN0053,USER_113,756.31,2025-05-29 11:35:00+00:00,DEV_77,BEN_133,EAST,4.0,431.43,0,0,0.0,2.0,4.0,0.0,0
TXN0054,USER_118,1146.37,2025-06-11 13:32:00+00:00,DEV_76,BEN_113,EAST,4.0,602.05,0,0,0.105,2.0,1.0,0.0,0
TXN0055,USER_130,1159.73,2025-03-04 14:13:00+00:00,DEV_34,BEN_121,EAST,6.0,579.44,0,0,0.026,3.0,4.0,0.0,0
TXN0056,USER_166,623.59,2025-05-13 14:00:00+00:00,DEV_19,BEN_170,WEST,4.0,554.17,0,0,0.121,3.0,1.0,0.0,0
TXN0057,USER_151,1069.57,2025-02-10 18:28:00+00:00,DEV_64,BEN_246,NORTH,4.0,608.73,0,0,0.035,1.0,1.0,0.0,0
TXN0058,USER_115,1601.75,2025-06-17 16:30:00+00:00,DEV_50,BEN_199,WEST,5.0,874.24,0,0,0.021,3.0,1.0,0.0,0
TXN0059,USER_129,460.87,2025-02-14 06:47:00+00:00,DEV_72,BEN_003,NORTH,3.0,520.13,0,0,0.089,0.0,5.0,0.0,0
TXN0060,USER_151,1642.62,2025-06-08 06:23:00+00:00,DEV_44,BEN_087,EAST,3.0,795.24,0,1,0.221,0.0,1.0,0.0,0
TXN0061,USER_177,190.53,2025-05-22 13:05:00+00:00,DEV_44,BEN_003,WEST,3.0,397.57,0,0,0.125,1.0,1.0,0.0,0
TXN0062,USER_136,1312.96,2025-02-26 22:52:00+00:00,DEV_12,BEN_218,EAST,5.0,599.77,0,0,0.088,2.0,5.0,0.0,0
TXN0063,USER_105,1189.11,2025-05-29 06:24:00+00:00,DEV_48,BEN_161,NORTH,1.0,674.41,0,0,0.102,0.0,4.0,0.0,0
TXN0064,USER_108,352.15,2025-04-24 07:43:00+00:00,DEV_29,BEN_055,EAST,4.0,737.93,0,0,0.0,3.0,3.0,0.0,0
TXN0065,USER_102,1170.47,2025-05-01 18:02:00+00:00,DEV_17,BEN_209,WEST,3.0,756.68,0,0,0.013,1.0,1.0,0.0,0
TXN0066,USER_110,280.64,2025-03-10 14:02:00+00:00,DEV_62,BEN_141,NORTH,3.0,769.0,0,0,0.0,1.0,2.0,0.0,0
TXN0067,USER_133,1053.94,2025-02-12 10:01:00+00:00,DEV_28,BEN_013,WEST,3.0,597.69,0,0,0.184,2.0,3.0,0.0,0
TXN0068,USER_122,1055.92,2025-05-06 09:47:00+00:00,DEV_17,BEN_038,EAST,4.0,580.65,0,0,0.172,1.0,3.0,0.0,0
TXN0069,USER_124,1124.89,2025-01-10 17:14:00+00:00,DEV_76,BEN_202,NORTH,2.0,778.7,0,0,0.104,1.0,3.0,0.0,0
TXN0070,USER_161,1197.9,2025-03-04 15:47:00+00:00,DEV_77,BEN_073,SOUTH,5.0,621.3,0,0,0.088,3.0,1.0,0.0,0
TXN0071,USER_138,222.89,2025-01-26 17:56:00+00:00,DEV_40,BEN_131,WEST,2.0,458.65,0,0,0.0,1.0,5.0,0.0,0
TXN0072,USER_158,395.65,2025-01-01 11:39:00+00:00,DEV_24,BEN_223,SOUTH,1.0,480.01,0,0,0.067,0.0,4.0,0.0,0
TXN0073,USER_143,556.6,2025-01-02 15:59:00+00:00,DEV_13,BEN_072,WEST,3.0,512.08,0,0,0.188,2.0,2.0,0.0,0
TXN0074,USER_116,275.82,2025-01-17 21:55:00+00:00,DEV_50,BEN_003,SOUTH,4.0,724.57,0,0,0.088,2.0,5.0,0.0,0
TXN0075,USER_175,773.15,2025-06-19 11:43:00+00:00,DEV_49,BEN_021,SOUTH,3.0,671.36,0,0,0.046,0.0,2.0,0.0,0
TXN0076,USER_138,605.8,2025-05-19 13:48:00+00:00,DEV_49,BEN_228,WEST,4.0,753.57,0,0,0.0,3.0,1.0,0.0,0
TXN0077,USER_166,612.98,2025-06-28 08:36:00+00:00,DEV_61,BEN_150,WEST,4.0,585.91,0,0,0.163,1.0,5.0,0.0,0
TXN0078,USER_107,746.34,2025-01-16 17:13:00+00:00,DEV_38,BEN_082,NORTH,2.0,673.78,0,0,0.076,0.0,1.0,0.0,0
TXN0079,USER_167,1466.02,2025-06-29 06:06:00+00:00,DEV_54,BEN_020,WEST,3.0,743.84,0,0,0.0,0.0,1.0,0.0,0
TXN0080,USER_157,491.12,2025-04-18 10:22:00+00:00,DEV_52,BEN_174,SOUTH,4.0,603.6,0,0,0.025,2.0,4.0,0.0,0
TXN0081,USER_119,1435.68,2025-05-23 18:28:00+00:00,DEV_63,BEN_010,WEST,2.0,718.52,0,0,0.003,0.0,2.0,0.0,0
TXN0082,USER_163,610.93,2025-06-04 06:20:00+00:00,DEV_59,BEN_023,NORTH,3.0,550.71,0,0,0.072,1.0,1.0,0.0,0
TXN0083,USER_159,549.59,2025-02-17 23:06:00+00:00,DEV_03,BEN_148,EAST,5.0,595.54,0,0,0.092,2.0,1.0,0.0,0
TXN0084,USER_171,743.75,2025-05-14 13:30:00+00:00,DEV_49,BEN_160,NORTH,5.0,592.74,0,0,0.05,3.0,1.0,0.0,0
TXN0085,USER_116,514.73,2025-04-27 13:29:00+00:00,DEV_78,BEN_142,EAST,4.0,470.62,0,0,0.127,1.0,5.0,0.0,0
TXN0086,USER_170,570.49,2025-03-16 15:57:00+00:00,DEV_45,BEN_227,WEST,5.0,723.05,0,0,0.085,3.0,4.0,0.0,0
TXN0087,USER_160,727.44,2025-03-30 17:57:00+00:00,DEV_42,BEN_068,EAST,2.0,579.59,0,0,0.144,1.0,5.0,0.0,0
TXN0088,USER_127,383.58,2025-02-07 14:36:00+00:00,DEV_48,BEN_139,SOUTH,4.0,651.87,0,0,0.059,3.0,4.0,0.0,0
TXN0089,USER_128,699.49,2025-02-03 21:51:00+00:00,DEV_45,BEN_077,WEST,3.0,722.11,0,0,0.263,1.0,3.0,0.0,0
TXN0090,USER_120,985.85,2025-06-16 23:18:00+00:00,DEV_32,BEN_091,NORTH,1.0,716.98,0,0,0.046,0.0,2.0,0.0,0
TXN0091,USER_138,813.9,2025-05-12 09:58:00+00:00,DEV_79,BEN_038,EAST,3.0,749.81,0,0,0.026,2.0,5.0,0.0,0
TXN0092,USER_171,1184.97,2025-04-12 18:56:00+00:00,DEV_06,BEN_198,WEST,5.0,635.23,0,0,0.018,3.0,5.0,0.0,0
TXN0093,USER_167,462.03,2025-05-05 11:07:00+00:00,DEV_65,BEN_176,SOUTH,4.0,586.51,0,0,0.067,3.0,3.0,1.0,0
TXN0094,USER_111,1367.05,2025-03-14 23:42:00+00:00,DEV_13,BEN_178,NORTH,6.0,638.04,0,0,0.0,3.0,1.0,0.0,0
TXN0095,USER_110,710.84,2025-02-14 10:27:00+00:00,DEV_17,BEN_036,SOUTH,3.0,396.9,0,0,0.098,0.0,4.0,0.0,0
TXN0096,USER_104,925.8,2025-06-19 11:15:00+00:00,DEV_48,BEN_030,SOUTH,5.0,432.93,0,0,0.0,2.0,2.0,0.0,0
TXN0097,USER_149,854.63,2025-06-28 18:24:00+00:00,DEV_51,BEN_195,WEST,4.0,451.6,0,0,0.09,2.0,2.0,0.0,0
TXN0098,USER_125,285.23,2025-02-08 20:54:00+00:00,DEV_74,BEN_166,WEST,3.0,500.41,0,0,0.0,2.0,4.0,0.0,0
TXN0099,USER_160,923.15,2025-05-25 08:55:00+00:00,DEV_24,BEN_008,SOUTH,3.0,709.97,0,0,0.057,0.0,5.0,0.0,0
TXN0100,USER_160,320.31,2025-03-21 16:20:00+00:00,DEV_03,BEN_166,WEST,2.0,514.18,0,0,0.116,0.0,4.0,0.0,0
TXN0101,USER_115,1100.31,2025-05-08 12:27:00+00:00,DEV_21,BEN_245,NORTH,4.0,593.28,0,0,0.218,2.0,1.0,0.0,0
TXN0102,USER_155,1191.21,2025-01-20 17:30:00+00:00,DEV_43,BEN_188,NORTH,5.0,844.88,0,0,0.015,3.0,4.0,0.0,0
TXN0103,USER_161,477.58,2025-03-28 16:44:00+00:00,DEV_29,BEN_070,EAST,1.0,596.56,0,0,0.071,0.0,5.0,0.0,0
TXN0104,USER_178,1571.64,2025-01-23 23:28:00+00:00,DEV_20,BEN_079,EAST,2.0,760.63,0,0,0.037,0.0,4.0,0.0,0
TXN0105,USER_157,264.59,2025-05-27 22:23:00+00:00,DEV_73,BEN_188,WEST,3.0,509.96,0,0,0.028,1.0,2.0,0.0,0
TXN0106,USER_128,849.11,2025-03-13 17:55:00+00:00,DEV_45,BEN_100,EAST,4.0,619.18,0,0,0.037,1.0,4.0,0.0,0
TXN0107,USER_179,847.51,2025-02-17 18:22:00+00:00,DEV_54,BEN_184,NORTH,5.0,507.5,0,0,0.129,3.0,2.0,0.0,0
TXN0108,USER_122,246.74,2025-05-06 22:15:00+00:00,DEV_60,BEN_240,EAST,6.0,599.15,0,0,0.051,3.0,5.0,0.0,0
TXN0109,USER_164,1114.35,2025-06-21 09:19:00+00:00,DEV_33,BEN_101,SOUTH,5.0,776.05,0,0,0.215,2.0,5.0,0.0,0
TXN0110,USER_130,723.25,2025-03-03 19:19:00+00:00,DEV_59,BEN_143,SOUTH,4.0,390.9,0,1,0.105,3.0,3.0,0.0,0
TXN0111,USER_174,306.31,2025-05-10 19:33:00+00:00,DEV_77,BEN_122,SOUTH,1.0,715.16,0,0,0.019,0.0,1.0,0.0,0
TXN0112,USER_162,873.03,2025-05-05 08:39:00+00:00,DEV_58,BEN_127,WEST,5.0,685.66,0,0,0.058,3.0,3.0,0.0,0
TXN0113,USER_147,443.8,2025-03-30 21:08:00+00:00,DEV_24,BEN_019,NORTH,4.0,560.88,0,0,0.032,1.0,1.0,0.0,0
TXN0114,USER_117,675.43,2025-05-25 18:53:00+00:00,DEV_62,BEN_246,EAST,3.0,433.09,0,0,0.128,1.0,4.0,0.0,0
TXN0115,USER_115,347.25,2025-01-24 12:15:00+00:00,DEV_19,BEN_135,NORTH,1.0,660.82,0,0,0.0,0.0,4.0,0.0,0
TXN0116,USER_175,1187.03,2025-06-07 14:06:00+00:00,DEV_06,BEN_058,EAST,2.0,570.58,0,0,0.0,0.0,2.0,0.0,0
TXN0117,USER_164,1369.79,2025-03-14 14:40:00+00:00,DEV_36,BEN_143,NORTH,3.0,684.9,0,0,0.045,0.0,5.0,0.0,0
TXN0118,USER_141,426.82,2025-01-09 22:12:00+00:00,DEV_41,BEN_100,WEST,2.0,653.28,0,0,0.121,1.0,4.0,0.0,0
TXN0119,USER_170,813.89,2025-06-28 23:45:00+00:00,DEV_38,BEN_205,WEST,2.0,890.27,0,0,0.154,0.0,5.0,0.0,0
TXN0120,USER_162,869.87,2025-05-20 20:56:00+00:00,DEV_21,BEN_190,WEST,2.0,614.1,0,0,0.163,0.0,2.0,0.0,0
TXN0121,USER_131,826.29,2025-05-27 17:41:00+00:00,DEV_22,BEN_096,SOUTH,4.0,496.48,0,0,0.112,2.0,1.0,0.0,0
TXN0122,USER_166,772.36,2025-01-27 07:46:00+00:00,DEV_73,BEN_178,WEST,4.0,676.89,0,0,0.075,3.0,3.0,0.0,0
TXN0123,USER_163,407.72,2025-05-16 22:29:00+00:00,DEV_24,BEN_009,NORTH,3.0,683.0,0,0,0.128,0.0,2.0,0.0,0
TXN0124,USER_138,425.14,2025-05-06 08:20:00+00:00,DEV_62,BEN_241,SOUTH,5.0,853.88,0,0,0.011,2.0,4.0,0.0,0
TXN0125,USER_101,1705.24,2025-06-12 09:36:00+00:00,DEV_21,BEN_128,NORTH,5.0,775.27,0,0,0.0,3.0,3.0,0.0,0
TXN0126,USER_159,819.73,2025-03-08 07:21:00+00:00,DEV_09,BEN_163,NORTH,3.0,703.53,0,0,0.106,1.0,4.0,0.0,0
TXN0127,USER_127,1702.31,2025-06-16 23:52:00+00:00,DEV_05,BEN_161,SOUTH,2.0,869.5,0,0,0.02,0.0,1.0,0.0,0
TXN0128,USER_129,573.81,2025-05-08 14:28:00+00:00,DEV_20,BEN_078,EAST,1.0,471.69,0,0,0.076,0.0,1.0,0.0,0
TXN0129,USER_157,1137.15,2025-02-15 10:29:00+00:00,DEV_67,BEN_172,WEST,4.0,554.04,0,0,0.087,3.0,5.0,0.0,0
TXN0130,USER_164,238.51,2025-02-08 07:40:00+00:00,DEV_36,BEN_100,NORTH,4.0,511.01,0,0,0.095,1.0,3.0,0.0,0
TXN0131,USER_107,305.61,2025-06-12 13:11:00+00:00,DEV_55,BEN_170,SOUTH,1.0,591.53,0,0,0.136,0.0,1.0,0.0,0
TXN0132,USER_165,916.4,2025-04-27 19:33:00+00:00,DEV_77,BEN_023,EAST,6.0,443.5,0,1,0.13,3.0,5.0,0.0,0
TXN0133,USER_123,1565.25,2025-01-22 23:45:00+00:00,DEV_04,BEN_037,NORTH,5.0,745.27,0,0,0.092,3.0,1.0,0.0,0
TXN0134,USER_145,553.74,2025-01-23 15:46:00+00:00,DEV_09,BEN_231,EAST,4.0,616.67,0,0,0.053,2.0,5.0,0.0,0
TXN0135,USER_169,418.56,2025-05-29 16:13:00+00:00,DEV_73,BEN_184,EAST,1.0,429.38,0,0,0.086,0.0,2.0,0.0,0
TXN0136,USER_117,577.12,2025-01-31 21:03:00+00:00,DEV_45,BEN_033,EAST,3.0,497.66,0,0,0.044,0.0,3.0,0.0,0
TXN0137,USER_117,760.25,2025-02-09 22:11:00+00:00,DEV_49,BEN_054,NORTH,2.0,697.03,1,0,0.068,0.0,2.0,0.0,0
TXN0138,USER_177,512.82,2025-04-21 11:49:00+00:00,DEV_27,BEN_136,NORTH,3.0,775.72,0,0,0.237,0.0,1.0,0.0,0
TXN0139,USER_129,1905.58,2025-06-05 23:15:00+00:00,DEV_66,BEN_002,WEST,5.0,949.51,0,0,0.091,2.0,3.0,0.0,0
TXN0140,USER_175,849.32,2025-03-02 15:03:00+00:00,DEV_52,BEN_100,WEST,2.0,1087.08,0,0,0.107,1.0,2.0,0.0,0
TXN0141,USER_128,1167.96,2025-04-30 22:35:00+00:00,DEV_21,BEN_082,SOUTH,6.0,712.16,0,1,0.038,3.0,3.0,0.0,0
TXN0142,USER_149,214.47,2025-05-07 08:52:00+00:00,DEV_52,BEN_034,EAST,2.0,501.57,0,0,0.141,0.0,3.0,0.0,0
TXN0143,USER_140,123.37,2025-04-19 07:13:00+00:00,DEV_01,BEN_075,EAST,3.0,330.19,0,0,0.126,2.0,4.0,0.0,0
TXN0144,USER_178,1064.28,2025-05-04 21:02:00+00:00,DEV_20,BEN_073,EAST,5.0,690.16,0,0,0.126,3.0,1.0,0.0,0
TXN0145,USER_144,498.56,2025-02-10 18:08:00+00:00,DEV_17,BEN_017,EAST,2.0,528.06,0,0,0.093,0.0,2.0,0.0,0
TXN0146,USER_140,908.21,2025-04-22 09:07:00+00:00,DEV_63,BEN_158,EAST,4.0,587.7,0,0,0.142,2.0,5.0,0.0,0
TXN0147,USER_137,267.17,2025-01-01 22:12:00+00:00,DEV_59,BEN_068,NORTH,3.0,558.19,0,0,0.156,2.0,5.0,0.0,0
TXN0148,USER_130,1323.62,2025-05-12 07:10:00+00:00,DEV_08,BEN_008,NORTH,3.0,628.88,0,0,0.097,0.0,3.0,0.0,0
TXN0149,USER_135,1394.79,2025-05-23 18:38:00+00:00,DEV_72,BEN_006,WEST,2.0,809.9,0,0,0.073,1.0,2.0,0.0,0
TXN0150,USER_136,1323.48,2025-05-23 09:13:00+00:00,DEV_65,BEN_241,EAST,5.0,673.56,0,0,0.134,3.0,3.0,0.0,0
TXN0151,USER_161,350.23,2025-01-06 07:32:00+00:00,DEV_35,BEN_030,NORTH,6.0,626.2,1,0,0.026,3.0,4.0,0.0,0
TXN0152,USER_103,449.3,2025-06-14 20:24:00+00:00,DEV_17,BEN_227,NORTH,2.0,494.65,0,0,0.037,1.0,2.0,0.0,0
TXN0153,USER_140,398.74,2025-03-20 21:39:00+00:00,DEV_34,BEN_042,NORTH,2.0,398.8,0,0,0.077,0.0,5.0,0.0,0
TXN0154,USER_143,762.07,2025-01-15 07:39:00+00:00,DEV_47,BEN_022,EAST,2.0,577.05,0,0,0.0,0.0,1.0,0.0,0
TXN0155,USER_160,554.66,2025-04-07 07:35:00+00:00,DEV_50,BEN_136,EAST,6.0,641.93,0,0,0.13,3.0,4.0,0.0,0
TXN0156,USER_153,379.99,2025-04-13 17:53:00+00:00,DEV_28,BEN_217,NORTH,5.0,915.19,0,0,0.022,2.0,3.0,0.0,0
TXN0157,USER_134,670.12,2025-03-14 06:11:00+00:00,DEV_09,BEN_018,NORTH,4.0,669.54,0,0,0.052,1.0,3.0,0.0,0
TXN0158,USER_108,624.89,2025-05-15 19:31:00+00:00,DEV_49,BEN_082,NORTH,2.0,797.41,0,0,0.067,0.0,3.0,0.0,0
TXN0159,USER_129,594.23,2025-04-08 22:23:00+00:00,DEV_56,BEN_188,SOUTH,5.0,575.11,0,0,0.082,3.0,1.0,0.0,0
TXN0160,USER_120,318.41,2025-02-09 19:31:00+00:00,DEV_22,BEN_017,NORTH,2.0,472.26,0,0,0.059,1.0,2.0,0.0,0
TXN0161,USER_116,402.98,2025-04-22 10:08:00+00:00,DEV_51,BEN_043,SOUTH,5.0,505.23,1,0,0.076,2.0,2.0,0.0,0
TXN0162,USER_157,807.07,2025-02-17 09:19:00+00:00,DEV_45,BEN_077,NORTH,4.0,541.22,0,0,0.076,3.0,4.0,0.0,0
TXN0163,USER_138,1005.61,2025-01-22 18:56:00+00:00,DEV_40,BEN_201,WEST,4.0,969.27,0,0,0.053,2.0,3.0,0.0,0
TXN0164,USER_163,503.73,2025-02-18 07:48:00+00:00,DEV_01,BEN_202,WEST,6.0,526.79,0,0,0.034,3.0,3.0,0.0,0
TXN0165,USER_111,1019.69,2025-06-13 15:25:00+00:00,DEV_25,BEN_177,SOUTH,5.0,775.77,0,0,0.145,2.0,3.0,0.0,0
TXN0166,USER_178,908.99,2025-04-14 14:06:00+00:00,DEV_30,BEN_166,WEST,2.0,514.56,0,0,0.0,1.0,3.0,0.0,0
TXN0167,USER_137,805.41,2025-02-27 19:38:00+00:00,DEV_66,BEN_007,EAST,6.0,789.74,0,0,0.068,3.0,1.0,0.0,0
TXN0168,USER_120,1002.37,2025-03-07 09:18:00+00:00,DEV_66,BEN_060,NORTH,4.0,707.74,0,0,0.052,2.0,5.0,0.0,0
TXN0169,USER_129,1338.08,2025-06-04 19:19:00+00:00,DEV_70,BEN_230,SOUTH,5.0,626.5,0,0,0.105,3.0,5.0,0.0,0
TXN0170,USER_167,831.75,2025-04-30 18:05:00+00:00,DEV_37,BEN_180,NORTH,1.0,643.89,0,0,0.0,0.0,2.0,0.0,0
TXN0171,USER_156,1119.35,2025-05-20 10:17:00+00:00,DEV_26,BEN_061,EAST,5.0,551.78,0,0,0.05,2.0,4.0,0.0,0
TXN0172,USER_113,1296.16,2025-04-20 12:12:00+00:00,DEV_40,BEN_177,WEST,4.0,716.91,0,0,0.074,2.0,2.0,0.0,0
TXN0173,USER_179,239.43,2025-06-28 07:02:00+00:00,DEV_63,BEN_181,EAST,1.0,581.75,0,0,0.144,0.0,1.0,0.0,0
TXN0174,USER_110,519.9,2025-04-29 14:35:00+00:00,DEV_50,BEN_185,NORTH,2.0,466.16,0,0,0.1,1.0,5.0,0.0,0
TXN0175,USER_122,745.58,2025-03-14 10:58:00+00:00,DEV_48,BEN_245,NORTH,6.0,458.31,0,0,0.009,3.0,2.0,0.0,0
TXN0176,USER_158,1469.89,2025-02-15 08:07:00+00:00,DEV_35,BEN_135,SOUTH,3.0,675.89,0,0,0.051,2.0,2.0,0.0,0
TXN0177,USER_142,1038.44,2025-01-09 16:03:00+00:00,DEV_56,BEN_015,NORTH,5.0,886.86,0,0,0.133,3.0,3.0,0.0,0
TXN0178,USER_135,321.02,2025-05-19 16:06:00+00:00,DEV_69,BEN_204,NORTH,3.0,674.0,0,0,0.008,0.0,3.0,0.0,0
TXN0179,USER_174,864.74,2025-06-17 07:32:00+00:00,DEV_53,BEN_004,SOUTH,3.0,632.2,0,0,0.075,0.0,2.0,0.0,0
TXN0180,USER_163,374.48,2025-04-30 09:49:00+00:00,DEV_32,BEN_160,EAST,4.0,692.87,0,0,0.079,3.0,5.0,0.0,0
TXN0181,USER_176,1461.62,2025-03-29 07:18:00+00:00,DEV_67,BEN_199,NORTH,2.0,845.9,0,0,0.057,1.0,2.0,0.0,0
TXN0182,USER_122,863.6,2025-01-24 18:07:00+00:00,DEV_75,BEN_032,WEST,4.0,682.91,0,0,0.242,3.0,3.0,0.0,0
TXN0183,USER_168,985.22,2025-04-26 12:05:00+00:00,DEV_63,BEN_199,SOUTH,6.0,588.36,0,0,0.055,3.0,4.0,0.0,0
TXN0184,USER_117,1592.55,2025-02-06 07:36:00+00:00,DEV_70,BEN_202,NORTH,3.0,815.94,0,0,0.107,1.0,5.0,0.0,0
TXN0185,USER_164,1067.9,2025-04-22 09:21:00+00:00,DEV_21,BEN_163,NORTH,6.0,714.31,0,0,0.034,3.0,3.0,0.0,0
TXN0186,USER_143,1288.53,2025-02-24 23:21:00+00:00,DEV_34,BEN_081,WEST,4.0,880.36,0,0,0.112,3.0,3.0,0.0,0
TXN0187,USER_147,1174.54,2025-06-05 10:14:00+00:00,DEV_20,BEN_051,EAST,3.0,677.49,0,0,0.132,0.0,5.0,0.0,0
TXN0188,USER_109,886.34,2025-06-18 18:53:00+00:00,DEV_29,BEN_176,WEST,1.0,466.33,0,0,0.045,0.0,3.0,0.0,0
TXN0189,USER_170,867.85,2025-02-12 14:22:00+00:00,DEV_58,BEN_040,WEST,1.0,444.78,0,0,0.077,0.0,2.0,0.0,0
TXN0190,USER_122,331.42,2025-02-28 09:42:00+00:00,DEV_54,BEN_169,WEST,4.0,897.64,0,0,0.026,2.0,1.0,0.0,0
TXN0191,USER_147,1232.69,2025-06-15 11:44:00+00:00,DEV_01,BEN_043,WEST,2.0,908.55,0,0,0.011,0.0,2.0,0.0,0
TXN0192,USER_113,442.95,2025-01-04 06:03:00+00:00,DEV_60,BEN_084,WEST,3.0,623.07,0,0,0.142,1.0,1.0,0.0,0
TXN0193,USER_174,1146.33,2025-04-03 19:14:00+00:00,DEV_16,BEN_127,WEST,2.0,592.52,0,0,0.047,1.0,2.0,0.0,0
TXN0194,USER_125,1331.6,2025-01-26 12:53:00+00:00,DEV_15,BEN_041,WEST,2.0,869.22,0,0,0.0,0.0,3.0,0.0,0
TXN0195,USER_161,531.57,2025-03-19 14:52:00+00:00,DEV_43,BEN_198,SOUTH,3.0,483.94,0,0,0.186,1.0,3.0,0.0,0
TXN0196,USER_161,339.08,2025-01-06 08:24:00+00:00,DEV_20,BEN_174,EAST,5.0,515.79,0,0,0.032,2.0,1.0,0.0,0
TXN0197,USER_144,704.8,2025-01-26 20:09:00+00:00,DEV_77,BEN_005,WEST,6.0,746.5,0,0,0.065,3.0,3.0,0.0,0
TXN0198,USER_109,967.26,2025-03-14 09:17:00+00:00,DEV_12,BEN_212,WEST,3.0,590.81,0,0,0.178,1.0,3.0,0.0,0
TXN0199,USER_122,446.86,2025-01-11 16:56:00+00:00,DEV_12,BEN_179,NORTH,5.0,649.23,0,0,0.071,2.0,1.0,0.0,0
TXN0200,USER_148,298.86,2025-05-24 21:40:00+00:00,DEV_61,BEN_209,NORTH,4.0,625.48,0,0,0.07,2.0,2.0,0.0,0
TXN0201,USER_142,1392.34,2025-04-15 18:04:00+00:00,DEV_23,BEN_150,NORTH,3.0,700.64,0,0,0.006,1.0,4.0,0.0,0
TXN0202,USER_146,1508.69,2025-03-23 16:43:00+00:00,DEV_57,BEN_156,EAST,5.0,861.12,0,0,0.0,2.0,1.0,0.0,0
TXN0203,USER_119,450.98,2025-03-27 21:08:00+00:00,DEV_54,BEN_096,SOUTH,5.0,663.59,0,0,0.07,3.0,2.0,0.0,0
TXN0204,USER_143,638.63,2025-06-01 09:18:00+00:00,DEV_15,BEN_057,EAST,2.0,746.59,0,0,0.102,0.0,3.0,0.0,0
TXN0205,USER_106,735.27,2025-06-02 23:28:00+00:00,DEV_46,BEN_059,NORTH,4.0,342.47,0,0,0.098,2.0,1.0,0.0,0
TXN0206,USER_138,1057.58,2025-01-09 16:21:00+00:00,DEV_43,BEN_079,NORTH,3.0,642.69,0,0,0.051,0.0,4.0,0.0,0
TXN0207,USER_107,764.33,2025-05-04 13:41:00+00:00,DEV_08,BEN_073,WEST,6.0,523.52,0,0,0.081,3.0,4.0,0.0,0
TXN0208,USER_153,413.22,2025-03-26 10:09:00+00:00,DEV_61,BEN_188,SOUTH,4.0,467.18,0,0,0.0,2.0,2.0,0.0,0
TXN0209,USER_145,450.04,2025-05-21 19:52:00+00:00,DEV_68,BEN_131,NORTH,1.0,518.28,0,0,0.108,0.0,2.0,0.0,0
TXN0210,USER_168,225.01,2025-05-22 23:35:00+00:00,DEV_75,BEN_103,NORTH,4.0,599.88,0,0,0.09,2.0,4.0,0.0,0
TXN0211,USER_136,1326.05,2025-05-08 18:18:00+00:00,DEV_07,BEN_181,SOUTH,3.0,787.39,0,0,0.198,1.0,2.0,0.0,0
TXN0212,USER_112,172.31,2025-05-02 06:57:00+00:00,DEV_15,BEN_183,SOUTH,3.0,451.04,0,0,0.08,0.0,1.0,0.0,0
TXN0213,USER_118,202.42,2025-02-08 14:28:00+00:00,DEV_66,BEN_233,WEST,6.0,654.59,0,1,0.023,3.0,1.0,0.0,0
TXN0214,USER_165,973.48,2025-06-03 19:24:00+00:00,DEV_25,BEN_078,NORTH,2.0,577.37,0,0,0.077,1.0,1.0,0.0,0
TXN0215,USER_176,1263.5,2025-05-07 13:01:00+00:00,DEV_50,BEN_061,EAST,3.0,600.85,0,0,0.06,0.0,5.0,0.0,0
TXN0216,USER_104,1390.6,2025-02-19 19:59:00+00:00,DEV_28,BEN_002,SOUTH,5.0,800.41,0,0,0.106,2.0,5.0,0.0,0
TXN0217,USER_154,874.02,2025-02-11 18:50:00+00:00,DEV_18,BEN_040,SOUTH,4.0,730.72,0,0,0.082,1.0,3.0,0.0,0
TXN0218,USER_138,1040.71,2025-04-01 07:10:00+00:00,DEV_50,BEN_151,SOUTH,4.0,850.61,0,0,0.004,2.0,5.0,0.0,0
TXN0219,USER_120,707.47,2025-03-03 16:56:00+00:00,DEV_17,BEN_202,SOUTH,1.0,626.82,0,0,0.0,0.0,4.0,0.0,0
TXN0220,USER_140,500.23,2025-05-02 09:47:00+00:00,DEV_11,BEN_150,EAST,5.0,545.61,0,0,0.096,3.0,3.0,0.0,0
TXN0221,USER_174,795.96,2025-03-15 14:25:00+00:00,DEV_42,BEN_247,EAST,4.0,616.42,0,0,0.163,1.0,4.0,0.0,0
TXN0222,USER_115,768.18,2025-01-31 12:55:00+00:00,DEV_16,BEN_157,NORTH,3.0,686.37,0,0,0.085,1.0,3.0,0.0,0
TXN0223,USER_166,971.78,2025-03-13 20:33:00+00:00,DEV_16,BEN_220,NORTH,6.0,676.49,0,0,0.129,3.0,5.0,0.0,0
TXN0224,USER_107,977.82,2025-05-27 21:41:00+00:00,DEV_62,BEN_067,NORTH,3.0,487.34,0,0,0.141,2.0,5.0,0.0,0
TXN0225,USER_157,1453.57,2025-05-30 14:10:00+00:00,DEV_42,BEN_081,WEST,3.0,663.57,0,0,0.096,0.0,5.0,0.0,0
TXN0226,USER_105,307.64,2025-02-26 15:06:00+00:00,DEV_43,BEN_202,SOUTH,3.0,684.23,1,0,0.031,2.0,3.0,0.0,0
TXN0227,USER_104,1059.37,2025-05-24 17:31:00+00:00,DEV_12,BEN_165,EAST,5.0,1027.62,0,0,0.092,2.0,3.0,0.0,0
TXN0228,USER_102,599.29,2025-01-17 17:19:00+00:00,DEV_13,BEN_122,SOUTH,4.0,931.53,0,0,0.152,1.0,1.0,0.0,0
TXN0229,USER_164,505.85,2025-06-27 17:58:00+00:00,DEV_31,BEN_238,SOUTH,3.0,522.01,0,0,0.112,0.0,4.0,0.0,0
TXN0230,USER_145,513.55,2025-05-18 20:05:00+00:00,DEV_31,BEN_190,NORTH,2.0,606.89,0,0,0.125,0.0,1.0,0.0,0
TXN0231,USER_155,271.9,2025-01-08 23:45:00+00:00,DEV_36,BEN_074,SOUTH,5.0,430.48,0,0,0.052,3.0,3.0,0.0,0
TXN0232,USER_112,983.42,2025-05-07 20:36:00+00:00,DEV_11,BEN_153,WEST,3.0,561.39,0,0,0.068,0.0,1.0,0.0,0
TXN0233,USER_173,866.76,2025-03-30 08:52:00+00:00,DEV_71,BEN_099,WEST,3.0,697.34,0,0,0.073,2.0,3.0,1.0,0
TXN0234,USER_164,1700.45,2025-06-09 14:59:00+00:00,DEV_29,BEN_104,SOUTH,4.0,830.88,0,0,0.077,3.0,4.0,0.0,0
TXN0235,USER_139,195.67,2025-02-13 14:52:00+00:00,DEV_65,BEN_201,EAST,2.0,540.64,0,0,0.15,1.0,2.0,0.0,0
TXN0236,USER_171,235.79,2025-06-10 15:22:00+00:00,DEV_32,BEN_170,SOUTH,1.0,551.88,0,0,0.0,0.0,4.0,0.0,0
TXN0237,USER_111,349.62,2025-06-06 15:41:00+00:00,DEV_38,BEN_004,WEST,4.0,327.91,0,0,0.082,2.0,2.0,0.0,0
TXN0238,USER_123,283.1,2025-02-20 18:09:00+00:00,DEV_09,BEN_144,EAST,4.0,625.6,0,0,0.075,2.0,2.0,0.0,0
TXN0239,USER_103,392.11,2025-03-19 13:29:00+00:00,DEV_54,BEN_162,WEST,2.0,490.64,0,0,0.0,0.0,1.0,0.0,0
TXN0240,USER_113,1240.14,2025-04-26 10:16:00+00:00,DEV_05,BEN_128,WEST,3.0,570.58,0,0,0.12,2.0,1.0,0.0,0
TXN0241,USER_167,361.39,2025-02-13 14:15:00+00:00,DEV_60,BEN_075,SOUTH,2.0,518.47,0,1,0.037,0.0,2.0,0.0,0
TXN0242,USER_132,430.11,2025-06-29 21:34:00+00:00,DEV_70,BEN_162,SOUTH,3.0,635.86,0,0,0.059,1.0,1.0,0.0,0
TXN0243,USER_151,536.98,2025-02-04 11:07:00+00:00,DEV_29,BEN_236,EAST,2.0,386.34,0,0,0.191,1.0,5.0,0.0,0
TXN0244,USER_170,535.79,2025-02-13 06:34:00+00:00,DEV_71,BEN_022,NORTH,6.0,429.94,0,0,0.141,3.0,4.0,0.0,0
TXN0245,USER_161,1359.89,2025-04-01 23:24:00+00:00,DEV_56,BEN_151,WEST,6.0,969.39,0,0,0.114,3.0,2.0,0.0,0
TXN0246,USER_131,464.1,2025-03-27 09:13:00+00:00,DEV_01,BEN_227,EAST,5.0,456.89,0,0,0.103,2.0,5.0,0.0,0
TXN0247,USER_127,908.26,2025-01-10 16:33:00+00:00,DEV_17,BEN_100,NORTH,3.0,485.48,1,0,0.07,2.0,2.0,0.0,0
TXN0248,USER_108,521.36,2025-06-13 20:45:00+00:00,DEV_51,BEN_084,SOUTH,2.0,925.54,0,0,0.2,0.0,3.0,0.0,0
TXN0249,USER_166,1209.48,2025-02-13 10:36:00+00:00,DEV_56,BEN_062,WEST,3.0,1085.76,0,0,0.128,0.0,4.0,0.0,0
TXN0250,USER_178,763.83,2025-01-19 12:05:00+00:00,DEV_08,BEN_056,SOUTH,5.0,474.27,0,0,0.035,3.0,4.0,0.0,0
TXN0251,USER_140,1159.58,2025-04-04 11:33:00+00:00,DEV_55,BEN_098,EAST,2.0,594.76,0,0,0.0,1.0,1.0,0.0,0
TXN0252,USER_139,702.77,2025-06-17 08:37:00+00:00,DEV_65,BEN_193,WEST,4.0,701.23,0,0,0.114,2.0,2.0,0.0,0
TXN0253,USER_167,1253.67,2025-01-01 08:41:00+00:00,DEV_08,BEN_046,SOUTH,3.0,909.3,0,0,0.077,2.0,2.0,0.0,0
TXN0254,USER_127,216.53,2025-03-29 09:25:00+00:00,DEV_70,BEN_058,WEST,3.0,501.97,0,0,0.0,1.0,3.0,0.0,0
TXN0255,USER_132,382.4,2025-06-13 14:05:00+00:00,DEV_43,BEN_249,SOUTH,4.0,613.21,0,0,0.106,2.0,5.0,0.0,0
TXN0256,USER_171,330.68,2025-06-10 15:07:00+00:00,DEV_49,BEN_248,EAST,5.0,766.6,0,0,0.064,2.0,3.0,0.0,0
TXN0257,USER_130,1203.69,2025-01-31 06:19:00+00:00,DEV_04,BEN_057,WEST,3.0,715.21,0,0,0.112,0.0,3.0,0.0,0
TXN0258,USER_174,502.95,2025-04-22 21:38:00+00:00,DEV_49,BEN_105,NORTH,4.0,593.58,0,0,0.107,2.0,1.0,0.0,0
TXN0259,USER_112,1055.2,2025-05-31 18:44:00+00:00,DEV_36,BEN_101,EAST,2.0,629.93,0,0,0.044,0.0,3.0,0.0,0
TXN0260,USER_139,189.11,2025-05-01 07:40:00+00:00,DEV_30,BEN_074,EAST,2.0,443.77,0,0,0.118,1.0,3.0,0.0,0
TXN0261,USER_139,1190.98,2025-04-29 21:18:00+00:00,DEV_62,BEN_039,EAST,6.0,614.27,0,0,0.05,3.0,4.0,0.0,0
TXN0262,USER_124,1151.46,2025-05-20 06:26:00+00:00,DEV_20,BEN_016,WEST,4.0,610.04,0,0,0.054,3.0,5.0,0.0,0
TXN0263,USER_177,321.16,2025-03-23 16:02:00+00:00,DEV_05,BEN_153,SOUTH,3.0,684.83,0,0,0.048,0.0,3.0,0.0,0
TXN0264,USER_138,195.59,2025-01-13 14:47:00+00:00,DEV_40,BEN_011,WEST,5.0,566.7,0,0,0.148,2.0,1.0,0.0,0
TXN0265,USER_170,293.3,2025-04-26 15:21:00+00:00,DEV_59,BEN_155,EAST,5.0,720.73,0,0,0.063,2.0,5.0,0.0,0
TXN0266,USER_117,1541.18,2025-04-23 23:30:00+00:00,DEV_11,BEN_024,NORTH,5.0,801.91,0,0,0.162,2.0,3.0,0.0,0
TXN0267,USER_127,502.25,2025-06-03 22:26:00+00:00,DEV_78,BEN_039,EAST,4.0,673.31,0,0,0.187,3.0,3.0,0.0,0
TXN0268,USER_138,942.91,2025-06-16 11:17:00+00:00,DEV_54,BEN_002,NORTH,3.0,702.76,0,0,0.036,0.0,5.0,0.0,0
TXN0269,USER_145,730.26,2025-03-02 16:10:00+00:00,DEV_74,BEN_100,WEST,4.0,657.97,0,0,0.0,2.0,3.0,0.0,0
TXN0270,USER_118,1177.5,2025-06-22 23:57:00+00:00,DEV_38,BEN_082,NORTH,3.0,650.01,0,0,0.143,1.0,4.0,0.0,0
TXN0271,USER_125,665.78,2025-01-02 19:07:00+00:00,DEV_10,BEN_083,SOUTH,3.0,541.77,0,0,0.059,0.0,5.0,0.0,0
TXN0272,USER_149,872.72,2025-06-24 21:56:00+00:00,DEV_15,BEN_078,WEST,3.0,697.47,0,0,0.028,1.0,3.0,0.0,0
TXN0273,USER_122,1384.73,2025-01-25 13:06:00+00:00,DEV_40,BEN_234,NORTH,2.0,635.41,0,0,0.045,0.0,5.0,0.0,0
TXN0274,USER_160,564.16,2025-04-27 11:05:00+00:00,DEV_47,BEN_108,SOUTH,3.0,963.98,0,0,0.055,2.0,1.0,0.0,0
TXN0275,USER_138,1664.21,2025-05-03 15:54:00+00:00,DEV_58,BEN_202,EAST,3.0,886.0,0,0,0.158,2.0,5.0,0.0,0
TXN0276,USER_177,281.96,2025-04-24 20:56:00+00:00,DEV_63,BEN_058,SOUTH,5.0,707.88,0,0,0.09,2.0,5.0,0.0,0
TXN0277,USER_119,646.68,2025-06-28 22:53:00+00:00,DEV_61,BEN_121,EAST,2.0,535.54,0,0,0.157,0.0,1.0,0.0,0
TXN0278,USER_167,958.56,2025-04-10 18:46:00+00:00,DEV_47,BEN_016,SOUTH,4.0,483.14,0,0,0.11,3.0,1.0,0.0,0
TXN0279,USER_139,1295.96,2025-01-24 18:29:00+00:00,DEV_02,BEN_065,SOUTH,3.0,828.67,0,0,0.061,0.0,1.0,0.0,0
TXN0280,USER_106,1104.38,2025-04-20 15:06:00+00:00,DEV_42,BEN_018,SOUTH,4.0,689.41,0,0,0.057,1.0,2.0,0.0,0
TXN0281,USER_156,577.84,2025-02-22 11:35:00+00:00,DEV_65,BEN_006,EAST,2.0,722.02,0,0,0.114,1.0,5.0,0.0,0
TXN0282,USER_116,425.32,2025-04-21 13:31:00+00:00,DEV_67,BEN_046,WEST,3.0,388.31,0,0,0.129,2.0,1.0,0.0,0
TXN0283,USER_111,786.36,2025-03-10 14:44:00+00:00,DEV_66,BEN_040,NORTH,2.0,789.12,0,0,0.14,1.0,1.0,0.0,0
TXN0284,USER_142,926.96,2025-01-08 20:02:00+00:00,DEV_01,BEN_079,SOUTH,4.0,718.16,0,0,0.064,3.0,3.0,0.0,0
TXN0285,USER_162,569.6,2025-04-25 15:04:00+00:00,DEV_35,BEN_186,NORTH,6.0,483.44,0,0,0.091,3.0,2.0,0.0,0
TXN0286,USER_120,533.57,2025-01-16 20:35:00+00:00,DEV_49,BEN_037,NORTH,4.0,579.27,0,0,0.115,3.0,4.0,0.0,0
TXN0287,USER_149,607.1,2025-03-01 06:51:00+00:00,DEV_20,BEN_153,WEST,3.0,689.56,0,0,0.057,0.0,4.0,0.0,0
TXN0288,USER_101,510.92,2025-04-22 19:55:00+00:00,DEV_33,BEN_091,EAST,5.0,657.87,0,0,0.012,3.0,5.0,0.0,0
TXN0289,USER_114,602.29,2025-06-08 15:34:00+00:00,DEV_08,BEN_101,WEST,1.0,606.17,0,0,0.032,0.0,3.0,0.0,0
TXN0290,USER_160,371.1,2025-02-26 23:22:00+00:00,DEV_16,BEN_230,EAST,6.0,634.48,0,0,0.066,3.0,3.0,0.0,0
TXN0291,USER_101,1198.08,2025-02-23 14:28:00+00:00,DEV_01,BEN_116,EAST,4.0,612.2,0,0,0.12,3.0,1.0,0.0,0
TXN0292,USER_128,971.66,2025-02-24 14:30:00+00:00,DEV_78,BEN_066,EAST,3.0,672.88,0,0,0.156,0.0,5.0,0.0,0
TXN0293,USER_140,482.55,2025-04-14 08:37:00+00:00,DEV_68,BEN_060,EAST,1.0,870.72,0,0,0.0,0.0,2.0,0.0,0
TXN0294,USER_105,428.86,2025-02-04 20:13:00+00:00,DEV_32,BEN_042,WEST,4.0,265.0,0,0,0.044,2.0,3.0,0.0,0
TXN0295,USER_178,1173.99,2025-04-05 18:23:00+00:00,DEV_01,BEN_200,SOUTH,1.0,614.47,0,0,0.059,0.0,5.0,0.0,0
TXN0296,USER_140,508.25,2025-05-25 21:32:00+00:00,DEV_27,BEN_166,NORTH,5.0,676.48,0,0,0.128,3.0,4.0,0.0,0
TXN0297,USER_127,407.02,2025-01-15 07:51:00+00:00,DEV_35,BEN_067,SOUTH,5.0,694.4,0,0,0.048,2.0,4.0,0.0,0
TXN0298,USER_178,187.99,2025-06-23 09:48:00+00:00,DEV_14,BEN_123,NORTH,5.0,594.21,0,0,0.054,2.0,1.0,0.0,0
TXN0299,USER_144,150.65,2025-04-06 21:45:00+00:00,DEV_53,BEN_126,NORTH,4.0,386.49,0,0,0.0,3.0,4.0,0.0,0
TXN0300,USER_154,1222.39,2025-04-23 06:12:00+00:00,DEV_79,BEN_012,NORTH,1.0,699.2,0,0,0.109,0.0,1.0,0.0,0
TXN0301,USER_107,1977.89,2025-04-22 15:24:00+00:00,DEV_67,BEN_227,NORTH,3.0,909.1,0,0,0.07,2.0,4.0,0.0,0
TXN0302,USER_112,161.78,2025-06-20 13:33:00+00:00,DEV_68,BEN_197,EAST,6.0,419.92,0,0,0.041,3.0,3.0,0.0,0
TXN0303,USER_103,1341.91,2025-04-30 22:58:00+00:00,DEV_66,BEN_134,EAST,2.0,779.57,0,0,0.064,0.0,3.0,0.0,0
TXN0304,USER_141,262.24,2025-06-09 21:21:00+00:00,DEV_06,BEN_179,WEST,3.0,600.72,0,0,0.148,0.0,4.0,0.0,0
TXN0305,USER_166,913.18,2025-02-21 22:55:00+00:00,DEV_44,BEN_028,SOUTH,2.0,640.8,0,0,0.02,0.0,4.0,0.0,0
TXN0306,USER_172,854.49,2025-02-09 11:44:00+00:00,DEV_45,BEN_244,SOUTH,3.0,492.07,0,1,0.03,1.0,2.0,0.0,0
TXN0307,USER_145,589.33,2025-04-26 16:38:00+00:00,DEV_08,BEN_160,SOUTH,1.0,599.83,0,0,0.155,0.0,2.0,0.0,0
TXN0308,USER_104,271.06,2025-01-28 18:42:00+00:00,DEV_12,BEN_234,WEST,1.0,845.01,0,0,0.085,0.0,3.0,0.0,0
TXN0309,USER_150,1055.11,2025-01-21 23:47:00+00:00,DEV_45,BEN_216,WEST,6.0,737.4,0,0,0.12,3.0,1.0,0.0,0
TXN0310,USER_151,1986.53,2025-02-08 06:41:00+00:00,DEV_57,BEN_146,EAST,2.0,909.85,0,0,0.104,1.0,2.0,0.0,0
TXN0311,USER_147,652.59,2025-02-18 23:40:00+00:00,DEV_17,BEN_072,EAST,3.0,826.61,0,0,0.078,1.0,1.0,0.0,0
TXN0312,USER_157,472.49,2025-01-18 12:22:00+00:00,DEV_39,BEN_171,WEST,3.0,715.86,0,0,0.059,1.0,3.0,0.0,0
TXN0313,USER_144,488.12,2025-05-12 08:25:00+00:00,DEV_06,BEN_128,NORTH,5.0,911.59,0,0,0.13,3.0,2.0,0.0,0
TXN0314,USER_156,969.97,2025-04-15 17:35:00+00:00,DEV_09,BEN_102,SOUTH,4.0,715.85,0,0,0.15,1.0,2.0,0.0,0
TXN0315,USER_138,1109.62,2025-02-06 20:50:00+00:00,DEV_46,BEN_178,NORTH,4.0,774.2,0,0,0.145,1.0,5.0,0.0,0
TXN0316,USER_112,1093.14,2025-02-20 08:39:00+00:00,DEV_45,BEN_222,NORTH,5.0,605.51,0,0,0.009,3.0,1.0,0.0,0
TXN0317,USER_106,1142.32,2025-06-17 06:59:00+00:00,DEV_60,BEN_043,SOUTH,3.0,659.98,0,0,0.158,0.0,1.0,0.0,0
TXN0318,USER_172,1088.5,2025-06-14 22:40:00+00:00,DEV_72,BEN_138,WEST,3.0,545.39,0,0,0.059,1.0,2.0,0.0,0
TXN0319,USER_135,1461.91,2025-01-23 22:24:00+00:00,DEV_16,BEN_194,SOUTH,3.0,798.44,0,0,0.035,2.0,1.0,0.0,0
TXN0320,USER_125,364.31,2025-04-21 08:34:00+00:00,DEV_27,BEN_082,WEST,4.0,473.25,0,0,0.07,2.0,5.0,0.0,0
TXN0321,USER_123,1040.66,2025-02-28 22:37:00+00:00,DEV_68,BEN_086,EAST,6.0,767.35,0,1,0.13,3.0,5.0,0.0,0
TXN0322,USER_104,537.56,2025-03-06 22:52:00+00:00,DEV_05,BEN_003,EAST,6.0,621.4,0,0,0.112,3.0,5.0,0.0,0
TXN0323,USER_175,765.08,2025-04-18 23:15:00+00:00,DEV_66,BEN_081,NORTH,3.0,825.69,0,0,0.065,1.0,4.0,0.0,0
TXN0324,USER_106,1579.17,2025-06-27 09:14:00+00:00,DEV_75,BEN_147,WEST,4.0,762.63,0,0,0.13,3.0,1.0,0.0,0
TXN0325,USER_117,1472.9,2025-04-15 16:12:00+00:00,DEV_08,BEN_242,NORTH,3.0,923.1,0,0,0.088,0.0,3.0,0.0,0
TXN0326,USER_136,1634.48,2025-06-21 23:03:00+00:00,DEV_12,BEN_131,SOUTH,1.0,759.62,0,0,0.046,0.0,1.0,0.0,0
TXN0327,USER_128,452.36,2025-05-28 22:40:00+00:00,DEV_55,BEN_073,WEST,6.0,414.19,0,0,0.038,3.0,2.0,0.0,0
TXN0328,USER_103,845.47,2025-05-21 16:57:00+00:00,DEV_38,BEN_203,EAST,3.0,639.96,0,0,0.105,0.0,3.0,0.0,0
TXN0329,USER_126,581.14,2025-05-23 09:36:00+00:00,DEV_79,BEN_047,SOUTH,4.0,474.2,0,0,0.075,1.0,4.0,0.0,0
TXN0330,USER_162,288.33,2025-05-23 07:03:00+00:00,DEV_44,BEN_047,SOUTH,3.0,572.26,0,0,0.0,2.0,2.0,0.0,0
TXN0331,USER_120,657.28,2025-02-15 10:21:00+00:00,DEV_52,BEN_130,SOUTH,3.0,876.68,0,0,0.131,1.0,2.0,0.0,0
TXN0332,USER_169,971.19,2025-06-25 07:54:00+00:00,DEV_19,BEN_204,SOUTH,4.0,745.63,0,0,0.051,3.0,5.0,0.0,0
TXN0333,USER_128,233.33,2025-06-15 09:03:00+00:00,DEV_26,BEN_053,NORTH,2.0,545.16,0,0,0.176,1.0,2.0,0.0,0
TXN0334,USER_101,1030.63,2025-04-19 07:36:00+00:00,DEV_15,BEN_004,NORTH,4.0,497.94,1,0,0.0,2.0,3.0,0.0,0
TXN0335,USER_108,350.58,2025-05-09 19:26:00+00:00,DEV_12,BEN_181,NORTH,3.0,654.92,0,0,0.069,0.0,2.0,0.0,0
TXN0336,USER_164,316.12,2025-06-08 16:55:00+00:00,DEV_09,BEN_147,NORTH,1.0,467.52,0,0,0.038,0.0,5.0,0.0,0
TXN0337,USER_132,963.58,2025-01-28 15:30:00+00:00,DEV_71,BEN_171,SOUTH,1.0,549.33,0,0,0.021,0.0,3.0,0.0,0
TXN0338,USER_178,337.37,2025-01-12 20:33:00+00:00,DEV_06,BEN_099,NORTH,5.0,696.8,0,0,0.051,2.0,1.0,0.0,0
TXN0339,USER_163,1655.26,2025-06-29 13:43:00+00:00,DEV_41,BEN_030,EAST,3.0,823.3,0,0,0.186,0.0,1.0,0.0,0
TXN0340,USER_102,1244.54,2025-04-10 13:49:00+00:00,DEV_41,BEN_083,EAST,5.0,741.31,0,0,0.089,2.0,5.0,0.0,0
TXN0341,USER_124,131.83,2025-05-10 09:30:00+00:00,DEV_05,BEN_117,NORTH,4.0,306.31,0,0,0.032,1.0,5.0,0.0,0
TXN0342,USER_157,1123.14,2025-04-01 14:43:00+00:00,DEV_67,BEN_108,WEST,5.0,695.66,0,0,0.0,2.0,4.0,0.0,0
TXN0343,USER_105,991.27,2025-04-04 09:48:00+00:00,DEV_40,BEN_222,EAST,6.0,660.81,0,0,0.0,3.0,1.0,0.0,0
TXN0344,USER_179,1238.29,2025-01-07 16:31:00+00:00,DEV_11,BEN_056,SOUTH,6.0,712.08,0,0,0.048,3.0,4.0,0.0,0
TXN0345,USER_113,1672.04,2025-02-22 23:42:00+00:00,DEV_11,BEN_078,NORTH,3.0,892.43,0,0,0.042,0.0,4.0,0.0,0
TXN0346,USER_163,566.91,2025-01-16 15:21:00+00:00,DEV_56,BEN_046,SOUTH,4.0,340.51,0,0,0.067,3.0,5.0,0.0,0
TXN0347,USER_167,793.58,2025-03-19 11:21:00+00:00,DEV_49,BEN_143,WEST,5.0,561.33,0,0,0.0,3.0,3.0,0.0,0
TXN0348,USER_140,674.14,2025-01-04 18:00:00+00:00,DEV_33,BEN_201,NORTH,4.0,738.64,0,0,0.074,2.0,3.0,0.0,0
TXN0349,USER_164,670.66,2025-05-25 20:40:00+00:00,DEV_33,BEN_220,NORTH,2.0,412.76,0,0,0.142,0.0,4.0,0.0,0
TXN0350,USER_170,1845.82,2025-02-22 14:15:00+00:00,DEV_03,BEN_057,SOUTH,5.0,871.39,0,1,0.177,2.0,1.0,0.0,0
TXN0351,USER_158,998.84,2025-05-14 10:48:00+00:00,DEV_03,BEN_108,WEST,3.0,705.25,0,0,0.0,2.0,4.0,0.0,0
TXN0352,USER_156,1213.85,2025-01-10 18:57:00+00:00,DEV_43,BEN_184,SOUTH,3.0,776.99,0,0,0.032,2.0,3.0,0.0,0
TXN0353,USER_131,638.03,2025-01-06 09:52:00+00:00,DEV_29,BEN_012,EAST,3.0,564.36,0,0,0.029,1.0,1.0,0.0,0
TXN0354,USER_123,1340.79,2025-03-18 23:16:00+00:00,DEV_20,BEN_178,EAST,5.0,772.06,0,0,0.089,2.0,5.0,0.0,0
TXN0355,USER_169,1779.0,2025-05-22 11:39:00+00:00,DEV_30,BEN_034,NORTH,5.0,810.27,0,0,0.007,2.0,2.0,0.0,0
TXN0356,USER_117,414.21,2025-05-27 12:45:00+00:00,DEV_48,BEN_009,WEST,2.0,684.93,0,0,0.181,1.0,5.0,0.0,0
TXN0357,USER_133,469.04,2025-04-09 19:30:00+00:00,DEV_24,BEN_029,NORTH,5.0,685.16,0,0,0.083,3.0,2.0,0.0,0
TXN0358,USER_141,914.93,2025-04-21 06:30:00+00:00,DEV_28,BEN_220,EAST,4.0,690.55,0,1,0.073,2.0,3.0,0.0,0
TXN0359,USER_131,632.2,2025-05-04 09:26:00+00:00,DEV_23,BEN_170,EAST,3.0,520.5,0,0,0.176,1.0,3.0,0.0,0
TXN0360,USER_129,870.22,2025-05-02 08:18:00+00:00,DEV_53,BEN_197,EAST,5.0,627.87,0,0,0.079,2.0,4.0,0.0,0
TXN0361,USER_147,246.61,2025-05-14 13:34:00+00:00,DEV_05,BEN_172,WEST,5.0,627.12,0,0,0.104,3.0,1.0,0.0,0
TXN0362,USER_126,755.71,2025-01-06 15:59:00+00:00,DEV_73,BEN_199,EAST,4.0,707.51,0,0,0.035,1.0,2.0,0.0,0
TXN0363,USER_179,1126.09,2025-03-19 09:13:00+00:00,DEV_44,BEN_124,EAST,5.0,799.97,0,0,0.0,2.0,1.0,0.0,0
TXN0364,USER_114,693.54,2025-06-01 12:02:00+00:00,DEV_20,BEN_202,NORTH,2.0,491.22,0,0,0.043,0.0,2.0,0.0,0
TXN0365,USER_131,977.76,2025-03-21 19:03:00+00:00,DEV_60,BEN_015,SOUTH,3.0,631.25,0,0,0.211,1.0,3.0,0.0,0
TXN0366,USER_167,1455.22,2025-01-27 22:34:00+00:00,DEV_75,BEN_146,SOUTH,4.0,872.22,0,0,0.118,2.0,3.0,0.0,0
TXN0367,USER_138,817.89,2025-04-30 06:16:00+00:00,DEV_05,BEN_189,SOUTH,6.0,538.46,0,0,0.096,3.0,5.0,0.0,0
TXN0368,USER_156,948.76,2025-02-24 17:27:00+00:00,DEV_17,BEN_248,NORTH,3.0,526.66,0,0,0.021,2.0,3.0,0.0,0
TXN0369,USER_151,1011.71,2025-04-03 06:57:00+00:00,DEV_12,BEN_090,NORTH,5.0,680.35,0,0,0.135,2.0,3.0,0.0,0
TXN0370,USER_126,1026.17,2025-04-04 15:04:00+00:00,DEV_06,BEN_045,SOUTH,3.0,776.66,1,0,0.0,1.0,1.0,0.0,0
TXN0371,USER_159,946.14,2025-05-06 21:10:00+00:00,DEV_59,BEN_180,EAST,3.0,651.71,0,0,0.0,2.0,1.0,0.0,0
TXN0372,USER_119,418.1,2025-06-17 20:12:00+00:00,DEV_16,BEN_019,WEST,4.0,849.34,0,0,0.046,1.0,4.0,0.0,0
TXN0373,USER_159,637.61,2025-05-05 10:27:00+00:00,DEV_31,BEN_194,WEST,1.0,778.52,0,0,0.197,0.0,4.0,0.0,0
TXN0374,USER_110,1010.75,2025-06-29 10:41:00+00:00,DEV_65,BEN_176,SOUTH,2.0,776.27,0,0,0.194,0.0,3.0,0.0,0
TXN0375,USER_155,1435.94,2025-01-04 20:10:00+00:00,DEV_49,BEN_173,WEST,5.0,733.12,0,0,0.053,2.0,3.0,0.0,0
TXN0376,USER_109,1588.84,2025-05-21 20:06:00+00:00,DEV_54,BEN_074,SOUTH,6.0,999.15,0,0,0.04,3.0,3.0,0.0,0
TXN0377,USER_169,292.14,2025-03-17 11:05:00+00:00,DEV_08,BEN_030,SOUTH,4.0,619.23,0,0,0.0,1.0,5.0,0.0,0
TXN0378,USER_150,498.11,2025-05-12 06:48:00+00:00,DEV_77,BEN_152,NORTH,4.0,349.47,0,0,0.085,3.0,1.0,0.0,0
TXN0379,USER_103,642.42,2025-01-16 14:01:00+00:00,DEV_07,BEN_091,EAST,6.0,890.64,0,0,0.09,3.0,3.0,0.0,0
TXN0380,USER_108,985.17,2025-04-05 17:37:00+00:00,DEV_57,BEN_098,SOUTH,4.0,581.35,0,0,0.127,2.0,2.0,0.0,0
TXN0381,USER_114,1247.18,2025-01-06 13:34:00+00:00,DEV_51,BEN_047,SOUTH,4.0,666.18,0,0,0.135,3.0,1.0,0.0,0
TXN0382,USER_176,1208.34,2025-04-30 22:06:00+00:00,DEV_33,BEN_084,WEST,4.0,846.43,0,0,0.068,1.0,4.0,0.0,0
TXN0383,USER_147,583.19,2025-02-08 20:33:00+00:00,DEV_67,BEN_208,EAST,2.0,409.66,0,0,0.113,1.0,4.0,0.0,0
TXN0384,USER_122,436.05,2025-01-26 20:17:00+00:00,DEV_71,BEN_223,SOUTH,3.0,462.25,0,1,0.038,2.0,5.0,0.0,0
TXN0385,USER_122,470.41,2025-01-15 06:30:00+00:00,DEV_06,BEN_087,EAST,3.0,409.81,0,0,0.112,2.0,1.0,0.0,0
TXN0386,USER_102,1030.87,2025-02-18 21:08:00+00:00,DEV_76,BEN_036,EAST,4.0,530.88,0,0,0.05,2.0,1.0,0.0,0
TXN0387,USER_116,1198.71,2025-06-22 19:40:00+00:00,DEV_20,BEN_009,EAST,4.0,715.95,0,0,0.108,1.0,3.0,0.0,0
TXN0388,USER_168,938.13,2025-06-27 13:47:00+00:00,DEV_63,BEN_048,NORTH,5.0,728.63,0,0,0.103,3.0,5.0,0.0,0
TXN0389,USER_147,691.19,2025-01-15 16:00:00+00:00,DEV_65,BEN_003,NORTH,3.0,691.44,0,0,0.084,0.0,5.0,0.0,0
TXN0390,USER_129,173.36,2025-06-26 20:31:00+00:00,DEV_44,BEN_167,NORTH,3.0,438.09,0,1,0.128,0.0,4.0,0.0,0
TXN0391,USER_101,173.51,2025-04-16 22:38:00+00:00,DEV_69,BEN_161,WEST,4.0,303.48,0,0,0.0,1.0,5.0,0.0,0
TXN0392,USER_127,438.82,2025-02-28 15:00:00+00:00,DEV_66,BEN_195,SOUTH,1.0,658.15,0,0,0.016,0.0,5.0,0.0,0
TXN0393,USER_130,584.7,2025-06-19 06:43:00+00:00,DEV_42,BEN_083,SOUTH,2.0,579.23,0,0,0.064,1.0,2.0,0.0,0
TXN0394,USER_109,1505.3,2025-02-13 17:32:00+00:00,DEV_15,BEN_208,WEST,3.0,718.91,0,0,0.0,2.0,3.0,0.0,0
TXN0395,USER_148,951.51,2025-02-02 18:18:00+00:00,DEV_35,BEN_043,WEST,3.0,755.29,0,0,0.056,1.0,4.0,0.0,0
TXN0396,USER_152,500.5,2025-02-11 07:28:00+00:00,DEV_72,BEN_058,NORTH,3.0,670.74,0,0,0.058,0.0,2.0,0.0,0
TXN0397,USER_179,382.72,2025-01-27 20:40:00+00:00,DEV_17,BEN_229,WEST,2.0,764.02,0,0,0.159,1.0,5.0,0.0,0
TXN0398,USER_128,645.22,2025-03-29 09:38:00+00:00,DEV_79,BEN_220,EAST,4.0,684.38,0,0,0.089,2.0,4.0,0.0,0
TXN0399,USER_122,1349.51,2025-01-26 22:46:00+00:00,DEV_15,BEN_150,EAST,4.0,729.51,0,0,0.142,3.0,3.0,0.0,0
TXN0400,USER_165,559.73,2025-02-10 15:02:00+00:00,DEV_53,BEN_152,NORTH,5.0,544.3,0,0,0.098,3.0,3.0,1.0,0
TXN0401,USER_128,1101.42,2025-03-08 11:47:00+00:00,DEV_51,BEN_175,EAST,5.0,623.06,1,0,0.048,2.0,4.0,0.0,0
TXN0402,USER_150,1240.21,2025-04-27 07:02:00+00:00,DEV_16,BEN_205,EAST,2.0,679.52,0,1,0.088,0.0,2.0,0.0,0
TXN0403,USER_159,394.7,2025-06-04 06:39:00+00:00,DEV_38,BEN_058,SOUTH,1.0,773.08,0,0,0.124,0.0,2.0,0.0,0
TXN0404,USER_170,860.67,2025-01-14 19:20:00+00:00,DEV_12,BEN_018,EAST,3.0,590.94,0,0,0.152,1.0,3.0,0.0,0
TXN0405,USER_125,1545.39,2025-04-24 12:03:00+00:00,DEV_29,BEN_047,NORTH,3.0,728.18,0,0,0.072,0.0,1.0,0.0,0
TXN0406,USER_149,649.21,2025-01-19 21:41:00+00:00,DEV_76,BEN_089,EAST,5.0,610.12,0,0,0.0,2.0,3.0,0.0,0
TXN0407,USER_110,250.92,2025-06-28 10:33:00+00:00,DEV_05,BEN_059,NORTH,3.0,632.37,0,0,0.0,1.0,3.0,0.0,0
TXN0408,USER_162,1590.89,2025-02-19 22:39:00+00:00,DEV_69,BEN_131,SOUTH,6.0,774.43,0,0,0.06,3.0,3.0,0.0,0
TXN0409,USER_103,694.7,2025-06-04 22:22:00+00:00,DEV_54,BEN_035,SOUTH,3.0,351.04,0,0,0.0,1.0,3.0,0.0,0
TXN0410,USER_155,588.57,2025-05-20 07:16:00+00:00,DEV_60,BEN_144,NORTH,4.0,455.53,0,0,0.188,1.0,5.0,0.0,0
TXN0411,USER_116,577.05,2025-02-28 17:37:00+00:00,DEV_23,BEN_177,WEST,5.0,427.67,0,0,0.116,2.0,2.0,0.0,0
TXN0412,USER_137,210.66,2025-02-28 22:12:00+00:00,DEV_75,BEN_025,WEST,3.0,299.96,0,0,0.042,0.0,3.0,0.0,0
TXN0413,USER_106,1018.1,2025-02-27 11:48:00+00:00,DEV_21,BEN_072,SOUTH,6.0,548.26,0,0,0.013,3.0,4.0,0.0,0
TXN0414,USER_155,950.99,2025-03-26 07:40:00+00:00,DEV_40,BEN_135,EAST,4.0,762.42,0,0,0.142,2.0,2.0,0.0,0
TXN0415,USER_138,221.27,2025-03-21 21:59:00+00:00,DEV_03,BEN_017,SOUTH,5.0,607.27,0,1,0.013,2.0,4.0,0.0,0
TXN0416,USER_153,1085.93,2025-04-29 14:01:00+00:00,DEV_71,BEN_166,NORTH,3.0,679.67,0,1,0.019,1.0,5.0,0.0,0
TXN0417,USER_127,1712.94,2025-03-25 06:35:00+00:00,DEV_56,BEN_188,WEST,5.0,813.38,0,0,0.034,3.0,2.0,0.0,0
TXN0418,USER_100,1592.49,2025-05-22 21:33:00+00:00,DEV_13,BEN_091,SOUTH,5.0,849.15,0,0,0.087,3.0,2.0,0.0,0
TXN0419,USER_146,528.77,2025-03-25 18:51:00+00:00,DEV_53,BEN_003,WEST,1.0,639.63,0,0,0.117,0.0,1.0,0.0,0
TXN0420,USER_155,342.34,2025-02-25 07:25:00+00:00,DEV_15,BEN_125,NORTH,5.0,853.04,0,1,0.152,2.0,1.0,0.0,0
TXN0421,USER_153,1385.17,2025-02-28 10:56:00+00:00,DEV_36,BEN_217,NORTH,5.0,663.82,0,0,0.143,3.0,2.0,0.0,0
TXN0422,USER_120,1090.95,2025-05-12 06:14:00+00:00,DEV_41,BEN_073,SOUTH,3.0,524.39,0,0,0.08,1.0,5.0,0.0,0
TXN0423,USER_157,735.59,2025-01-26 23:51:00+00:00,DEV_74,BEN_212,WEST,5.0,560.84,0,0,0.141,2.0,2.0,0.0,0
TXN0424,USER_143,650.61,2025-02-21 06:31:00+00:00,DEV_27,BEN_217,SOUTH,4.0,427.92,0,0,0.04,3.0,5.0,0.0,0
TXN0425,USER_116,609.25,2025-02-26 20:56:00+00:00,DEV_02,BEN_070,WEST,2.0,516.78,0,0,0.0,1.0,5.0,0.0,0
TXN0426,USER_108,654.47,2025-04-27 15:13:00+00:00,DEV_35,BEN_150,NORTH,5.0,596.3,0,0,0.04,2.0,4.0,0.0,0
TXN0427,USER_126,406.04,2025-01-24 16:15:00+00:00,DEV_74,BEN_011,WEST,4.0,770.54,0,0,0.032,2.0,5.0,0.0,0
TXN0428,USER_101,439.37,2025-03-23 20:33:00+00:00,DEV_64,BEN_138,SOUTH,2.0,908.12,0,0,0.042,0.0,3.0,0.0,0
TXN0429,USER_157,328.55,2025-05-02 22:33:00+00:00,DEV_05,BEN_219,SOUTH,2.0,442.67,0,0,0.022,0.0,5.0,0.0,0
TXN0430,USER_101,1339.6,2025-06-16 08:08:00+00:00,DEV_05,BEN_236,EAST,5.0,708.92,0,0,0.052,2.0,3.0,0.0,0
TXN0431,USER_103,285.03,2025-03-20 06:39:00+00:00,DEV_60,BEN_050,WEST,2.0,493.92,1,0,0.117,0.0,1.0,0.0,0
TXN0432,USER_112,527.0,2025-06-26 08:24:00+00:00,DEV_57,BEN_166,WEST,5.0,721.2,0,0,0.183,3.0,5.0,0.0,0
TXN0433,USER_126,846.14,2025-04-20 18:09:00+00:00,DEV_45,BEN_017,NORTH,3.0,630.34,0,0,0.0,2.0,5.0,0.0,0
TXN0434,USER_101,266.04,2025-05-20 16:30:00+00:00,DEV_07,BEN_070,EAST,4.0,375.36,0,0,0.003,2.0,5.0,0.0,0
TXN0435,USER_150,481.51,2025-02-13 07:41:00+00:00,DEV_23,BEN_208,SOUTH,3.0,789.24,0,0,0.033,1.0,3.0,0.0,0
TXN0436,USER_110,766.34,2025-06-14 10:01:00+00:00,DEV_67,BEN_160,EAST,4.0,559.25,0,0,0.126,1.0,1.0,0.0,0
TXN0437,USER_164,569.56,2025-02-16 15:55:00+00:00,DEV_12,BEN_098,SOUTH,4.0,569.91,0,0,0.068,1.0,3.0,0.0,0
TXN0438,USER_144,729.26,2025-01-25 19:36:00+00:00,DEV_16,BEN_240,WEST,5.0,489.54,0,0,0.037,2.0,5.0,0.0,0
TXN0439,USER_106,1122.03,2025-01-15 12:15:00+00:00,DEV_36,BEN_189,SOUTH,3.0,551.86,0,0,0.123,1.0,5.0,0.0,0
TXN0440,USER_132,419.15,2025-04-28 23:45:00+00:00,DEV_59,BEN_006,SOUTH,2.0,714.18,0,0,0.137,1.0,4.0,0.0,0
TXN0441,USER_111,1265.31,2025-04-24 23:50:00+00:00,DEV_66,BEN_020,SOUTH,1.0,621.61,0,0,0.079,0.0,4.0,0.0,0
TXN0442,USER_178,1408.9,2025-02-05 19:57:00+00:00,DEV_47,BEN_157,EAST,4.0,699.3,0,0,0.031,2.0,1.0,0.0,0
TXN0443,USER_147,1320.73,2025-06-08 14:47:00+00:00,DEV_39,BEN_219,WEST,5.0,704.29,0,0,0.096,2.0,4.0,0.0,0
TXN0444,USER_164,1271.68,2025-02-19 21:12:00+00:00,DEV_31,BEN_040,NORTH,5.0,848.1,0,0,0.066,2.0,1.0,0.0,0
TXN0445,USER_129,884.87,2025-04-20 19:09:00+00:00,DEV_04,BEN_135,EAST,4.0,598.58,0,0,0.066,1.0,4.0,0.0,0
TXN0446,USER_111,648.92,2025-04-05 15:12:00+00:00,DEV_22,BEN_204,NORTH,3.0,428.47,0,0,0.049,0.0,1.0,0.0,0
TXN0447,USER_118,1305.81,2025-04-17 13:52:00+00:00,DEV_17,BEN_215,EAST,2.0,810.08,0,0,0.135,1.0,3.0,0.0,0
TXN0448,USER_133,198.88,2025-05-14 20:18:00+00:00,DEV_05,BEN_160,EAST,2.0,600.28,0,0,0.095,1.0,5.0,0.0,0
TXN0449,USER_161,1732.75,2025-06-16 16:19:00+00:00,DEV_59,BEN_249,WEST,2.0,817.19,0,0,0.142,0.0,1.0,0.0,0
TXN0450,USER_134,999.46,2025-05-10 09:53:00+00:00,DEV_28,BEN_234,NORTH,4.0,707.51,0,0,0.16,3.0,3.0,0.0,0
TXN0451,USER_174,1125.0,2025-06-13 23:12:00+00:00,DEV_41,BEN_208,WEST,4.0,630.33,0,0,0.108,1.0,1.0,0.0,0
TXN0452,USER_128,714.14,2025-06-06 07:24:00+00:00,DEV_16,BEN_167,EAST,3.0,702.32,0,0,0.05,1.0,4.0,0.0,0
TXN0453,USER_118,305.0,2025-03-06 18:17:00+00:00,DEV_47,BEN_246,EAST,3.0,942.65,0,0,0.142,2.0,5.0,0.0,0
TXN0454,USER_139,1219.72,2025-04-11 17:18:00+00:00,DEV_11,BEN_005,EAST,4.0,961.55,0,0,0.108,3.0,1.0,0.0,0
TXN0455,USER_108,834.53,2025-02-05 16:35:00+00:00,DEV_54,BEN_023,EAST,3.0,660.41,0,0,0.236,1.0,3.0,0.0,0
TXN0456,USER_153,761.84,2025-06-16 06:44:00+00:00,DEV_59,BEN_128,NORTH,3.0,674.03,0,0,0.099,2.0,4.0,0.0,0
TXN0457,USER_108,767.18,2025-06-24 14:15:00+00:00,DEV_25,BEN_168,WEST,1.0,811.44,0,0,0.122,0.0,1.0,0.0,0
TXN0458,USER_151,405.27,2025-06-09 22:02:00+00:00,DEV_17,BEN_226,SOUTH,4.0,523.15,0,0,0.097,2.0,3.0,0.0,0
TXN0459,USER_130,911.58,2025-05-14 10:38:00+00:00,DEV_62,BEN_169,NORTH,3.0,699.96,0,0,0.074,0.0,1.0,0.0,0
TXN0460,USER_128,654.54,2025-06-02 18:32:00+00:00,DEV_18,BEN_058,EAST,2.0,646.12,0,0,0.064,0.0,5.0,0.0,0
TXN0461,USER_148,1493.77,2025-05-23 21:39:00+00:00,DEV_15,BEN_227,WEST,3.0,697.09,0,0,0.098,2.0,3.0,0.0,0
TXN0462,USER_156,329.99,2025-02-11 23:27:00+00:00,DEV_27,BEN_021,EAST,2.0,524.99,0,0,0.111,0.0,3.0,0.0,0
TXN0463,USER_174,373.44,2025-02-17 15:46:00+00:00,DEV_77,BEN_024,NORTH,3.0,411.56,0,0,0.149,0.0,5.0,0.0,0
TXN0464,USER_123,291.08,2025-04-06 11:37:00+00:00,DEV_37,BEN_180,WEST,2.0,339.05,0,0,0.099,0.0,4.0,0.0,0
TXN0465,USER_164,642.69,2025-03-17 18:45:00+00:00,DEV_21,BEN_240,WEST,5.0,482.39,0,0,0.052,3.0,2.0,0.0,0
TXN0466,USER_166,725.7,2025-05-13 14:43:00+00:00,DEV_41,BEN_126,SOUTH,5.0,581.2,0,0,0.06,2.0,4.0,0.0,0
TXN0467,USER_179,923.04,2025-05-13 17:29:00+00:00,DEV_28,BEN_034,EAST,2.0,606.02,0,0,0.001,1.0,2.0,0.0,0
TXN0468,USER_177,1979.93,2025-06-25 19:19:00+00:00,DEV_53,BEN_012,WEST,5.0,940.58,0,0,0.18,3.0,3.0,0.0,0
TXN0469,USER_163,686.92,2025-05-22 18:34:00+00:00,DEV_35,BEN_244,NORTH,3.0,815.9,0,0,0.048,1.0,5.0,0.0,0
TXN0470,USER_123,817.32,2025-01-03 10:38:00+00:00,DEV_47,BEN_070,SOUTH,6.0,505.69,0,0,0.138,3.0,5.0,0.0,0
TXN0471,USER_155,244.05,2025-03-03 19:34:00+00:00,DEV_35,BEN_160,SOUTH,4.0,702.16,0,0,0.097,1.0,5.0,0.0,0
TXN0472,USER_162,470.29,2025-02-28 15:31:00+00:00,DEV_39,BEN_082,NORTH,1.0,588.94,0,0,0.098,0.0,3.0,0.0,0
TXN0473,USER_123,717.32,2025-04-25 22:20:00+00:00,DEV_36,BEN_054,NORTH,2.0,607.35,0,0,0.073,0.0,5.0,0.0,0
TXN0474,USER_165,243.26,2025-03-03 17:08:00+00:00,DEV_32,BEN_167,EAST,4.0,677.8,0,0,0.033,1.0,5.0,0.0,0
TXN0475,USER_156,1094.68,2025-06-26 22:25:00+00:00,DEV_77,BEN_185,SOUTH,3.0,742.88,0,0,0.022,0.0,3.0,0.0,0
TXN0476,USER_139,951.86,2025-02-21 23:52:00+00:00,DEV_21,BEN_118,NORTH,3.0,599.11,0,1,0.184,0.0,1.0,0.0,0
TXN0477,USER_168,1391.49,2025-03-20 23:43:00+00:00,DEV_64,BEN_127,SOUTH,4.0,809.58,0,0,0.087,1.0,1.0,0.0,0
TXN0478,USER_107,613.46,2025-05-28 19:45:00+00:00,DEV_57,BEN_122,NORTH,4.0,478.71,0,0,0.148,3.0,4.0,0.0,0
TXN0479,USER_154,942.25,2025-03-08 16:44:00+00:00,DEV_42,BEN_148,EAST,2.0,650.95,0,0,0.163,0.0,5.0,0.0,0
TXN0480,USER_162,1094.26,2025-01-09 08:55:00+00:00,DEV_26,BEN_201,SOUTH,2.0,1039.65,0,0,0.055,0.0,5.0,0.0,0
TXN0481,USER_103,258.61,2025-03-01 12:13:00+00:00,DEV_39,BEN_178,EAST,4.0,683.46,0,0,0.105,3.0,2.0,0.0,0
TXN0482,USER_132,423.76,2025-03-06 14:43:00+00:00,DEV_68,BEN_070,WEST,3.0,864.98,0,0,0.083,0.0,5.0,0.0,0
TXN0483,USER_141,1025.12,2025-04-21 20:04:00+00:00,DEV_15,BEN_062,SOUTH,5.0,663.73,0,0,0.011,3.0,5.0,0.0,0
TXN0484,USER_116,1615.43,2025-05-09 16:14:00+00:00,DEV_47,BEN_168,WEST,4.0,737.12,0,0,0.069,2.0,3.0,0.0,0
TXN0485,USER_170,211.71,2025-04-09 13:01:00+00:00,DEV_61,BEN_161,NORTH,5.0,641.48,0,1,0.115,3.0,2.0,0.0,0
TXN0486,USER_150,848.87,2025-03-15 08:25:00+00:00,DEV_51,BEN_092,WEST,5.0,624.44,0,0,0.05,2.0,3.0,0.0,0
TXN0487,USER_122,920.58,2025-04-01 18:08:00+00:00,DEV_12,BEN_209,SOUTH,4.0,533.08,0,0,0.061,2.0,4.0,0.0,0
TXN0488,USER_134,1336.82,2025-01-26 13:23:00+00:00,DEV_41,BEN_105,SOUTH,1.0,714.55,0,0,0.07,0.0,5.0,0.0,0
TXN0489,USER_108,697.69,2025-02-02 06:08:00+00:00,DEV_15,BEN_084,WEST,4.0,522.27,0,0,0.207,2.0,1.0,0.0,0
TXN0490,USER_107,1108.14,2025-04-20 11:02:00+00:00,DEV_74,BEN_139,SOUTH,4.0,749.84,0,0,0.0,2.0,2.0,0.0,0
TXN0491,USER_159,1319.79,2025-06-05 21:28:00+00:00,DEV_28,BEN_048,EAST,5.0,812.79,0,0,0.11,3.0,1.0,0.0,0
TXN0492,USER_178,1362.05,2025-04-05 08:24:00+00:00,DEV_34,BEN_174,WEST,3.0,704.98,0,1,0.065,0.0,5.0,0.0,0
TXN0493,USER_122,323.17,2025-01-11 13:25:00+00:00,DEV_68,BEN_224,SOUTH,2.0,607.06,0,0,0.042,0.0,3.0,0.0,0
TXN0494,USER_119,1479.09,2025-06-26 15:20:00+00:00,DEV_34,BEN_236,SOUTH,1.0,718.09,0,1,0.063,0.0,2.0,0.0,0
TXN0495,USER_154,210.95,2025-02-28 07:24:00+00:00,DEV_16,BEN_112,SOUTH,6.0,603.7,0,1,0.12,3.0,2.0,0.0,0
TXN0496,USER_140,1492.76,2025-05-15 08:00:00+00:00,DEV_71,BEN_067,SOUTH,1.0,790.33,0,0,0.123,0.0,1.0,0.0,0
TXN0497,USER_111,167.31,2025-06-11 22:28:00+00:00,DEV_52,BEN_120,SOUTH,6.0,375.29,0,0,0.091,3.0,3.0,0.0,0
TXN0498,USER_153,401.65,2025-06-27 16:50:00+00:00,DEV_48,BEN_026,NORTH,2.0,599.66,0,0,0.146,1.0,4.0,0.0,0
TXN0499,USER_116,108.01,2025-01-21 09:08:00+00:00,DEV_06,BEN_167,WEST,3.0,351.38,0,0,0.156,1.0,2.0,0.0,0
TXN0500,USER_109,487.89,2025-02-03 09:08:00+00:00,DEV_36,BEN_107,EAST,6.0,425.74,0,0,0.129,3.0,3.0,0.0,0
TXN0501,USER_137,799.27,2025-04-27 13:46:00+00:00,DEV_37,BEN_031,WEST,3.0,854.58,0,0,0.047,2.0,4.0,0.0,0
TXN0502,USER_159,482.63,2025-05-18 19:30:00+00:00,DEV_21,BEN_137,EAST,3.0,784.28,0,0,0.11,2.0,2.0,0.0,0
TXN0503,USER_141,627.22,2025-05-31 19:15:00+00:00,DEV_45,BEN_179,SOUTH,5.0,542.08,0,0,0.11,3.0,4.0,0.0,0
TXN0504,USER_151,452.01,2025-04-10 09:47:00+00:00,DEV_20,BEN_057,SOUTH,4.0,424.62,0,0,0.031,3.0,2.0,1.0,0
TXN0505,USER_119,361.07,2025-01-29 19:19:00+00:00,DEV_38,BEN_101,WEST,3.0,205.32,0,0,0.0,2.0,3.0,0.0,0
TXN0506,USER_139,1135.22,2025-05-09 22:36:00+00:00,DEV_64,BEN_222,NORTH,4.0,568.48,0,0,0.0,1.0,5.0,0.0,0
TXN0507,USER_157,1559.99,2025-05-01 10:33:00+00:00,DEV_59,BEN_177,SOUTH,6.0,1013.06,0,0,0.084,3.0,5.0,0.0,0
TXN0508,USER_142,383.64,2025-03-26 06:10:00+00:00,DEV_23,BEN_199,EAST,5.0,715.23,0,0,0.098,2.0,3.0,0.0,0
TXN0509,USER_119,487.52,2025-04-25 23:45:00+00:00,DEV_17,BEN_112,EAST,6.0,566.06,0,0,0.009,3.0,2.0,0.0,0
TXN0510,USER_176,1464.94,2025-02-08 15:37:00+00:00,DEV_01,BEN_123,EAST,5.0,719.76,0,0,0.143,3.0,5.0,0.0,0
TXN0511,USER_105,194.87,2025-05-26 19:12:00+00:00,DEV_28,BEN_124,NORTH,4.0,415.86,0,0,0.089,2.0,3.0,0.0,0
TXN0512,USER_172,649.61,2025-01-09 11:45:00+00:00,DEV_02,BEN_113,NORTH,4.0,605.4,0,0,0.161,1.0,2.0,0.0,0
TXN0513,USER_157,1390.19,2025-06-01 11:37:00+00:00,DEV_11,BEN_036,EAST,5.0,664.92,0,0,0.102,3.0,3.0,0.0,0
TXN0514,USER_108,1341.87,2025-05-31 10:51:00+00:00,DEV_78,BEN_011,SOUTH,4.0,637.08,0,0,0.016,3.0,3.0,0.0,0
TXN0515,USER_120,831.1,2025-05-04 09:49:00+00:00,DEV_68,BEN_208,SOUTH,1.0,768.62,0,0,0.107,0.0,5.0,0.0,0
TXN0516,USER_129,1100.3,2025-05-27 14:19:00+00:00,DEV_45,BEN_134,WEST,4.0,701.7,0,0,0.12,2.0,2.0,0.0,0
TXN0517,USER_176,876.15,2025-06-14 07:56:00+00:00,DEV_62,BEN_133,EAST,5.0,750.25,0,0,0.047,2.0,1.0,0.0,0
TXN0518,USER_141,946.73,2025-01-30 21:02:00+00:00,DEV_39,BEN_149,EAST,4.0,546.74,0,0,0.0,2.0,3.0,0.0,0
TXN0519,USER_120,282.49,2025-04-09 15:20:00+00:00,DEV_48,BEN_103,NORTH,5.0,784.67,0,0,0.086,3.0,5.0,0.0,0
TXN0520,USER_173,513.26,2025-04-27 22:36:00+00:00,DEV_73,BEN_223,EAST,2.0,894.34,0,0,0.02,1.0,1.0,0.0,0
TXN0521,USER_109,740.06,2025-06-19 15:32:00+00:00,DEV_07,BEN_118,WEST,6.0,504.48,0,0,0.147,3.0,5.0,0.0,0
TXN0522,USER_165,383.42,2025-05-13 11:13:00+00:00,DEV_28,BEN_125,EAST,5.0,516.85,0,0,0.056,2.0,1.0,0.0,0
TXN0523,USER_166,1331.25,2025-04-17 15:11:00+00:00,DEV_10,BEN_133,WEST,1.0,850.37,0,0,0.183,0.0,3.0,0.0,0
TXN0524,USER_130,601.0,2025-04-11 08:46:00+00:00,DEV_63,BEN_040,WEST,4.0,621.3,0,0,0.0,2.0,3.0,0.0,0
TXN0525,USER_103,1707.92,2025-01-26 20:52:00+00:00,DEV_65,BEN_044,WEST,2.0,860.57,0,0,0.088,0.0,1.0,0.0,0
TXN0526,USER_170,1083.54,2025-02-27 18:40:00+00:00,DEV_58,BEN_045,SOUTH,4.0,583.62,0,0,0.166,3.0,4.0,0.0,0
TXN0527,USER_177,1073.51,2025-03-19 08:31:00+00:00,DEV_49,BEN_064,SOUTH,5.0,868.26,0,0,0.027,3.0,1.0,0.0,0
TXN0528,USER_130,1184.41,2025-06-08 16:46:00+00:00,DEV_38,BEN_040,SOUTH,4.0,669.72,0,0,0.07,3.0,3.0,0.0,0
TXN0529,USER_114,561.43,2025-06-05 15:14:00+00:00,DEV_02,BEN_056,WEST,4.0,688.73,0,0,0.056,2.0,3.0,0.0,0
TXN0530,USER_121,1096.24,2025-04-26 09:58:00+00:00,DEV_62,BEN_234,SOUTH,2.0,884.71,0,0,0.039,1.0,3.0,0.0,0
TXN0531,USER_110,402.25,2025-01-20 08:07:00+00:00,DEV_71,BEN_090,WEST,3.0,595.73,0,0,0.095,1.0,1.0,0.0,0
TXN0532,USER_148,984.94,2025-05-10 19:35:00+00:00,DEV_77,BEN_198,WEST,6.0,508.83,0,0,0.002,3.0,3.0,0.0,0
TXN0533,USER_141,1086.08,2025-03-24 10:20:00+00:00,DEV_28,BEN_098,EAST,1.0,582.72,0,0,0.073,0.0,4.0,0.0,0
TXN0534,USER_128,1445.81,2025-04-28 15:54:00+00:00,DEV_16,BEN_206,NORTH,4.0,717.85,0,0,0.111,3.0,3.0,0.0,0
TXN0535,USER_152,816.66,2025-03-19 10:14:00+00:00,DEV_52,BEN_188,EAST,4.0,415.14,0,0,0.067,1.0,4.0,0.0,0
TXN0536,USER_149,1583.13,2025-05-10 17:38:00+00:00,DEV_02,BEN_210,NORTH,5.0,745.62,0,0,0.02,2.0,4.0,0.0,0
TXN0537,USER_100,417.69,2025-02-09 06:09:00+00:00,DEV_05,BEN_072,EAST,5.0,569.18,0,0,0.142,2.0,1.0,0.0,0
TXN0538,USER_132,1702.28,2025-01-27 12:10:00+00:00,DEV_65,BEN_024,NORTH,1.0,822.17,0,0,0.124,0.0,5.0,0.0,0
TXN0539,USER_169,402.93,2025-02-09 15:24:00+00:00,DEV_76,BEN_077,NORTH,1.0,290.86,0,0,0.018,0.0,5.0,0.0,0
TXN0540,USER_163,586.67,2025-06-16 13:47:00+00:00,DEV_32,BEN_175,EAST,3.0,532.02,0,0,0.002,0.0,5.0,0.0,0
TXN0541,USER_168,541.83,2025-01-14 17:16:00+00:00,DEV_41,BEN_163,SOUTH,5.0,397.03,0,0,0.023,3.0,5.0,0.0,0
TXN0542,USER_176,500.26,2025-02-21 09:41:00+00:00,DEV_44,BEN_176,EAST,3.0,526.07,0,0,0.113,0.0,2.0,0.0,0
TXN0543,USER_104,582.88,2025-03-03 13:34:00+00:00,DEV_11,BEN_248,SOUTH,3.0,687.15,0,0,0.097,2.0,4.0,0.0,0
TXN0544,USER_121,472.63,2025-05-31 19:58:00+00:00,DEV_18,BEN_056,SOUTH,1.0,623.12,0,0,0.127,0.0,3.0,0.0,0
TXN0545,USER_136,279.44,2025-03-06 12:18:00+00:00,DEV_24,BEN_111,NORTH,4.0,611.99,0,0,0.06,3.0,5.0,0.0,0
TXN0546,USER_140,778.57,2025-06-10 08:14:00+00:00,DEV_67,BEN_123,SOUTH,4.0,626.12,0,0,0.025,3.0,5.0,0.0,0
TXN0547,USER_162,1352.0,2025-06-27 21:54:00+00:00,DEV_35,BEN_038,WEST,4.0,680.51,0,0,0.135,1.0,1.0,0.0,0
TXN0548,USER_157,746.73,2025-04-28 20:19:00+00:00,DEV_57,BEN_165,WEST,3.0,498.72,0,0,0.047,0.0,5.0,0.0,0
TXN0549,USER_156,975.16,2025-03-03 18:12:00+00:00,DEV_16,BEN_013,SOUTH,3.0,756.03,0,0,0.091,1.0,4.0,0.0,0
TXN0550,USER_112,835.08,2025-04-18 20:49:00+00:00,DEV_76,BEN_224,NORTH,3.0,749.4,0,0,0.0,2.0,3.0,0.0,0
TXN0551,USER_154,836.82,2025-05-01 20:48:00+00:00,DEV_70,BEN_023,WEST,3.0,707.76,0,0,0.046,2.0,3.0,0.0,0
TXN0552,USER_163,511.7,2025-01-20 19:03:00+00:00,DEV_38,BEN_028,EAST,3.0,733.48,0,0,0.141,2.0,3.0,0.0,0
TXN0553,USER_160,1294.19,2025-05-30 15:51:00+00:00,DEV_18,BEN_044,NORTH,5.0,694.46,0,0,0.037,2.0,4.0,0.0,0
TXN0554,USER_146,646.64,2025-03-20 06:37:00+00:00,DEV_78,BEN_223,NORTH,5.0,955.26,0,0,0.129,2.0,4.0,0.0,0
TXN0555,USER_107,1058.32,2025-06-02 16:16:00+00:00,DEV_64,BEN_215,NORTH,2.0,636.94,0,0,0.0,0.0,3.0,0.0,0
TXN0556,USER_111,1053.25,2025-04-21 10:32:00+00:00,DEV_41,BEN_230,WEST,3.0,603.94,0,0,0.046,0.0,5.0,0.0,0
TXN0557,USER_159,747.6,2025-06-04 19:14:00+00:00,DEV_22,BEN_208,WEST,6.0,536.97,0,0,0.07,3.0,2.0,0.0,0
TXN0558,USER_169,960.39,2025-01-15 14:10:00+00:00,DEV_50,BEN_230,SOUTH,5.0,495.16,0,0,0.185,2.0,3.0,0.0,0
TXN0559,USER_166,395.22,2025-01-08 22:07:00+00:00,DEV_30,BEN_118,NORTH,4.0,463.33,0,0,0.01,3.0,3.0,0.0,0
TXN0560,USER_134,1020.48,2025-01-21 16:09:00+00:00,DEV_54,BEN_002,EAST,5.0,516.68,0,0,0.12,2.0,1.0,0.0,0
TXN0561,USER_146,1077.95,2025-06-07 15:34:00+00:00,DEV_66,BEN_110,SOUTH,4.0,639.4,0,0,0.143,1.0,3.0,0.0,0
TXN0562,USER_114,1272.6,2025-06-28 22:48:00+00:00,DEV_39,BEN_056,NORTH,4.0,700.14,0,0,0.037,2.0,5.0,0.0,0
TXN0563,USER_147,1027.74,2025-06-29 14:29:00+00:00,DEV_04,BEN_061,SOUTH,4.0,657.67,0,0,0.058,2.0,4.0,0.0,0
TXN0564,USER_115,1021.13,2025-03-01 12:00:00+00:00,DEV_45,BEN_173,SOUTH,3.0,535.17,0,0,0.088,0.0,4.0,0.0,0
TXN0565,USER_163,1716.77,2025-02-17 12:25:00+00:00,DEV_68,BEN_042,NORTH,3.0,785.03,0,0,0.0,1.0,1.0,0.0,0
TXN0566,USER_162,835.72,2025-03-04 21:44:00+00:00,DEV_18,BEN_081,EAST,4.0,760.91,0,0,0.053,2.0,1.0,0.0,0
TXN0567,USER_104,1155.97,2025-05-28 19:50:00+00:00,DEV_76,BEN_098,SOUTH,3.0,626.05,1,0,0.157,0.0,3.0,0.0,0
TXN0568,USER_174,946.62,2025-02-15 08:43:00+00:00,DEV_29,BEN_016,EAST,3.0,552.06,0,0,0.111,0.0,2.0,0.0,0
TXN0569,USER_163,849.76,2025-04-09 14:22:00+00:00,DEV_55,BEN_175,EAST,1.0,732.26,0,0,0.071,0.0,1.0,0.0,0
TXN0570,USER_130,1397.9,2025-04-27 12:38:00+00:00,DEV_56,BEN_190,WEST,5.0,678.2,0,0,0.087,2.0,3.0,0.0,0
TXN0571,USER_136,454.16,2025-03-07 17:04:00+00:00,DEV_15,BEN_140,WEST,1.0,432.78,0,0,0.115,0.0,4.0,0.0,0
TXN0572,USER_106,879.34,2025-03-27 06:24:00+00:00,DEV_04,BEN_008,EAST,3.0,639.8,1,0,0.126,1.0,4.0,0.0,0
TXN0573,USER_174,345.54,2025-04-30 18:32:00+00:00,DEV_75,BEN_196,WEST,1.0,689.31,0,0,0.047,0.0,1.0,0.0,0
TXN0574,USER_108,375.45,2025-05-23 19:01:00+00:00,DEV_56,BEN_112,EAST,4.0,515.05,0,0,0.172,1.0,4.0,0.0,0
TXN0575,USER_173,1287.29,2025-02-04 10:00:00+00:00,DEV_50,BEN_067,NORTH,3.0,678.48,0,0,0.159,0.0,2.0,0.0,0
TXN0576,USER_152,454.86,2025-04-03 08:48:00+00:00,DEV_24,BEN_236,WEST,5.0,431.78,0,0,0.121,3.0,1.0,0.0,0
TXN0577,USER_173,891.89,2025-01-28 17:13:00+00:00,DEV_09,BEN_214,WEST,3.0,850.43,0,0,0.029,1.0,3.0,0.0,0
TXN0578,USER_129,642.43,2025-01-03 10:07:00+00:00,DEV_22,BEN_110,SOUTH,2.0,837.19,0,0,0.019,0.0,2.0,0.0,0
TXN0579,USER_171,755.4,2025-04-27 22:35:00+00:00,DEV_44,BEN_111,SOUTH,3.0,612.12,0,0,0.06,2.0,4.0,0.0,0
TXN0580,USER_134,1290.01,2025-03-28 19:16:00+00:00,DEV_55,BEN_228,WEST,5.0,704.52,0,0,0.084,3.0,4.0,0.0,0
TXN0581,USER_128,577.26,2025-02-16 23:58:00+00:00,DEV_26,BEN_048,SOUTH,6.0,288.51,0,0,0.0,3.0,4.0,0.0,0
TXN0582,USER_126,206.45,2025-01-10 15:56:00+00:00,DEV_17,BEN_102,SOUTH,4.0,476.55,0,0,0.11,3.0,1.0,0.0,0
TXN0583,USER_176,843.56,2025-06-20 22:49:00+00:00,DEV_20,BEN_143,EAST,3.0,605.93,0,1,0.157,1.0,2.0,0.0,0
TXN0584,USER_137,581.06,2025-05-29 06:18:00+00:00,DEV_76,BEN_087,SOUTH,2.0,489.18,0,0,0.115,1.0,3.0,0.0,0
TXN0585,USER_138,1110.86,2025-06-18 11:52:00+00:00,DEV_50,BEN_079,SOUTH,2.0,757.16,0,0,0.039,1.0,5.0,0.0,0
TXN0586,USER_151,1091.87,2025-01-21 06:15:00+00:00,DEV_79,BEN_027,WEST,4.0,949.59,0,0,0.032,1.0,3.0,0.0,0
TXN0587,USER_144,500.7,2025-01-03 18:14:00+00:00,DEV_01,BEN_067,NORTH,5.0,473.51,0,0,0.098,3.0,4.0,0.0,0
TXN0588,USER_143,627.46,2025-02-09 15:58:00+00:00,DEV_37,BEN_090,NORTH,2.0,524.38,0,0,0.071,0.0,2.0,0.0,0
TXN0589,USER_130,963.42,2025-01-19 11:40:00+00:00,DEV_37,BEN_209,SOUTH,5.0,685.32,0,0,0.107,3.0,2.0,0.0,0
TXN0590,USER_113,1116.25,2025-03-24 11:05:00+00:00,DEV_32,BEN_084,NORTH,6.0,891.67,0,0,0.116,3.0,4.0,0.0,0
TXN0591,USER_179,558.61,2025-04-27 17:53:00+00:00,DEV_31,BEN_041,SOUTH,4.0,466.64,0,0,0.146,3.0,5.0,0.0,0
TXN0592,USER_139,1274.28,2025-02-05 09:09:00+00:00,DEV_07,BEN_211,NORTH,4.0,687.36,0,0,0.012,2.0,1.0,0.0,0
TXN0593,USER_177,1584.88,2025-03-13 15:40:00+00:00,DEV_03,BEN_088,EAST,4.0,923.19,0,0,0.093,3.0,3.0,0.0,0
TXN0594,USER_136,381.57,2025-04-08 17:26:00+00:00,DEV_62,BEN_230,EAST,3.0,402.24,0,0,0.058,0.0,4.0,0.0,0
TXN0595,USER_147,833.77,2025-02-27 10:01:00+00:00,DEV_35,BEN_028,SOUTH,6.0,457.84,0,0,0.074,3.0,1.0,0.0,0
TXN0596,USER_143,1127.14,2025-03-24 10:47:00+00:00,DEV_13,BEN_006,EAST,5.0,586.46,0,0,0.132,2.0,4.0,0.0,0
TXN0597,USER_177,338.36,2025-04-17 12:41:00+00:00,DEV_28,BEN_230,NORTH,4.0,571.91,0,0,0.138,3.0,3.0,0.0,0
TXN0598,USER_108,1086.12,2025-06-21 16:53:00+00:00,DEV_74,BEN_025,NORTH,1.0,771.89,0,0,0.164,0.0,3.0,0.0,0
TXN0599,USER_141,577.89,2025-02-25 10:36:00+00:00,DEV_37,BEN_003,SOUTH,5.0,686.25,0,0,0.106,3.0,3.0,1.0,0
TXN0600,USER_112,654.08,2025-01-16 12:45:00+00:00,DEV_79,BEN_161,NORTH,4.0,383.76,0,1,0.073,2.0,5.0,0.0,0
TXN0601,USER_169,548.17,2025-06-06 15:54:00+00:00,DEV_13,BEN_079,WEST,3.0,727.31,0,0,0.065,0.0,1.0,0.0,0
TXN0602,USER_142,887.68,2025-04-14 09:58:00+00:00,DEV_10,BEN_121,SOUTH,5.0,563.37,0,0,0.0,2.0,2.0,0.0,0
TXN0603,USER_173,660.09,2025-03-26 16:33:00+00:00,DEV_45,BEN_102,SOUTH,2.0,841.17,0,0,0.16,0.0,2.0,0.0,0
TXN0604,USER_122,706.6,2025-05-10 08:01:00+00:00,DEV_54,BEN_074,SOUTH,1.0,555.86,0,0,0.061,0.0,5.0,0.0,0
TXN0605,USER_113,1165.81,2025-06-26 08:20:00+00:00,DEV_78,BEN_120,SOUTH,3.0,554.51,0,0,0.11,2.0,3.0,0.0,0
TXN0606,USER_150,749.07,2025-01-23 10:37:00+00:00,DEV_37,BEN_065,NORTH,5.0,731.17,0,0,0.121,3.0,1.0,0.0,0
TXN0607,USER_111,1501.28,2025-06-04 11:06:00+00:00,DEV_16,BEN_056,WEST,1.0,764.44,0,0,0.005,0.0,1.0,0.0,0
TXN0608,USER_129,1560.08,2025-04-25 06:06:00+00:00,DEV_43,BEN_056,NORTH,2.0,717.21,0,0,0.025,1.0,5.0,0.0,0
TXN0609,USER_125,779.31,2025-04-16 23:23:00+00:00,DEV_25,BEN_030,SOUTH,2.0,397.16,0,0,0.173,1.0,1.0,0.0,0
TXN0610,USER_117,449.49,2025-06-05 11:54:00+00:00,DEV_15,BEN_131,WEST,3.0,730.71,0,0,0.097,2.0,1.0,0.0,0
TXN0611,USER_110,919.12,2025-02-24 20:19:00+00:00,DEV_07,BEN_137,SOUTH,2.0,494.85,0,0,0.045,0.0,3.0,0.0,0
TXN0612,USER_152,247.45,2025-05-22 22:56:00+00:00,DEV_58,BEN_005,EAST,5.0,685.29,0,0,0.072,2.0,3.0,0.0,0
TXN0613,USER_160,457.07,2025-04-13 20:48:00+00:00,DEV_51,BEN_115,NORTH,4.0,436.44,0,0,0.145,1.0,2.0,0.0,0
TXN0614,USER_131,1401.2,2025-06-18 20:18:00+00:00,DEV_14,BEN_184,SOUTH,6.0,716.95,0,0,0.136,3.0,1.0,0.0,0
TXN0615,USER_122,850.98,2025-03-26 07:13:00+00:00,DEV_45,BEN_001,WEST,3.0,529.01,0,0,0.0,1.0,1.0,0.0,0
TXN0616,USER_112,600.47,2025-05-10 12:49:00+00:00,DEV_70,BEN_075,SOUTH,4.0,457.6,0,0,0.178,1.0,3.0,0.0,0
TXN0617,USER_154,785.04,2025-03-31 19:45:00+00:00,DEV_65,BEN_240,SOUTH,1.0,757.07,0,0,0.138,0.0,5.0,0.0,0
TXN0618,USER_164,1265.0,2025-03-12 16:37:00+00:00,DEV_36,BEN_107,NORTH,4.0,686.25,0,0,0.071,3.0,1.0,0.0,0
TXN0619,USER_143,919.51,2025-03-09 06:58:00+00:00,DEV_05,BEN_005,EAST,6.0,557.9,0,0,0.008,3.0,3.0,0.0,0
TXN0620,USER_134,1032.51,2025-06-15 16:06:00+00:00,DEV_51,BEN_132,SOUTH,4.0,867.68,0,0,0.143,1.0,1.0,0.0,0
TXN0621,USER_151,1165.31,2025-05-31 20:23:00+00:00,DEV_41,BEN_103,WEST,4.0,583.9,0,0,0.109,1.0,4.0,0.0,0
TXN0622,USER_173,482.53,2025-02-10 20:36:00+00:00,DEV_73,BEN_053,SOUTH,5.0,654.82,0,0,0.0,3.0,1.0,0.0,0
TXN0623,USER_179,430.59,2025-06-05 12:04:00+00:00,DEV_44,BEN_019,WEST,2.0,690.34,0,0,0.066,1.0,2.0,0.0,0
TXN0624,USER_115,847.46,2025-04-16 10:58:00+00:00,DEV_59,BEN_221,WEST,3.0,557.05,0,0,0.268,0.0,1.0,0.0,0
TXN0625,USER_138,1547.13,2025-01-19 11:34:00+00:00,DEV_42,BEN_203,WEST,1.0,720.67,0,0,0.081,0.0,4.0,0.0,0
TXN0626,USER_170,438.77,2025-05-18 11:18:00+00:00,DEV_43,BEN_170,EAST,3.0,569.98,0,0,0.035,2.0,4.0,0.0,0
TXN0627,USER_150,455.53,2025-01-30 12:14:00+00:00,DEV_26,BEN_005,EAST,3.0,588.25,0,0,0.019,0.0,1.0,0.0,0
TXN0628,USER_165,482.77,2025-06-07 11:00:00+00:00,DEV_32,BEN_217,SOUTH,1.0,854.4,0,0,0.186,0.0,3.0,0.0,0
TXN0629,USER_179,955.75,2025-03-23 14:35:00+00:00,DEV_24,BEN_118,NORTH,1.0,493.91,0,0,0.131,0.0,2.0,0.0,0
TXN0630,USER_108,210.35,2025-06-14 06:58:00+00:00,DEV_37,BEN_119,NORTH,6.0,288.08,0,0,0.164,3.0,1.0,0.0,0
TXN0631,USER_148,1119.94,2025-03-28 10:02:00+00:00,DEV_76,BEN_219,SOUTH,6.0,891.64,0,0,0.095,3.0,1.0,0.0,0
TXN0632,USER_142,2253.37,2025-01-16 11:24:00+00:00,DEV_27,BEN_108,EAST,6.0,1032.4,0,0,0.155,3.0,5.0,0.0,0
TXN0633,USER_122,190.35,2025-05-19 08:39:00+00:00,DEV_37,BEN_059,NORTH,2.0,589.21,0,1,0.029,1.0,4.0,0.0,0
TXN0634,USER_152,487.92,2025-05-11 21:25:00+00:00,DEV_75,BEN_060,WEST,2.0,359.47,0,0,0.09,1.0,4.0,0.0,0
TXN0635,USER_108,768.37,2025-02-24 18:39:00+00:00,DEV_12,BEN_231,WEST,4.0,603.43,1,0,0.097,1.0,2.0,0.0,0
TXN0636,USER_139,1113.45,2025-02-06 22:42:00+00:00,DEV_20,BEN_136,NORTH,3.0,607.07,1,0,0.163,2.0,2.0,0.0,0
TXN0637,USER_133,606.0,2025-06-05 16:57:00+00:00,DEV_39,BEN_145,NORTH,1.0,621.51,0,0,0.099,0.0,4.0,0.0,0
TXN0638,USER_131,521.46,2025-05-21 07:36:00+00:00,DEV_33,BEN_148,WEST,4.0,482.99,0,0,0.042,2.0,3.0,0.0,0
TXN0639,USER_149,456.22,2025-02-23 22:42:00+00:00,DEV_27,BEN_055,NORTH,2.0,736.93,0,1,0.084,0.0,1.0,0.0,0
TXN0640,USER_175,1244.25,2025-05-07 14:18:00+00:00,DEV_62,BEN_105,NORTH,4.0,728.68,0,0,0.0,1.0,3.0,0.0,0
TXN0641,USER_175,762.66,2025-02-13 18:09:00+00:00,DEV_40,BEN_237,NORTH,3.0,425.84,0,0,0.0,1.0,3.0,0.0,0
TXN0642,USER_156,422.48,2025-02-02 12:05:00+00:00,DEV_29,BEN_037,EAST,5.0,754.88,0,0,0.13,2.0,3.0,0.0,0
TXN0643,USER_126,1003.47,2025-04-30 14:06:00+00:00,DEV_38,BEN_237,NORTH,5.0,957.9,0,0,0.058,3.0,3.0,0.0,0
TXN0644,USER_177,1349.24,2025-05-30 14:49:00+00:00,DEV_71,BEN_069,NORTH,5.0,675.79,0,0,0.064,2.0,5.0,0.0,0
TXN0645,USER_179,182.9,2025-06-15 11:02:00+00:00,DEV_78,BEN_074,SOUTH,3.0,599.4,0,1,0.13,1.0,2.0,0.0,0
TXN0646,USER_167,545.49,2025-03-25 15:29:00+00:00,DEV_20,BEN_004,EAST,5.0,628.7,0,0,0.164,2.0,3.0,0.0,0
TXN0647,USER_169,1005.49,2025-01-26 19:36:00+00:00,DEV_04,BEN_166,WEST,5.0,742.29,0,0,0.112,2.0,5.0,0.0,0
TXN0648,USER_165,364.94,2025-04-08 06:40:00+00:00,DEV_03,BEN_080,NORTH,3.0,390.4,0,0,0.196,0.0,5.0,0.0,0
TXN0649,USER_160,551.12,2025-05-03 08:03:00+00:00,DEV_36,BEN_115,SOUTH,5.0,674.66,0,0,0.11,3.0,5.0,0.0,0
TXN0650,USER_158,694.38,2025-06-24 21:51:00+00:00,DEV_50,BEN_145,EAST,5.0,591.43,0,0,0.098,3.0,4.0,0.0,0
TXN0651,USER_151,597.93,2025-01-21 16:26:00+00:00,DEV_05,BEN_158,SOUTH,2.0,927.17,0,0,0.094,0.0,1.0,0.0,0
TXN0652,USER_151,814.96,2025-04-29 23:01:00+00:00,DEV_41,BEN_238,EAST,1.0,623.87,0,0,0.003,0.0,5.0,0.0,0
TXN0653,USER_131,1478.75,2025-04-03 16:07:00+00:00,DEV_32,BEN_139,NORTH,1.0,900.18,0,0,0.137,0.0,1.0,0.0,0
TXN0654,USER_170,674.85,2025-04-16 17:51:00+00:00,DEV_74,BEN_045,EAST,5.0,484.44,0,0,0.0,2.0,3.0,0.0,0
TXN0655,USER_150,352.0,2025-01-17 22:56:00+00:00,DEV_48,BEN_176,WEST,1.0,738.09,0,0,0.045,0.0,3.0,0.0,0
TXN0656,USER_149,1329.08,2025-01-04 17:45:00+00:00,DEV_34,BEN_014,EAST,2.0,697.91,0,0,0.081,0.0,4.0,0.0,0
TXN0657,USER_159,328.65,2025-04-20 11:20:00+00:00,DEV_47,BEN_211,EAST,4.0,519.64,0,0,0.033,2.0,4.0,0.0,0
TXN0658,USER_106,1186.19,2025-02-05 15:56:00+00:00,DEV_11,BEN_074,NORTH,2.0,676.61,0,0,0.053,0.0,4.0,0.0,0
TXN0659,USER_173,819.46,2025-04-21 10:16:00+00:00,DEV_38,BEN_180,WEST,3.0,831.88,0,0,0.19,0.0,2.0,0.0,0
TXN0660,USER_146,1074.91,2025-01-05 12:14:00+00:00,DEV_27,BEN_040,EAST,1.0,601.43,0,0,0.146,0.0,4.0,0.0,0
TXN0661,USER_175,274.14,2025-05-25 18:45:00+00:00,DEV_15,BEN_102,EAST,5.0,396.21,0,0,0.039,2.0,4.0,0.0,0
TXN0662,USER_108,423.8,2025-03-01 08:19:00+00:00,DEV_32,BEN_174,NORTH,4.0,647.37,0,0,0.052,1.0,1.0,0.0,0
TXN0663,USER_118,640.39,2025-03-23 18:31:00+00:00,DEV_51,BEN_155,EAST,4.0,514.64,0,0,0.003,1.0,4.0,0.0,0
TXN0664,USER_175,217.06,2025-03-04 16:39:00+00:00,DEV_47,BEN_002,EAST,5.0,598.65,0,0,0.122,2.0,1.0,0.0,0
TXN0665,USER_155,464.33,2025-03-17 11:09:00+00:00,DEV_77,BEN_009,EAST,2.0,637.76,0,0,0.065,0.0,3.0,0.0,0
TXN0666,USER_151,660.45,2025-04-06 06:55:00+00:00,DEV_22,BEN_245,NORTH,4.0,394.15,0,0,0.0,2.0,2.0,0.0,0
TXN0667,USER_132,770.88,2025-04-27 18:09:00+00:00,DEV_56,BEN_132,NORTH,4.0,407.65,0,0,0.086,1.0,2.0,0.0,0
TXN0668,USER_144,327.56,2025-05-05 20:59:00+00:00,DEV_44,BEN_214,SOUTH,5.0,722.31,0,0,0.106,2.0,2.0,0.0,0
TXN0669,USER_143,1129.44,2025-06-28 19:16:00+00:00,DEV_70,BEN_019,EAST,3.0,571.59,0,0,0.138,2.0,5.0,0.0,0
TXN0670,USER_115,481.57,2025-02-02 13:25:00+00:00,DEV_72,BEN_123,SOUTH,4.0,265.29,0,0,0.076,2.0,5.0,0.0,0
TXN0671,USER_145,1498.91,2025-06-06 17:15:00+00:00,DEV_56,BEN_144,EAST,2.0,767.73,0,0,0.058,0.0,4.0,0.0,0
TXN0672,USER_141,1124.03,2025-04-19 13:32:00+00:00,DEV_34,BEN_230,WEST,1.0,690.86,0,0,0.199,0.0,4.0,0.0,0
TXN0673,USER_125,858.3,2025-02-25 12:00:00+00:00,DEV_43,BEN_177,WEST,3.0,542.92,0,0,0.08,2.0,2.0,0.0,0
TXN0674,USER_127,587.17,2025-06-15 11:10:00+00:00,DEV_52,BEN_157,EAST,1.0,452.48,0,0,0.123,0.0,1.0,0.0,0
TXN0675,USER_161,1194.3,2025-05-08 09:31:00+00:00,DEV_64,BEN_074,EAST,4.0,775.37,0,0,0.048,1.0,3.0,0.0,0
TXN0676,USER_154,1437.33,2025-02-03 23:41:00+00:00,DEV_19,BEN_248,NORTH,4.0,702.4,0,0,0.121,2.0,3.0,0.0,0
TXN0677,USER_137,494.62,2025-02-01 17:57:00+00:00,DEV_69,BEN_082,NORTH,5.0,1007.39,0,0,0.0,3.0,2.0,0.0,0
TXN0678,USER_148,641.69,2025-04-29 09:50:00+00:00,DEV_64,BEN_070,EAST,3.0,713.03,0,0,0.052,2.0,2.0,0.0,0
TXN0679,USER_119,309.93,2025-05-12 21:55:00+00:00,DEV_07,BEN_181,WEST,5.0,708.16,0,0,0.008,3.0,1.0,0.0,0
TXN0680,USER_139,1309.37,2025-01-09 08:47:00+00:00,DEV_22,BEN_249,NORTH,5.0,624.96,0,0,0.044,2.0,5.0,0.0,0
TXN0681,USER_144,885.31,2025-04-24 16:46:00+00:00,DEV_19,BEN_214,EAST,4.0,772.52,0,0,0.155,1.0,2.0,0.0,0
TXN0682,USER_120,1177.49,2025-04-06 08:20:00+00:00,DEV_46,BEN_045,SOUTH,3.0,743.76,0,0,0.043,0.0,5.0,0.0,0
TXN0683,USER_113,1590.17,2025-06-24 12:54:00+00:00,DEV_17,BEN_204,NORTH,3.0,837.76,0,0,0.123,2.0,4.0,0.0,0
TXN0684,USER_142,1248.19,2025-05-14 17:57:00+00:00,DEV_24,BEN_089,SOUTH,5.0,571.8,0,0,0.171,3.0,1.0,0.0,0
TXN0685,USER_175,355.13,2025-06-13 23:30:00+00:00,DEV_15,BEN_056,SOUTH,3.0,584.69,0,0,0.078,1.0,1.0,0.0,0
TXN0686,USER_136,1051.67,2025-01-07 23:07:00+00:00,DEV_06,BEN_233,WEST,3.0,578.13,0,0,0.14,0.0,3.0,0.0,0
TXN0687,USER_172,1526.56,2025-05-18 22:02:00+00:00,DEV_37,BEN_237,WEST,3.0,768.62,0,0,0.112,0.0,1.0,0.0,0
TXN0688,USER_168,343.66,2025-03-02 10:29:00+00:00,DEV_26,BEN_093,WEST,5.0,874.76,0,0,0.087,2.0,5.0,0.0,0
TXN0689,USER_159,1007.04,2025-04-10 07:38:00+00:00,DEV_40,BEN_007,NORTH,3.0,581.17,0,0,0.125,2.0,5.0,0.0,0
TXN0690,USER_171,571.03,2025-06-08 22:33:00+00:00,DEV_17,BEN_053,WEST,2.0,586.28,0,0,0.19,0.0,4.0,0.0,0
TXN0691,USER_132,1068.21,2025-06-06 22:53:00+00:00,DEV_23,BEN_135,EAST,3.0,697.11,0,0,0.042,0.0,2.0,0.0,0
TXN0692,USER_160,782.79,2025-02-10 11:32:00+00:00,DEV_71,BEN_015,NORTH,3.0,613.14,0,0,0.022,2.0,5.0,0.0,0
TXN0693,USER_111,629.1,2025-02-13 06:39:00+00:00,DEV_64,BEN_057,EAST,3.0,792.81,0,1,0.019,1.0,4.0,0.0,0
TXN0694,USER_125,173.89,2025-05-11 17:45:00+00:00,DEV_22,BEN_038,NORTH,2.0,312.23,0,0,0.14,1.0,2.0,0.0,0
TXN0695,USER_145,274.67,2025-06-08 07:53:00+00:00,DEV_13,BEN_238,SOUTH,2.0,525.99,0,0,0.148,1.0,5.0,0.0,0
TXN0696,USER_103,264.36,2025-04-21 06:36:00+00:00,DEV_77,BEN_089,WEST,4.0,532.64,0,0,0.048,2.0,2.0,0.0,0
TXN0697,USER_161,456.48,2025-01-10 22:33:00+00:00,DEV_54,BEN_095,WEST,4.0,301.95,0,0,0.0,2.0,3.0,0.0,0
TXN0698,USER_174,489.12,2025-01-30 14:04:00+00:00,DEV_39,BEN_105,SOUTH,2.0,505.45,0,0,0.04,0.0,4.0,0.0,0
TXN0699,USER_108,364.86,2025-05-15 08:38:00+00:00,DEV_56,BEN_004,NORTH,1.0,512.73,0,0,0.113,0.0,5.0,0.0,0
TXN0700,USER_179,1000.77,2025-05-14 17:10:00+00:00,DEV_18,BEN_136,EAST,5.0,619.83,0,0,0.076,2.0,1.0,0.0,0
TXN0701,USER_107,1311.21,2025-06-11 12:22:00+00:00,DEV_34,BEN_228,NORTH,4.0,816.94,0,0,0.091,2.0,2.0,0.0,0
TXN0702,USER_110,812.19,2025-04-06 15:31:00+00:00,DEV_31,BEN_203,WEST,3.0,613.24,0,0,0.049,0.0,5.0,0.0,0
TXN0703,USER_160,1028.61,2025-03-18 22:04:00+00:00,DEV_57,BEN_063,SOUTH,3.0,495.38,0,0,0.141,0.0,3.0,0.0,0
TXN0704,USER_154,662.17,2025-01-21 10:41:00+00:00,DEV_15,BEN_004,NORTH,4.0,641.46,0,0,0.101,2.0,4.0,0.0,0
TXN0705,USER_174,1524.44,2025-05-21 17:16:00+00:00,DEV_39,BEN_193,NORTH,2.0,807.38,1,0,0.115,1.0,4.0,0.0,0
TXN0706,USER_134,222.98,2025-06-20 20:30:00+00:00,DEV_66,BEN_210,SOUTH,1.0,503.61,0,0,0.09,0.0,2.0,0.0,0
TXN0707,USER_145,875.72,2025-01-09 13:21:00+00:00,DEV_16,BEN_230,EAST,5.0,513.41,0,0,0.111,2.0,2.0,0.0,0
TXN0708,USER_111,1598.21,2025-03-30 23:21:00+00:00,DEV_10,BEN_144,WEST,1.0,733.78,0,0,0.108,0.0,3.0,0.0,0
TXN0709,USER_155,1177.13,2025-03-05 14:23:00+00:00,DEV_65,BEN_118,EAST,2.0,616.77,0,0,0.024,0.0,1.0,0.0,0
TXN0710,USER_179,1046.99,2025-05-15 14:03:00+00:00,DEV_70,BEN_189,EAST,4.0,747.12,0,0,0.102,2.0,4.0,0.0,0
TXN0711,USER_147,966.0,2025-05-18 21:11:00+00:00,DEV_35,BEN_172,SOUTH,3.0,647.95,0,0,0.127,0.0,1.0,0.0,0
TXN0712,USER_174,733.54,2025-02-09 17:47:00+00:00,DEV_04,BEN_189,WEST,3.0,755.25,0,0,0.149,0.0,5.0,0.0,0
TXN0713,USER_131,787.14,2025-06-21 21:07:00+00:00,DEV_43,BEN_071,WEST,5.0,494.74,0,0,0.105,3.0,4.0,0.0,0
TXN0714,USER_178,1143.24,2025-01-25 20:29:00+00:00,DEV_24,BEN_225,EAST,3.0,648.19,0,0,0.022,0.0,2.0,0.0,0
TXN0715,USER_142,1358.39,2025-05-21 18:08:00+00:00,DEV_47,BEN_010,WEST,4.0,618.4,0,0,0.031,2.0,1.0,0.0,0
TXN0716,USER_111,577.82,2025-05-14 10:32:00+00:00,DEV_12,BEN_024,SOUTH,5.0,467.62,0,0,0.054,3.0,4.0,0.0,0
TXN0717,USER_129,173.04,2025-01-30 13:38:00+00:00,DEV_64,BEN_164,SOUTH,6.0,415.48,0,0,0.091,3.0,3.0,0.0,0
TXN0718,USER_139,1078.2,2025-05-02 21:28:00+00:00,DEV_55,BEN_143,WEST,6.0,752.86,0,0,0.073,3.0,1.0,0.0,0
TXN0719,USER_105,314.3,2025-02-18 17:46:00+00:00,DEV_51,BEN_138,SOUTH,2.0,597.36,0,0,0.013,1.0,3.0,0.0,0
TXN0720,USER_171,379.97,2025-02-19 11:15:00+00:00,DEV_41,BEN_227,WEST,5.0,496.66,0,0,0.012,3.0,5.0,0.0,0
TXN0721,USER_119,587.7,2025-01-16 11:33:00+00:00,DEV_18,BEN_217,WEST,3.0,635.57,0,0,0.0,0.0,4.0,0.0,0
TXN0722,USER_154,1383.6,2025-05-15 19:16:00+00:00,DEV_75,BEN_180,WEST,2.0,819.2,0,0,0.0,1.0,4.0,0.0,0
TXN0723,USER_173,199.89,2025-05-26 09:30:00+00:00,DEV_21,BEN_042,SOUTH,2.0,307.89,0,0,0.072,0.0,3.0,0.0,0
TXN0724,USER_134,261.66,2025-04-01 08:03:00+00:00,DEV_29,BEN_025,SOUTH,3.0,425.5,0,0,0.219,2.0,1.0,0.0,0
TXN0725,USER_148,197.17,2025-05-20 19:16:00+00:00,DEV_74,BEN_035,SOUTH,6.0,511.57,0,1,0.188,3.0,5.0,0.0,0
TXN0726,USER_141,1702.85,2025-03-04 11:42:00+00:00,DEV_04,BEN_153,EAST,4.0,869.18,0,0,0.021,3.0,4.0,0.0,0
TXN0727,USER_161,1120.05,2025-04-12 19:46:00+00:00,DEV_10,BEN_178,EAST,5.0,692.39,0,0,0.089,3.0,3.0,0.0,0
TXN0728,USER_103,287.6,2025-05-22 15:16:00+00:00,DEV_61,BEN_200,SOUTH,1.0,765.1,0,0,0.0,0.0,4.0,0.0,0
TXN0729,USER_128,169.44,2025-03-19 23:15:00+00:00,DEV_30,BEN_026,NORTH,6.0,478.98,0,0,0.001,3.0,2.0,0.0,0
TXN0730,USER_148,656.33,2025-04-22 15:17:00+00:00,DEV_46,BEN_069,SOUTH,3.0,482.07,0,1,0.008,2.0,4.0,0.0,0
TXN0731,USER_107,600.14,2025-01-27 21:16:00+00:00,DEV_46,BEN_085,WEST,3.0,717.17,0,0,0.066,1.0,5.0,0.0,0
TXN0732,USER_168,944.49,2025-04-02 21:59:00+00:00,DEV_66,BEN_158,WEST,3.0,658.74,0,0,0.069,0.0,2.0,0.0,0
TXN0733,USER_150,824.4,2025-06-03 09:39:00+00:00,DEV_50,BEN_012,NORTH,2.0,732.31,0,0,0.095,0.0,1.0,0.0,0
TXN0734,USER_100,1277.46,2025-05-20 23:23:00+00:00,DEV_34,BEN_210,WEST,4.0,621.85,0,0,0.12,3.0,4.0,0.0,0
TXN0735,USER_100,585.78,2025-02-24 19:27:00+00:00,DEV_44,BEN_021,NORTH,4.0,691.72,0,0,0.06,1.0,5.0,0.0,0
TXN0736,USER_112,1071.46,2025-04-09 07:30:00+00:00,DEV_59,BEN_131,EAST,3.0,673.72,0,0,0.082,2.0,5.0,0.0,0
TXN0737,USER_153,308.74,2025-04-22 06:33:00+00:00,DEV_30,BEN_233,NORTH,5.0,766.67,0,0,0.014,3.0,5.0,0.0,0
TXN0738,USER_141,1631.65,2025-06-18 10:23:00+00:00,DEV_14,BEN_049,WEST,2.0,771.05,0,0,0.0,1.0,2.0,0.0,0
TXN0739,USER_138,880.56,2025-05-30 06:58:00+00:00,DEV_39,BEN_172,WEST,3.0,407.02,0,0,0.0,0.0,5.0,0.0,0
TXN0740,USER_144,533.27,2025-05-28 12:17:00+00:00,DEV_79,BEN_137,SOUTH,2.0,312.91,0,0,0.119,1.0,2.0,0.0,0
TXN0741,USER_139,947.43,2025-05-16 23:25:00+00:00,DEV_09,BEN_205,EAST,3.0,800.26,0,0,0.06,0.0,3.0,0.0,0
TXN0742,USER_127,594.61,2025-03-06 14:00:00+00:00,DEV_14,BEN_147,WEST,1.0,828.16,0,0,0.0,0.0,5.0,0.0,0
TXN0743,USER_100,916.19,2025-03-09 06:29:00+00:00,DEV_79,BEN_212,NORTH,6.0,496.91,0,0,0.076,3.0,5.0,0.0,0
TXN0744,USER_102,630.4,2025-03-25 14:51:00+00:00,DEV_66,BEN_101,EAST,2.0,371.02,0,0,0.005,1.0,4.0,1.0,0
TXN0745,USER_155,479.83,2025-03-18 09:59:00+00:00,DEV_10,BEN_041,SOUTH,3.0,664.86,0,0,0.18,2.0,3.0,0.0,0
TXN0746,USER_159,913.84,2025-06-22 21:28:00+00:00,DEV_17,BEN_170,EAST,3.0,789.63,0,0,0.045,2.0,3.0,0.0,0
TXN0747,USER_119,1084.55,2025-06-07 07:08:00+00:00,DEV_55,BEN_241,EAST,5.0,919.64,0,0,0.121,2.0,5.0,0.0,0
TXN0748,USER_119,1360.45,2025-06-11 19:43:00+00:00,DEV_62,BEN_108,EAST,5.0,727.44,0,0,0.145,2.0,5.0,0.0,0
TXN0749,USER_132,950.37,2025-04-20 14:38:00+00:00,DEV_58,BEN_205,EAST,2.0,594.24,0,0,0.023,0.0,2.0,0.0,0
TXN0750,USER_151,785.41,2025-02-04 06:57:00+00:00,DEV_69,BEN_219,EAST,4.0,516.03,0,0,0.085,2.0,1.0,0.0,0
TXN0751,USER_147,1000.17,2025-01-26 18:30:00+00:00,DEV_41,BEN_161,NORTH,4.0,651.72,0,0,0.113,3.0,5.0,0.0,0
TXN0752,USER_144,492.5,2025-02-19 14:00:00+00:00,DEV_70,BEN_198,WEST,1.0,605.11,0,0,0.087,0.0,5.0,0.0,0
TXN0753,USER_102,500.85,2025-04-28 19:54:00+00:00,DEV_48,BEN_141,NORTH,2.0,497.74,0,0,0.102,0.0,1.0,0.0,0
TXN0754,USER_134,370.25,2025-03-07 17:40:00+00:00,DEV_38,BEN_201,SOUTH,4.0,957.31,0,0,0.0,2.0,3.0,0.0,0
TXN0755,USER_160,1647.58,2025-04-28 20:48:00+00:00,DEV_51,BEN_084,EAST,6.0,917.78,0,0,0.113,3.0,3.0,0.0,0
TXN0756,USER_147,921.07,2025-06-08 14:07:00+00:00,DEV_34,BEN_131,WEST,2.0,820.41,0,0,0.051,1.0,1.0,0.0,0
TXN0757,USER_164,579.77,2025-03-02 06:27:00+00:00,DEV_48,BEN_020,EAST,4.0,511.87,0,0,0.101,3.0,4.0,0.0,0
TXN0758,USER_155,596.28,2025-06-16 08:27:00+00:00,DEV_66,BEN_049,NORTH,2.0,778.25,0,0,0.135,0.0,5.0,0.0,0
TXN0759,USER_171,520.6,2025-04-03 14:16:00+00:00,DEV_76,BEN_145,SOUTH,3.0,745.94,0,0,0.12,2.0,2.0,0.0,0
TXN0760,USER_145,1015.01,2025-05-25 13:50:00+00:00,DEV_46,BEN_181,NORTH,5.0,716.38,0,0,0.101,3.0,4.0,0.0,0
TXN0761,USER_145,621.26,2025-01-11 20:11:00+00:00,DEV_01,BEN_008,EAST,4.0,837.45,0,0,0.119,1.0,1.0,0.0,0
TXN0762,USER_144,314.52,2025-02-19 13:04:00+00:00,DEV_50,BEN_018,EAST,5.0,745.31,0,0,0.121,2.0,2.0,0.0,0
TXN0763,USER_121,1338.04,2025-06-17 21:14:00+00:00,DEV_20,BEN_002,EAST,2.0,761.0,0,0,0.17,0.0,3.0,0.0,0
TXN0764,USER_134,756.94,2025-06-09 09:59:00+00:00,DEV_19,BEN_129,WEST,5.0,745.54,0,0,0.078,2.0,5.0,0.0,0
TXN0765,USER_113,716.86,2025-04-13 12:06:00+00:00,DEV_70,BEN_084,EAST,3.0,701.12,0,0,0.09,2.0,5.0,0.0,0
TXN0766,USER_134,428.16,2025-01-06 19:34:00+00:00,DEV_36,BEN_014,WEST,6.0,382.46,0,0,0.136,3.0,5.0,0.0,0
TXN0767,USER_111,1224.77,2025-01-11 08:10:00+00:00,DEV_63,BEN_198,WEST,3.0,662.54,0,0,0.051,0.0,5.0,0.0,0
TXN0768,USER_139,515.35,2025-03-18 11:23:00+00:00,DEV_30,BEN_132,SOUTH,2.0,566.57,0,0,0.0,1.0,5.0,0.0,0
TXN0769,USER_176,797.08,2025-06-11 19:33:00+00:00,DEV_48,BEN_003,SOUTH,5.0,458.02,0,0,0.11,2.0,2.0,0.0,0
TXN0770,USER_136,1881.36,2025-03-09 16:01:00+00:00,DEV_53,BEN_171,NORTH,5.0,902.27,0,0,0.068,3.0,1.0,0.0,0
TXN0771,USER_159,1414.63,2025-06-09 20:14:00+00:00,DEV_71,BEN_227,SOUTH,3.0,909.35,0,0,0.008,0.0,5.0,0.0,0
TXN0772,USER_135,956.51,2025-04-07 15:35:00+00:00,DEV_16,BEN_105,EAST,3.0,853.88,0,0,0.11,2.0,1.0,0.0,0
TXN0773,USER_172,1184.4,2025-01-25 21:00:00+00:00,DEV_45,BEN_237,EAST,6.0,688.28,0,0,0.166,3.0,3.0,0.0,0
TXN0774,USER_116,997.54,2025-04-11 21:29:00+00:00,DEV_33,BEN_104,WEST,5.0,852.59,0,0,0.0,2.0,4.0,0.0,0
TXN0775,USER_166,708.78,2025-03-07 23:36:00+00:00,DEV_37,BEN_020,EAST,4.0,651.81,0,0,0.141,1.0,1.0,0.0,0
TXN0776,USER_157,883.21,2025-02-10 08:12:00+00:00,DEV_68,BEN_031,WEST,1.0,680.42,0,0,0.0,0.0,5.0,0.0,0
TXN0777,USER_171,439.17,2025-05-02 16:09:00+00:00,DEV_11,BEN_017,EAST,2.0,485.98,0,0,0.056,1.0,2.0,0.0,0
TXN0778,USER_110,353.41,2025-02-06 08:29:00+00:00,DEV_44,BEN_076,WEST,2.0,709.55,0,0,0.19,0.0,2.0,0.0,0
TXN0779,USER_171,717.2,2025-06-12 10:43:00+00:00,DEV_31,BEN_096,WEST,2.0,659.06,0,0,0.06,0.0,2.0,0.0,0
TXN0780,USER_172,243.36,2025-05-25 11:00:00+00:00,DEV_71,BEN_111,SOUTH,2.0,454.6,0,0,0.085,1.0,3.0,0.0,0
TXN0781,USER_123,693.6,2025-05-21 17:20:00+00:00,DEV_18,BEN_120,WEST,3.0,642.32,0,0,0.126,0.0,3.0,0.0,0
TXN0782,USER_149,866.57,2025-01-14 13:59:00+00:00,DEV_19,BEN_216,WEST,2.0,638.04,0,0,0.0,0.0,1.0,0.0,0
TXN0783,USER_146,1902.13,2025-06-22 21:20:00+00:00,DEV_08,BEN_003,SOUTH,4.0,919.63,0,0,0.084,2.0,1.0,0.0,0
TXN0784,USER_103,289.21,2025-03-30 11:19:00+00:00,DEV_35,BEN_224,NORTH,1.0,784.13,0,0,0.084,0.0,3.0,0.0,0
TXN0785,USER_142,965.04,2025-05-12 17:44:00+00:00,DEV_01,BEN_060,NORTH,3.0,651.72,1,0,0.192,0.0,2.0,0.0,0
TXN0786,USER_152,803.95,2025-02-04 19:28:00+00:00,DEV_40,BEN_238,WEST,4.0,687.32,0,0,0.006,2.0,4.0,0.0,0
TXN0787,USER_116,222.27,2025-05-19 23:23:00+00:00,DEV_18,BEN_034,SOUTH,4.0,656.63,0,0,0.057,3.0,5.0,0.0,0
TXN0788,USER_128,479.63,2025-02-27 10:47:00+00:00,DEV_32,BEN_025,EAST,5.0,619.56,0,0,0.024,2.0,1.0,0.0,0
TXN0789,USER_146,256.07,2025-05-08 19:01:00+00:00,DEV_48,BEN_031,SOUTH,1.0,487.64,0,0,0.018,0.0,1.0,0.0,0
TXN0790,USER_174,446.61,2025-02-19 07:42:00+00:00,DEV_55,BEN_074,SOUTH,2.0,627.34,0,0,0.148,0.0,4.0,0.0,0
TXN0791,USER_104,442.14,2025-06-17 15:22:00+00:00,DEV_05,BEN_235,SOUTH,4.0,538.09,0,0,0.082,2.0,1.0,0.0,0
TXN0792,USER_174,491.35,2025-05-08 13:53:00+00:00,DEV_12,BEN_116,EAST,3.0,462.45,0,0,0.047,2.0,4.0,0.0,0
TXN0793,USER_165,948.45,2025-03-23 23:43:00+00:00,DEV_26,BEN_042,NORTH,4.0,726.68,0,0,0.049,1.0,3.0,0.0,0
TXN0794,USER_167,213.94,2025-03-24 19:56:00+00:00,DEV_42,BEN_160,WEST,4.0,708.69,0,0,0.046,3.0,3.0,0.0,0
TXN0795,USER_103,232.08,2025-01-01 22:07:00+00:00,DEV_70,BEN_127,SOUTH,6.0,381.99,0,0,0.052,3.0,4.0,0.0,0
TXN0796,USER_145,301.76,2025-02-23 21:11:00+00:00,DEV_11,BEN_175,NORTH,5.0,631.6,0,0,0.004,2.0,5.0,0.0,0
TXN0797,USER_129,1074.64,2025-05-23 13:54:00+00:00,DEV_06,BEN_185,NORTH,3.0,799.36,0,0,0.064,2.0,1.0,0.0,0
TXN0798,USER_173,748.41,2025-05-30 19:23:00+00:00,DEV_50,BEN_196,NORTH,5.0,808.88,0,1,0.058,3.0,1.0,0.0,0
TXN0799,USER_159,1078.77,2025-06-29 06:48:00+00:00,DEV_78,BEN_038,SOUTH,1.0,803.88,0,0,0.035,0.0,4.0,0.0,0
TXN0800,USER_151,473.16,2025-01-16 16:41:00+00:00,DEV_66,BEN_124,EAST,4.0,655.84,0,0,0.089,2.0,1.0,0.0,0
TXN0801,USER_102,181.06,2025-02-15 06:29:00+00:00,DEV_45,BEN_158,WEST,5.0,523.24,0,0,0.094,3.0,3.0,0.0,0
TXN0802,USER_170,1018.08,2025-05-18 19:02:00+00:00,DEV_02,BEN_139,WEST,2.0,487.45,0,0,0.047,0.0,3.0,0.0,0
TXN0803,USER_139,354.9,2025-03-07 23:04:00+00:00,DEV_46,BEN_243,SOUTH,3.0,701.69,0,0,0.071,0.0,2.0,0.0,0
TXN0804,USER_112,382.45,2025-02-14 18:43:00+00:00,DEV_37,BEN_240,EAST,3.0,706.89,0,0,0.21,1.0,3.0,0.0,0
TXN0805,USER_169,487.68,2025-02-20 21:05:00+00:00,DEV_36,BEN_203,SOUTH,4.0,843.1,0,0,0.207,1.0,1.0,0.0,0
TXN0806,USER_172,1764.0,2025-06-15 10:00:00+00:00,DEV_39,BEN_060,NORTH,5.0,815.0,0,0,0.017,3.0,2.0,0.0,0
TXN0807,USER_139,928.58,2025-06-04 23:13:00+00:00,DEV_45,BEN_132,EAST,3.0,630.17,0,0,0.025,1.0,1.0,0.0,0
TXN0808,USER_152,676.31,2025-01-02 15:54:00+00:00,DEV_57,BEN_201,EAST,3.0,463.37,0,0,0.016,2.0,5.0,0.0,0
TXN0809,USER_148,1309.48,2025-06-01 18:37:00+00:00,DEV_16,BEN_067,WEST,4.0,602.13,0,0,0.143,3.0,5.0,0.0,0
TXN0810,USER_124,319.47,2025-04-11 19:43:00+00:00,DEV_06,BEN_178,NORTH,5.0,682.58,0,0,0.056,3.0,2.0,0.0,0
TXN0811,USER_159,1333.29,2025-06-02 17:39:00+00:00,DEV_05,BEN_063,EAST,4.0,619.69,0,0,0.094,2.0,1.0,0.0,0
TXN0812,USER_179,387.35,2025-04-23 11:33:00+00:00,DEV_33,BEN_035,SOUTH,5.0,563.32,0,0,0.2,3.0,2.0,0.0,0
TXN0813,USER_174,1020.78,2025-05-04 17:15:00+00:00,DEV_41,BEN_060,SOUTH,5.0,687.93,0,0,0.079,2.0,5.0,0.0,0
TXN0814,USER_154,630.79,2025-04-14 17:25:00+00:00,DEV_63,BEN_231,NORTH,1.0,574.41,0,0,0.122,0.0,5.0,0.0,0
TXN0815,USER_128,572.19,2025-05-13 21:32:00+00:00,DEV_35,BEN_248,NORTH,4.0,555.79,0,0,0.111,2.0,4.0,0.0,0
TXN0816,USER_172,1441.76,2025-05-27 14:59:00+00:00,DEV_43,BEN_213,SOUTH,4.0,696.72,0,0,0.045,1.0,5.0,0.0,0
TXN0817,USER_174,344.11,2025-04-02 15:53:00+00:00,DEV_78,BEN_068,NORTH,3.0,589.7,0,0,0.144,1.0,1.0,0.0,0
TXN0818,USER_100,1506.73,2025-01-21 15:44:00+00:00,DEV_60,BEN_195,SOUTH,3.0,686.62,0,0,0.029,2.0,3.0,0.0,0
TXN0819,USER_127,705.03,2025-01-17 08:48:00+00:00,DEV_55,BEN_055,EAST,3.0,690.98,0,0,0.16,1.0,4.0,0.0,0
TXN0820,USER_144,734.28,2025-03-16 07:48:00+00:00,DEV_29,BEN_032,NORTH,1.0,479.09,0,0,0.045,0.0,1.0,0.0,0
TXN0821,USER_146,1235.96,2025-03-27 06:40:00+00:00,DEV_13,BEN_065,WEST,4.0,577.81,0,0,0.051,3.0,3.0,0.0,0
TXN0822,USER_157,354.44,2025-06-05 17:49:00+00:00,DEV_73,BEN_035,SOUTH,5.0,865.67,0,0,0.015,2.0,2.0,0.0,0
TXN0823,USER_141,976.8,2025-01-06 13:04:00+00:00,DEV_44,BEN_160,WEST,4.0,475.69,0,0,0.025,2.0,1.0,0.0,0
TXN0824,USER_101,458.47,2025-06-09 21:01:00+00:00,DEV_07,BEN_171,EAST,6.0,332.5,0,0,0.054,3.0,2.0,0.0,0
TXN0825,USER_113,607.38,2025-01-10 18:26:00+00:00,DEV_39,BEN_009,WEST,5.0,370.72,0,1,0.0,2.0,5.0,0.0,0
TXN0826,USER_161,381.79,2025-03-31 08:03:00+00:00,DEV_08,BEN_027,SOUTH,3.0,654.37,0,0,0.066,2.0,3.0,0.0,0
TXN0827,USER_155,859.82,2025-03-18 07:20:00+00:00,DEV_78,BEN_120,NORTH,6.0,654.64,0,0,0.05,3.0,1.0,0.0,0
TXN0828,USER_152,998.92,2025-04-11 12:11:00+00:00,DEV_42,BEN_029,NORTH,4.0,632.36,1,0,0.127,1.0,4.0,0.0,0
TXN0829,USER_135,970.99,2025-01-08 22:57:00+00:00,DEV_63,BEN_207,NORTH,4.0,832.13,0,0,0.105,3.0,3.0,0.0,0
TXN0830,USER_121,148.07,2025-05-18 06:39:00+00:00,DEV_38,BEN_100,EAST,3.0,249.07,0,0,0.038,2.0,2.0,0.0,0
TXN0831,USER_124,541.85,2025-01-25 09:02:00+00:00,DEV_02,BEN_103,EAST,3.0,709.39,0,0,0.052,0.0,2.0,0.0,0
TXN0832,USER_155,1700.65,2025-05-21 06:37:00+00:00,DEV_51,BEN_002,WEST,3.0,884.22,0,0,0.066,0.0,3.0,0.0,0
TXN0833,USER_140,175.74,2025-04-13 13:43:00+00:00,DEV_52,BEN_175,WEST,4.0,480.83,0,0,0.169,3.0,5.0,0.0,0
TXN0834,USER_110,976.62,2025-06-09 23:19:00+00:00,DEV_19,BEN_180,WEST,5.0,593.03,0,0,0.031,3.0,4.0,0.0,0
TXN0835,USER_131,1180.92,2025-06-26 18:52:00+00:00,DEV_57,BEN_189,SOUTH,6.0,537.07,0,0,0.037,3.0,3.0,1.0,0
TXN0836,USER_165,162.09,2025-06-01 14:58:00+00:00,DEV_18,BEN_135,SOUTH,3.0,515.85,0,0,0.012,0.0,2.0,0.0,0
TXN0837,USER_147,364.23,2025-03-23 08:58:00+00:00,DEV_55,BEN_068,WEST,6.0,601.06,0,0,0.0,3.0,1.0,0.0,0
TXN0838,USER_169,1366.07,2025-03-16 12:05:00+00:00,DEV_60,BEN_020,EAST,5.0,864.12,0,0,0.098,3.0,1.0,0.0,0
TXN0839,USER_140,383.19,2025-04-30 15:26:00+00:00,DEV_11,BEN_079,SOUTH,4.0,925.61,0,0,0.092,3.0,1.0,0.0,0
TXN0840,USER_138,851.81,2025-04-27 10:46:00+00:00,DEV_24,BEN_136,WEST,3.0,599.61,0,0,0.157,1.0,5.0,0.0,0
TXN0841,USER_175,1496.84,2025-05-23 18:26:00+00:00,DEV_13,BEN_030,NORTH,5.0,935.76,0,0,0.142,2.0,3.0,0.0,0
TXN0842,USER_140,928.93,2025-03-28 23:28:00+00:00,DEV_58,BEN_014,EAST,4.0,655.34,0,0,0.224,1.0,1.0,0.0,0
TXN0843,USER_110,907.44,2025-03-25 09:19:00+00:00,DEV_19,BEN_055,WEST,2.0,913.05,0,1,0.076,0.0,5.0,0.0,0
TXN0844,USER_132,1033.4,2025-01-22 10:25:00+00:00,DEV_51,BEN_018,EAST,3.0,636.01,0,0,0.064,2.0,1.0,0.0,0
TXN0845,USER_151,957.05,2025-01-31 08:41:00+00:00,DEV_33,BEN_004,EAST,2.0,669.66,0,0,0.002,0.0,4.0,0.0,0
TXN0846,USER_127,489.51,2025-05-28 19:01:00+00:00,DEV_07,BEN_121,NORTH,1.0,704.82,0,0,0.122,0.0,1.0,0.0,0
TXN0847,USER_132,1543.71,2025-06-28 14:47:00+00:00,DEV_70,BEN_186,EAST,2.0,1126.83,0,0,0.087,0.0,3.0,0.0,0
TXN0848,USER_169,1536.43,2025-04-19 11:43:00+00:00,DEV_57,BEN_125,SOUTH,3.0,777.69,0,0,0.119,1.0,3.0,0.0,0
TXN0849,USER_134,852.3,2025-03-03 09:08:00+00:00,DEV_21,BEN_023,WEST,2.0,543.91,0,0,0.012,0.0,5.0,0.0,0
TXN0850,USER_124,951.56,2025-01-11 07:46:00+00:00,DEV_70,BEN_085,SOUTH,5.0,795.35,0,0,0.101,3.0,4.0,0.0,0
TXN0851,USER_108,542.71,2025-01-08 14:31:00+00:00,DEV_56,BEN_009,SOUTH,5.0,595.73,0,0,0.092,3.0,3.0,0.0,0
TXN0852,USER_132,267.04,2025-05-02 18:19:00+00:00,DEV_65,BEN_155,SOUTH,4.0,576.54,0,0,0.088,3.0,3.0,0.0,0
TXN0853,USER_161,601.35,2025-04-26 10:27:00+00:00,DEV_15,BEN_059,EAST,4.0,786.29,0,0,0.039,1.0,4.0,0.0,0
TXN0854,USER_123,210.31,2025-02-20 06:31:00+00:00,DEV_01,BEN_097,WEST,2.0,654.66,0,0,0.151,0.0,3.0,0.0,0
TXN0855,USER_137,1504.35,2025-02-03 14:12:00+00:00,DEV_05,BEN_225,SOUTH,4.0,691.79,0,0,0.203,2.0,4.0,0.0,0
TXN0856,USER_152,471.28,2025-01-13 18:36:00+00:00,DEV_43,BEN_147,NORTH,4.0,652.1,0,0,0.013,2.0,3.0,0.0,0
TXN0857,USER_174,1294.69,2025-05-03 12:37:00+00:00,DEV_63,BEN_191,WEST,1.0,700.49,0,0,0.123,0.0,5.0,0.0,0
TXN0858,USER_165,442.83,2025-04-20 10:22:00+00:00,DEV_73,BEN_088,EAST,5.0,713.74,0,0,0.0,3.0,1.0,0.0,0
TXN0859,USER_122,301.53,2025-03-01 08:27:00+00:00,DEV_76,BEN_232,SOUTH,3.0,359.45,0,0,0.12,1.0,4.0,0.0,0
TXN0860,USER_113,821.03,2025-05-12 19:36:00+00:00,DEV_48,BEN_179,WEST,6.0,749.99,0,0,0.0,3.0,5.0,0.0,0
TXN0861,USER_153,460.66,2025-06-02 21:30:00+00:00,DEV_50,BEN_129,SOUTH,2.0,502.7,0,0,0.049,0.0,4.0,0.0,0
TXN0862,USER_120,787.89,2025-04-04 19:26:00+00:00,DEV_23,BEN_145,EAST,3.0,433.66,0,1,0.001,1.0,5.0,0.0,0
TXN0863,USER_131,1359.18,2025-02-17 15:57:00+00:00,DEV_01,BEN_156,WEST,2.0,641.24,0,0,0.067,1.0,3.0,0.0,0
TXN0864,USER_108,1300.72,2025-01-02 19:52:00+00:00,DEV_16,BEN_040,NORTH,2.0,662.6,0,0,0.13,0.0,3.0,0.0,0
TXN0865,USER_161,323.11,2025-05-24 13:22:00+00:00,DEV_05,BEN_063,WEST,5.0,545.97,0,0,0.0,2.0,1.0,0.0,0
TXN0866,USER_112,1375.56,2025-04-14 06:43:00+00:00,DEV_55,BEN_171,WEST,5.0,774.65,0,0,0.058,3.0,2.0,0.0,0
TXN0867,USER_130,260.72,2025-03-04 12:48:00+00:00,DEV_40,BEN_110,SOUTH,4.0,448.67,0,0,0.049,2.0,1.0,0.0,0
TXN0868,USER_132,1198.78,2025-01-02 18:06:00+00:00,DEV_61,BEN_196,SOUTH,2.0,588.96,0,0,0.175,1.0,4.0,0.0,0
TXN0869,USER_103,721.94,2025-05-27 17:35:00+00:00,DEV_12,BEN_131,NORTH,4.0,562.27,0,0,0.106,2.0,4.0,0.0,0
TXN0870,USER_162,603.87,2025-06-16 23:47:00+00:00,DEV_73,BEN_017,NORTH,4.0,643.01,0,0,0.009,1.0,1.0,0.0,0
TXN0871,USER_149,413.96,2025-03-28 23:03:00+00:00,DEV_57,BEN_166,WEST,3.0,691.83,0,0,0.052,1.0,5.0,0.0,0
TXN0872,USER_143,160.84,2025-02-18 10:20:00+00:00,DEV_72,BEN_152,SOUTH,6.0,498.82,0,0,0.173,3.0,2.0,0.0,0
TXN0873,USER_114,584.99,2025-04-22 06:47:00+00:00,DEV_52,BEN_091,EAST,4.0,758.64,0,0,0.123,2.0,4.0,0.0,0
TXN0874,USER_104,1343.06,2025-06-06 10:56:00+00:00,DEV_27,BEN_197,NORTH,4.0,659.45,0,0,0.025,1.0,5.0,0.0,0
TXN0875,USER_104,664.59,2025-04-16 21:59:00+00:00,DEV_50,BEN_088,SOUTH,3.0,366.21,1,0,0.064,1.0,5.0,0.0,0
TXN0876,USER_150,763.22,2025-01-03 20:36:00+00:00,DEV_48,BEN_029,WEST,6.0,356.21,0,0,0.066,3.0,1.0,0.0,0
TXN0877,USER_159,318.53,2025-02-05 07:02:00+00:00,DEV_15,BEN_031,EAST,4.0,648.15,0,0,0.048,2.0,1.0,0.0,0
TXN0878,USER_163,879.1,2025-01-18 08:01:00+00:00,DEV_09,BEN_225,NORTH,2.0,616.85,0,0,0.0,0.0,1.0,0.0,0
TXN0879,USER_164,500.35,2025-03-16 16:48:00+00:00,DEV_52,BEN_094,NORTH,5.0,634.49,0,0,0.039,3.0,5.0,0.0,0
TXN0880,USER_131,859.94,2025-03-23 17:44:00+00:00,DEV_08,BEN_104,WEST,4.0,645.8,0,0,0.163,2.0,3.0,0.0,0
TXN0881,USER_100,621.51,2025-04-07 23:11:00+00:00,DEV_08,BEN_077,NORTH,4.0,683.83,0,0,0.057,1.0,1.0,0.0,0
TXN0882,USER_119,664.28,2025-05-17 19:07:00+00:00,DEV_06,BEN_184,NORTH,4.0,792.15,0,0,0.074,3.0,3.0,0.0,0
TXN0883,USER_162,671.98,2025-01-21 09:08:00+00:00,DEV_50,BEN_151,SOUTH,6.0,483.33,0,0,0.088,3.0,3.0,0.0,0
TXN0884,USER_161,307.43,2025-06-19 06:52:00+00:00,DEV_74,BEN_224,WEST,6.0,474.2,0,1,0.213,3.0,3.0,0.0,0
TXN0885,USER_140,579.0,2025-02-17 17:45:00+00:00,DEV_40,BEN_223,EAST,4.0,486.0,0,0,0.081,1.0,4.0,0.0,0
TXN0886,USER_101,1065.34,2025-04-04 15:56:00+00:00,DEV_13,BEN_247,NORTH,5.0,693.34,0,0,0.146,3.0,1.0,0.0,0
TXN0887,USER_162,454.81,2025-02-07 22:06:00+00:00,DEV_41,BEN_082,WEST,6.0,836.74,0,0,0.044,3.0,2.0,0.0,0
TXN0888,USER_165,1210.47,2025-03-05 16:41:00+00:00,DEV_39,BEN_146,WEST,4.0,585.3,0,0,0.064,3.0,4.0,0.0,0
TXN0889,USER_118,346.42,2025-05-30 15:55:00+00:00,DEV_47,BEN_087,EAST,4.0,274.75,1,1,0.081,2.0,5.0,0.0,0
TXN0890,USER_164,732.44,2025-01-09 11:31:00+00:00,DEV_35,BEN_176,NORTH,4.0,394.4,0,0,0.034,1.0,2.0,0.0,0
TXN0891,USER_151,809.84,2025-03-28 07:46:00+00:00,DEV_43,BEN_187,NORTH,3.0,525.04,0,0,0.068,0.0,3.0,0.0,0
TXN0892,USER_171,933.9,2025-04-16 21:36:00+00:00,DEV_26,BEN_063,WEST,5.0,566.34,0,0,0.133,3.0,5.0,0.0,0
TXN0893,USER_150,977.69,2025-04-13 20:00:00+00:00,DEV_72,BEN_215,WEST,4.0,588.74,0,1,0.032,2.0,4.0,0.0,0
TXN0894,USER_107,1287.11,2025-03-10 08:25:00+00:00,DEV_43,BEN_073,WEST,6.0,655.79,0,1,0.08,3.0,2.0,0.0,0
TXN0895,USER_151,884.26,2025-03-10 18:15:00+00:00,DEV_25,BEN_245,SOUTH,5.0,603.24,0,0,0.123,2.0,3.0,0.0,0
TXN0896,USER_108,669.02,2025-06-13 12:05:00+00:00,DEV_01,BEN_212,EAST,5.0,807.4,0,0,0.031,2.0,1.0,0.0,0
TXN0897,USER_120,268.3,2025-02-13 13:35:00+00:00,DEV_54,BEN_005,NORTH,2.0,548.6,0,0,0.146,0.0,3.0,0.0,0
TXN0898,USER_169,755.92,2025-03-28 21:55:00+00:00,DEV_31,BEN_100,NORTH,4.0,520.65,1,0,0.084,1.0,3.0,0.0,0
TXN0899,USER_177,307.55,2025-03-07 21:03:00+00:00,DEV_20,BEN_097,NORTH,4.0,721.83,0,0,0.07,2.0,1.0,0.0,0
TXN0900,USER_138,318.29,2025-05-18 09:19:00+00:00,DEV_38,BEN_205,EAST,2.0,419.65,0,0,0.0,0.0,2.0,0.0,0
TXN0901,USER_123,294.25,2025-05-26 11:40:00+00:00,DEV_39,BEN_181,SOUTH,3.0,708.45,0,0,0.058,0.0,5.0,0.0,0
TXN0902,USER_131,893.53,2025-06-02 20:18:00+00:00,DEV_64,BEN_013,EAST,4.0,665.38,0,0,0.102,2.0,4.0,0.0,0
TXN0903,USER_119,379.65,2025-01-16 22:06:00+00:00,DEV_43,BEN_210,SOUTH,1.0,627.88,0,0,0.185,0.0,3.0,0.0,0
TXN0904,USER_145,1296.63,2025-01-18 07:11:00+00:00,DEV_56,BEN_055,EAST,5.0,888.24,0,0,0.114,2.0,2.0,0.0,0
TXN0905,USER_133,1003.48,2025-03-09 21:01:00+00:00,DEV_52,BEN_093,WEST,3.0,556.67,0,0,0.148,1.0,1.0,0.0,0
TXN0906,USER_104,1785.33,2025-03-21 14:59:00+00:00,DEV_68,BEN_043,EAST,2.0,959.04,0,0,0.007,1.0,3.0,0.0,0
TXN0907,USER_148,547.25,2025-01-12 16:29:00+00:00,DEV_01,BEN_040,WEST,2.0,616.19,0,0,0.072,0.0,3.0,1.0,0
TXN0908,USER_151,615.7,2025-06-10 07:56:00+00:00,DEV_30,BEN_132,WEST,2.0,458.45,0,1,0.153,1.0,1.0,0.0,0
TXN0909,USER_153,904.68,2025-06-11 18:41:00+00:00,DEV_57,BEN_022,EAST,5.0,660.49,0,0,0.027,2.0,5.0,0.0,0
TXN0910,USER_175,585.54,2025-03-18 18:20:00+00:00,DEV_12,BEN_021,WEST,5.0,488.56,0,0,0.138,2.0,3.0,0.0,0
TXN0911,USER_156,829.88,2025-05-19 17:56:00+00:00,DEV_35,BEN_196,NORTH,2.0,537.24,0,0,0.124,1.0,1.0,0.0,0
TXN0912,USER_154,496.1,2025-04-12 20:15:00+00:00,DEV_32,BEN_086,EAST,3.0,709.55,0,0,0.096,0.0,1.0,0.0,0
TXN0913,USER_116,1584.42,2025-04-29 23:10:00+00:00,DEV_64,BEN_162,NORTH,6.0,733.34,0,0,0.06,3.0,5.0,0.0,0
TXN0914,USER_137,270.74,2025-06-07 21:48:00+00:00,DEV_77,BEN_246,NORTH,6.0,556.67,0,0,0.021,3.0,2.0,0.0,0
TXN0915,USER_134,1496.87,2025-01-17 19:33:00+00:00,DEV_09,BEN_013,NORTH,4.0,798.11,0,0,0.187,3.0,2.0,0.0,0
TXN0916,USER_176,1176.78,2025-02-11 23:25:00+00:00,DEV_17,BEN_198,NORTH,2.0,823.63,0,0,0.118,1.0,1.0,0.0,0
TXN0917,USER_137,662.26,2025-03-19 18:35:00+00:00,DEV_62,BEN_028,SOUTH,5.0,865.45,0,0,0.1,2.0,5.0,0.0,0
TXN0918,USER_155,1252.24,2025-06-11 18:58:00+00:00,DEV_14,BEN_190,EAST,1.0,729.41,0,0,0.055,0.0,5.0,0.0,0
TXN0919,USER_143,393.52,2025-04-17 15:16:00+00:00,DEV_40,BEN_077,WEST,5.0,854.51,0,0,0.082,3.0,2.0,0.0,0
TXN0920,USER_104,651.66,2025-03-13 19:54:00+00:00,DEV_75,BEN_034,WEST,3.0,367.88,0,0,0.09,0.0,4.0,0.0,0
TXN0921,USER_174,855.87,2025-01-06 07:54:00+00:00,DEV_78,BEN_057,NORTH,3.0,602.31,0,0,0.104,1.0,3.0,0.0,0
TXN0922,USER_153,265.4,2025-04-17 15:45:00+00:00,DEV_76,BEN_091,SOUTH,4.0,519.95,0,0,0.124,3.0,1.0,0.0,0
TXN0923,USER_118,301.26,2025-02-18 13:09:00+00:00,DEV_11,BEN_182,SOUTH,5.0,667.88,0,0,0.033,2.0,4.0,0.0,0
TXN0924,USER_104,974.28,2025-03-01 22:05:00+00:00,DEV_12,BEN_170,NORTH,5.0,564.28,0,0,0.0,3.0,1.0,0.0,0
TXN0925,USER_174,535.43,2025-06-29 07:07:00+00:00,DEV_14,BEN_182,NORTH,2.0,625.08,0,0,0.085,1.0,5.0,0.0,0
TXN0926,USER_124,1855.02,2025-04-05 17:42:00+00:00,DEV_61,BEN_006,SOUTH,2.0,932.33,0,0,0.0,0.0,1.0,0.0,0
TXN0927,USER_101,1091.66,2025-01-25 09:23:00+00:00,DEV_15,BEN_243,WEST,2.0,624.54,0,0,0.061,0.0,2.0,0.0,0
TXN0928,USER_149,1158.22,2025-01-09 21:59:00+00:00,DEV_34,BEN_109,SOUTH,3.0,712.07,0,0,0.049,0.0,2.0,0.0,0
TXN0929,USER_101,510.18,2025-03-11 21:00:00+00:00,DEV_65,BEN_028,SOUTH,1.0,615.16,0,0,0.11,0.0,2.0,0.0,0
TXN0930,USER_117,1089.25,2025-01-12 10:22:00+00:00,DEV_39,BEN_232,WEST,3.0,661.36,0,0,0.199,1.0,3.0,0.0,0
TXN0931,USER_171,1367.86,2025-03-19 21:15:00+00:00,DEV_75,BEN_198,SOUTH,1.0,650.9,0,0,0.0,0.0,4.0,0.0,0
TXN0932,USER_103,339.95,2025-03-16 14:52:00+00:00,DEV_40,BEN_021,EAST,1.0,717.25,0,0,0.216,0.0,2.0,0.0,0
TXN0933,USER_160,758.57,2025-06-08 23:07:00+00:00,DEV_31,BEN_109,WEST,2.0,824.8,0,0,0.066,1.0,3.0,0.0,0
TXN0934,USER_149,669.13,2025-03-02 19:24:00+00:00,DEV_77,BEN_226,NORTH,4.0,897.11,0,0,0.101,2.0,5.0,0.0,0
TXN0935,USER_124,729.3,2025-02-19 06:52:00+00:00,DEV_44,BEN_170,EAST,4.0,696.44,0,0,0.0,2.0,3.0,0.0,0
TXN0936,USER_122,1263.04,2025-04-21 09:58:00+00:00,DEV_15,BEN_049,SOUTH,1.0,738.43,0,0,0.14,0.0,4.0,0.0,0
TXN0937,USER_137,573.35,2025-04-26 13:54:00+00:00,DEV_51,BEN_175,NORTH,4.0,477.37,0,0,0.082,3.0,2.0,0.0,0
TXN0938,USER_142,881.6,2025-01-07 09:39:00+00:00,DEV_62,BEN_048,NORTH,5.0,636.82,0,0,0.076,2.0,1.0,0.0,0
TXN0939,USER_171,709.48,2025-01-16 08:09:00+00:00,DEV_67,BEN_088,EAST,2.0,791.04,0,0,0.0,1.0,2.0,0.0,0
TXN0940,USER_120,443.33,2025-01-31 23:05:00+00:00,DEV_01,BEN_049,EAST,3.0,779.9,0,0,0.084,1.0,1.0,0.0,0
TXN0941,USER_147,550.28,2025-05-20 21:24:00+00:00,DEV_09,BEN_173,EAST,4.0,681.74,0,0,0.131,3.0,5.0,0.0,0
TXN0942,USER_154,1513.77,2025-02-07 13:28:00+00:00,DEV_50,BEN_232,EAST,3.0,782.96,0,0,0.066,1.0,1.0,0.0,0
TXN0943,USER_101,1045.33,2025-06-28 09:30:00+00:00,DEV_59,BEN_012,EAST,3.0,723.62,0,0,0.15,0.0,5.0,0.0,0
TXN0944,USER_171,845.13,2025-03-21 09:02:00+00:00,DEV_52,BEN_151,NORTH,3.0,830.05,0,0,0.148,1.0,1.0,0.0,0
TXN0945,USER_179,1248.7,2025-06-18 22:40:00+00:00,DEV_31,BEN_062,NORTH,2.0,693.4,0,0,0.042,0.0,1.0,0.0,0
TXN0946,USER_106,252.06,2025-02-14 11:23:00+00:00,DEV_60,BEN_187,SOUTH,1.0,596.65,0,0,0.176,0.0,3.0,0.0,0
TXN0947,USER_120,547.97,2025-03-18 06:06:00+00:00,DEV_46,BEN_035,EAST,2.0,700.38,0,0,0.083,1.0,1.0,1.0,0
TXN0948,USER_162,155.11,2025-01-25 13:54:00+00:00,DEV_74,BEN_092,WEST,1.0,210.41,0,0,0.083,0.0,1.0,0.0,0
TXN0949,USER_164,1536.68,2025-06-02 14:21:00+00:00,DEV_30,BEN_052,WEST,3.0,707.43,1,0,0.086,1.0,4.0,0.0,0
TXN0950,USER_112,328.32,2025-04-18 17:13:00+00:00,DEV_60,BEN_218,WEST,3.0,200.0,0,0,0.084,0.0,1.0,0.0,0
TXN0951,USER_173,576.96,2025-01-14 12:29:00+00:00,DEV_12,BEN_021,SOUTH,3.0,391.48,0,0,0.0,2.0,3.0,0.0,0
TXN0952,USER_126,222.13,2025-05-14 22:57:00+00:00,DEV_58,BEN_145,EAST,2.0,717.77,0,0,0.069,0.0,1.0,0.0,0
TXN0953,USER_123,469.2,2025-06-09 17:49:00+00:00,DEV_58,BEN_030,NORTH,3.0,721.63,0,0,0.0,0.0,1.0,0.0,0
TXN0954,USER_128,717.03,2025-05-04 23:05:00+00:00,DEV_21,BEN_150,SOUTH,5.0,475.64,0,0,0.178,3.0,4.0,1.0,0
TXN0955,USER_153,554.85,2025-05-26 12:41:00+00:00,DEV_05,BEN_192,NORTH,3.0,543.18,0,0,0.175,0.0,2.0,0.0,0
TXN0956,USER_116,1759.19,2025-02-19 17:39:00+00:00,DEV_79,BEN_188,WEST,3.0,855.58,0,0,0.131,1.0,1.0,0.0,0
TXN0957,USER_143,1012.16,2025-03-19 12:53:00+00:00,DEV_07,BEN_009,SOUTH,4.0,577.4,0,0,0.066,2.0,4.0,0.0,0
TXN0958,USER_106,1134.43,2025-06-03 18:57:00+00:00,DEV_38,BEN_193,EAST,4.0,986.44,0,0,0.02,1.0,5.0,0.0,0
TXN0959,USER_111,1120.15,2025-04-20 19:44:00+00:00,DEV_01,BEN_074,NORTH,3.0,649.71,0,0,0.041,1.0,3.0,0.0,0
TXN0960,USER_161,1531.42,2025-04-21 11:39:00+00:00,DEV_33,BEN_170,WEST,3.0,711.21,0,0,0.197,0.0,2.0,0.0,0
TXN0961,USER_130,1049.49,2025-05-19 22:21:00+00:00,DEV_65,BEN_240,EAST,4.0,892.53,1,0,0.038,1.0,5.0,0.0,0
TXN0962,USER_163,1018.41,2025-04-21 21:53:00+00:00,DEV_40,BEN_030,NORTH,4.0,669.65,0,0,0.0,3.0,2.0,0.0,0
TXN0963,USER_159,1022.01,2025-01-23 22:56:00+00:00,DEV_19,BEN_091,SOUTH,3.0,499.65,0,0,0.142,2.0,4.0,0.0,0
TXN0964,USER_179,489.4,2025-02-08 09:59:00+00:00,DEV_32,BEN_216,NORTH,5.0,633.54,0,0,0.17,3.0,3.0,0.0,0
TXN0965,USER_111,1279.3,2025-05-21 18:57:00+00:00,DEV_08,BEN_036,NORTH,4.0,644.66,0,0,0.18,2.0,4.0,0.0,0
TXN0966,USER_174,216.11,2025-02-13 07:38:00+00:00,DEV_47,BEN_065,NORTH,5.0,445.29,0,0,0.142,3.0,3.0,0.0,0
TXN0967,USER_171,937.04,2025-04-30 07:57:00+00:00,DEV_01,BEN_137,EAST,3.0,611.63,0,0,0.152,1.0,3.0,0.0,0
TXN0968,USER_134,962.82,2025-03-27 23:46:00+00:00,DEV_28,BEN_249,WEST,5.0,538.67,0,0,0.083,2.0,3.0,0.0,0
TXN0969,USER_110,1157.55,2025-04-22 08:14:00+00:00,DEV_05,BEN_074,EAST,5.0,788.65,0,0,0.0,2.0,2.0,0.0,0
TXN0970,USER_110,813.43,2025-02-12 21:01:00+00:00,DEV_19,BEN_096,EAST,6.0,655.19,0,1,0.082,3.0,3.0,0.0,0
TXN0971,USER_140,894.94,2025-02-25 13:58:00+00:00,DEV_06,BEN_199,NORTH,3.0,607.58,0,0,0.117,2.0,1.0,0.0,0
TXN0972,USER_100,372.94,2025-05-04 11:25:00+00:00,DEV_74,BEN_030,NORTH,4.0,634.07,0,0,0.072,1.0,2.0,0.0,0
TXN0973,USER_107,484.98,2025-01-31 07:52:00+00:00,DEV_61,BEN_082,NORTH,3.0,683.47,0,0,0.069,0.0,1.0,0.0,0
TXN0974,USER_142,603.53,2025-02-25 18:17:00+00:00,DEV_74,BEN_079,WEST,6.0,742.52,0,0,0.022,3.0,2.0,0.0,0
TXN0975,USER_145,717.95,2025-06-29 18:21:00+00:00,DEV_54,BEN_100,EAST,3.0,500.04,0,0,0.02,1.0,2.0,0.0,0
TXN0976,USER_168,562.7,2025-01-28 14:49:00+00:00,DEV_40,BEN_143,WEST,5.0,493.76,0,0,0.19,3.0,1.0,0.0,0
TXN0977,USER_177,623.61,2025-04-14 20:31:00+00:00,DEV_14,BEN_056,WEST,4.0,815.7,0,0,0.192,2.0,2.0,0.0,0
TXN0978,USER_121,1162.97,2025-01-28 11:40:00+00:00,DEV_77,BEN_098,NORTH,2.0,588.15,0,0,0.08,0.0,4.0,0.0,0
TXN0979,USER_126,442.05,2025-05-08 15:19:00+00:00,DEV_73,BEN_229,EAST,3.0,437.47,0,0,0.097,2.0,5.0,0.0,0
TXN0980,USER_115,822.24,2025-01-23 11:36:00+00:00,DEV_33,BEN_207,EAST,3.0,716.57,0,0,0.021,1.0,4.0,0.0,0
TXN0981,USER_117,775.94,2025-04-14 16:29:00+00:00,DEV_18,BEN_239,EAST,1.0,719.51,0,0,0.119,0.0,4.0,0.0,0
TXN0982,USER_135,271.44,2025-03-21 08:55:00+00:00,DEV_31,BEN_170,EAST,4.0,420.39,0,1,0.186,1.0,4.0,0.0,0
TXN0983,USER_179,1156.74,2025-05-05 14:29:00+00:00,DEV_32,BEN_145,SOUTH,5.0,684.42,0,0,0.0,2.0,5.0,0.0,0
TXN0984,USER_171,875.96,2025-01-01 15:05:00+00:00,DEV_73,BEN_054,NORTH,1.0,760.34,0,0,0.108,0.0,5.0,0.0,0
TXN0985,USER_173,233.66,2025-04-03 16:44:00+00:00,DEV_06,BEN_040,WEST,3.0,706.16,0,1,0.112,2.0,1.0,0.0,0
TXN0986,USER_136,1587.63,2025-04-08 14:57:00+00:00,DEV_51,BEN_135,EAST,5.0,744.8,0,0,0.112,3.0,3.0,0.0,0
TXN0987,USER_152,812.79,2025-02-13 17:52:00+00:00,DEV_61,BEN_101,WEST,3.0,439.36,0,0,0.179,0.0,5.0,0.0,0
TXN0988,USER_157,1171.76,2025-02-23 15:06:00+00:00,DEV_61,BEN_197,NORTH,1.0,699.66,0,0,0.202,0.0,5.0,0.0,0
TXN0989,USER_119,1179.75,2025-05-08 11:59:00+00:00,DEV_16,BEN_003,NORTH,2.0,604.61,0,0,0.066,0.0,3.0,0.0,0
TXN0990,USER_137,1168.41,2025-04-10 09:20:00+00:00,DEV_33,BEN_222,WEST,3.0,577.58,0,0,0.12,2.0,3.0,0.0,0
TXN0991,USER_144,734.71,2025-04-15 17:50:00+00:00,DEV_28,BEN_043,WEST,6.0,780.58,0,0,0.085,3.0,1.0,0.0,0
TXN0992,USER_129,1273.68,2025-06-18 22:37:00+00:00,DEV_33,BEN_099,WEST,6.0,871.89,0,0,0.042,3.0,3.0,0.0,0
TXN0993,USER_137,1338.97,2025-03-14 19:58:00+00:00,DEV_07,BEN_089,SOUTH,1.0,919.16,0,0,0.096,0.0,3.0,0.0,0
TXN0994,USER_135,684.44,2025-06-06 17:20:00+00:00,DEV_07,BEN_231,WEST,2.0,847.22,0,0,0.12,1.0,4.0,0.0,0
TXN0995,USER_104,457.23,2025-06-25 22:36:00+00:00,DEV_02,BEN_180,NORTH,1.0,633.54,0,0,0.093,0.0,3.0,0.0,0
TXN0996,USER_161,363.0,2025-04-14 22:40:00+00:00,DEV_77,BEN_009,WEST,4.0,702.91,0,0,0.027,1.0,2.0,0.0,0
TXN0997,USER_172,1187.85,2025-02-08 15:09:00+00:00,DEV_33,BEN_213,SOUTH,4.0,765.02,0,0,0.052,1.0,5.0,0.0,0
TXN0998,USER_160,1191.86,2025-03-17 07:46:00+00:00,DEV_19,BEN_169,NORTH,4.0,668.18,0,0,0.053,2.0,2.0,0.0,0
TXN0999,USER_174,1169.02,2025-01-09 17:08:00+00:00,DEV_64,BEN_017,EAST,4.0,669.61,0,0,0.029,3.0,2.0,0.0,0
TXN1000,USER_134,696.92,2025-05-06 17:49:00+00:00,DEV_40,BEN_195,SOUTH,5.0,773.56,0,0,0.099,3.0,3.0,0.0,0
TXN1001,USER_104,442.36,2025-02-19 10:07:00+00:00,DEV_29,BEN_009,NORTH,3.0,641.11,0,0,0.105,0.0,2.0,0.0,0
TXN1002,USER_121,628.11,2025-06-16 21:10:00+00:00,DEV_10,BEN_106,EAST,3.0,540.61,0,0,0.139,0.0,1.0,0.0,0
TXN1003,USER_168,787.07,2025-04-28 21:29:00+00:00,DEV_31,BEN_041,WEST,3.0,587.83,0,0,0.029,1.0,4.0,0.0,0
TXN1004,USER_111,1524.64,2025-03-30 11:10:00+00:00,DEV_52,BEN_003,SOUTH,4.0,745.09,0,0,0.045,1.0,2.0,0.0,0
TXN1005,USER_143,1276.29,2025-02-03 14:04:00+00:00,DEV_50,BEN_140,WEST,4.0,650.45,0,0,0.173,1.0,5.0,0.0,0
TXN1006,USER_100,1430.46,2025-01-18 09:03:00+00:00,DEV_31,BEN_172,EAST,5.0,701.03,0,0,0.07,2.0,4.0,0.0,0
TXN1007,USER_125,1437.6,2025-05-02 09:17:00+00:00,DEV_49,BEN_120,NORTH,4.0,750.51,0,0,0.082,2.0,3.0,0.0,0
TXN1008,USER_109,1266.34,2025-05-18 10:29:00+00:00,DEV_61,BEN_086,SOUTH,4.0,593.77,0,0,0.069,3.0,3.0,0.0,0
TXN1009,USER_109,904.25,2025-02-17 12:02:00+00:00,DEV_74,BEN_128,WEST,4.0,763.44,0,0,0.148,2.0,5.0,0.0,0
TXN1010,USER_113,275.8,2025-01-02 10:08:00+00:00,DEV_42,BEN_038,NORTH,3.0,706.83,0,0,0.15,1.0,1.0,0.0,0
TXN1011,USER_143,213.23,2025-02-27 08:36:00+00:00,DEV_18,BEN_013,WEST,3.0,464.78,0,0,0.147,0.0,2.0,0.0,0
TXN1012,USER_155,902.32,2025-05-18 14:19:00+00:00,DEV_11,BEN_040,EAST,4.0,866.35,0,0,0.082,1.0,1.0,0.0,0
TXN1013,USER_123,453.93,2025-04-15 17:45:00+00:00,DEV_13,BEN_014,EAST,6.0,574.89,0,0,0.028,3.0,1.0,0.0,0
TXN1014,USER_165,250.24,2025-01-16 11:50:00+00:00,DEV_01,BEN_192,EAST,6.0,401.74,0,0,0.196,3.0,5.0,0.0,0
TXN1015,USER_131,1041.28,2025-01-21 15:01:00+00:00,DEV_45,BEN_152,EAST,3.0,493.24,0,0,0.131,1.0,1.0,0.0,0
TXN1016,USER_158,333.53,2025-01-20 10:56:00+00:00,DEV_17,BEN_047,EAST,3.0,496.84,0,1,0.053,0.0,5.0,0.0,0
TXN1017,USER_142,1396.45,2025-05-17 18:41:00+00:00,DEV_18,BEN_142,EAST,2.0,657.83,0,0,0.165,0.0,4.0,0.0,0
TXN1018,USER_157,1062.93,2025-05-21 17:49:00+00:00,DEV_58,BEN_121,EAST,3.0,608.92,0,0,0.048,0.0,4.0,0.0,0
TXN1019,USER_178,909.88,2025-03-15 23:28:00+00:00,DEV_26,BEN_028,EAST,3.0,599.48,0,0,0.165,2.0,4.0,0.0,0
TXN1020,USER_179,1177.17,2025-05-05 06:00:00+00:00,DEV_66,BEN_242,SOUTH,3.0,742.96,0,0,0.169,2.0,1.0,0.0,0
TXN1021,USER_146,651.77,2025-01-04 21:53:00+00:00,DEV_11,BEN_234,SOUTH,3.0,700.98,0,0,0.025,2.0,1.0,0.0,0
TXN1022,USER_177,1065.79,2025-04-12 12:34:00+00:00,DEV_27,BEN_189,WEST,1.0,697.41,0,0,0.115,0.0,2.0,0.0,0
TXN1023,USER_156,465.81,2025-02-18 07:02:00+00:00,DEV_05,BEN_202,WEST,4.0,711.47,0,0,0.127,1.0,4.0,0.0,0
TXN1024,USER_121,1545.45,2025-05-28 18:09:00+00:00,DEV_43,BEN_137,EAST,3.0,742.42,0,1,0.237,0.0,2.0,0.0,0
TXN1025,USER_174,291.55,2025-03-29 09:12:00+00:00,DEV_10,BEN_201,SOUTH,2.0,333.81,1,0,0.035,1.0,1.0,0.0,0
TXN1026,USER_111,467.25,2025-06-03 09:22:00+00:00,DEV_19,BEN_132,EAST,4.0,595.33,0,1,0.166,2.0,4.0,0.0,0
TXN1027,USER_137,533.29,2025-04-12 23:26:00+00:00,DEV_59,BEN_042,EAST,4.0,322.97,0,0,0.081,1.0,4.0,0.0,0
TXN1028,USER_112,1014.08,2025-03-24 09:25:00+00:00,DEV_70,BEN_042,SOUTH,5.0,655.41,0,0,0.006,2.0,3.0,0.0,0
TXN1029,USER_162,751.55,2025-06-20 15:52:00+00:00,DEV_44,BEN_213,NORTH,3.0,649.31,0,0,0.073,1.0,3.0,0.0,0
TXN1030,USER_171,1211.57,2025-06-29 09:56:00+00:00,DEV_77,BEN_112,EAST,4.0,806.83,1,0,0.08,2.0,4.0,0.0,0
TXN1031,USER_165,499.4,2025-03-24 08:40:00+00:00,DEV_60,BEN_182,SOUTH,2.0,828.15,0,0,0.016,1.0,4.0,0.0,0
TXN1032,USER_108,1074.6,2025-03-06 06:38:00+00:00,DEV_60,BEN_037,NORTH,4.0,680.42,0,0,0.099,1.0,2.0,0.0,0
TXN1033,USER_121,468.1,2025-04-27 06:51:00+00:00,DEV_79,BEN_112,WEST,1.0,574.95,0,0,0.137,0.0,1.0,0.0,0
TXN1034,USER_127,591.51,2025-01-31 14:16:00+00:00,DEV_08,BEN_021,EAST,5.0,722.77,0,0,0.094,2.0,5.0,0.0,0
TXN1035,USER_109,347.13,2025-03-11 13:33:00+00:00,DEV_19,BEN_055,NORTH,6.0,570.81,0,0,0.047,3.0,1.0,0.0,0
TXN1036,USER_142,605.29,2025-06-02 06:38:00+00:00,DEV_35,BEN_028,NORTH,3.0,649.79,0,0,0.071,2.0,3.0,0.0,0
TXN1037,USER_102,741.57,2025-06-11 12:17:00+00:00,DEV_49,BEN_052,EAST,4.0,797.92,0,0,0.08,2.0,5.0,0.0,0
TXN1038,USER_149,658.61,2025-03-16 10:57:00+00:00,DEV_79,BEN_152,WEST,6.0,566.33,0,0,0.093,3.0,3.0,0.0,0
TXN1039,USER_145,510.15,2025-03-12 16:14:00+00:00,DEV_08,BEN_002,SOUTH,2.0,770.85,0,0,0.147,0.0,5.0,0.0,0
TXN1040,USER_147,501.11,2025-06-07 23:03:00+00:00,DEV_19,BEN_049,WEST,4.0,751.61,0,0,0.096,3.0,3.0,0.0,0
TXN1041,USER_173,673.67,2025-02-06 18:19:00+00:00,DEV_24,BEN_173,NORTH,1.0,506.78,0,0,0.0,0.0,4.0,0.0,0
TXN1042,USER_162,433.76,2025-01-12 22:48:00+00:00,DEV_53,BEN_038,EAST,4.0,796.08,0,0,0.046,2.0,3.0,0.0,0
TXN1043,USER_120,1214.38,2025-01-14 09:22:00+00:00,DEV_76,BEN_139,WEST,4.0,754.78,0,0,0.09,3.0,2.0,0.0,0
TXN1044,USER_145,1392.78,2025-01-20 09:13:00+00:00,DEV_75,BEN_216,WEST,6.0,665.29,0,0,0.147,3.0,5.0,0.0,0
TXN1045,USER_164,595.06,2025-06-08 19:52:00+00:00,DEV_60,BEN_195,NORTH,4.0,535.65,0,0,0.158,1.0,3.0,0.0,0
TXN1046,USER_168,1048.54,2025-01-08 11:09:00+00:00,DEV_62,BEN_031,EAST,4.0,521.12,0,0,0.186,3.0,3.0,0.0,0
TXN1047,USER_151,277.16,2025-03-01 21:09:00+00:00,DEV_33,BEN_037,NORTH,3.0,569.35,0,0,0.088,2.0,4.0,0.0,0
TXN1048,USER_106,279.11,2025-04-19 14:53:00+00:00,DEV_49,BEN_176,NORTH,1.0,731.39,0,0,0.126,0.0,5.0,0.0,0
TXN1049,USER_134,846.42,2025-04-20 09:19:00+00:00,DEV_14,BEN_087,WEST,2.0,506.66,0,0,0.0,0.0,5.0,0.0,0
TXN1050,USER_168,1249.44,2025-05-30 21:00:00+00:00,DEV_41,BEN_104,EAST,6.0,715.63,0,0,0.106,3.0,2.0,0.0,0
TXN1051,USER_105,881.94,2025-06-26 15:26:00+00:00,DEV_24,BEN_119,NORTH,4.0,463.74,0,0,0.015,3.0,2.0,0.0,0
TXN1052,USER_147,252.68,2025-03-14 20:44:00+00:00,DEV_74,BEN_145,WEST,6.0,619.39,0,0,0.076,3.0,2.0,0.0,0
TXN1053,USER_143,1183.69,2025-02-11 14:45:00+00:00,DEV_30,BEN_112,WEST,4.0,666.45,0,0,0.262,1.0,2.0,0.0,0
TXN1054,USER_117,1032.45,2025-01-17 08:05:00+00:00,DEV_32,BEN_006,NORTH,2.0,1016.77,1,0,0.098,1.0,2.0,1.0,0
TXN1055,USER_127,388.57,2025-06-10 18:16:00+00:00,DEV_32,BEN_024,NORTH,4.0,443.4,0,0,0.028,3.0,3.0,0.0,0
TXN1056,USER_178,547.51,2025-03-09 08:37:00+00:00,DEV_72,BEN_001,NORTH,3.0,870.8,0,0,0.104,0.0,1.0,0.0,0
TXN1057,USER_147,1474.36,2025-06-11 17:39:00+00:00,DEV_74,BEN_066,WEST,5.0,672.48,0,1,0.049,3.0,3.0,0.0,0
TXN1058,USER_175,299.59,2025-03-04 13:37:00+00:00,DEV_35,BEN_204,EAST,4.0,711.68,0,0,0.022,2.0,5.0,0.0,0
TXN1059,USER_137,1249.57,2025-05-17 20:20:00+00:00,DEV_79,BEN_242,EAST,3.0,667.75,0,0,0.206,2.0,3.0,0.0,0
TXN1060,USER_167,1085.84,2025-04-26 21:51:00+00:00,DEV_60,BEN_119,SOUTH,3.0,716.71,0,0,0.144,1.0,1.0,0.0,0
TXN1061,USER_149,1063.71,2025-05-09 13:04:00+00:00,DEV_67,BEN_007,SOUTH,5.0,626.95,0,0,0.101,3.0,2.0,0.0,0
TXN1062,USER_172,1434.34,2025-04-28 21:49:00+00:00,DEV_73,BEN_018,EAST,5.0,868.11,0,0,0.056,2.0,2.0,0.0,0
TXN1063,USER_126,1122.95,2025-02-25 07:56:00+00:00,DEV_27,BEN_203,NORTH,2.0,581.53,0,0,0.061,0.0,3.0,0.0,0
TXN1064,USER_130,532.24,2025-01-19 07:41:00+00:00,DEV_44,BEN_086,EAST,4.0,819.84,0,0,0.173,2.0,2.0,0.0,0
TXN1065,USER_103,166.87,2025-01-02 23:25:00+00:00,DEV_23,BEN_220,NORTH,4.0,553.34,0,0,0.098,3.0,2.0,0.0,0
TXN1066,USER_118,921.19,2025-03-17 16:22:00+00:00,DEV_25,BEN_127,WEST,3.0,640.96,0,0,0.0,0.0,4.0,0.0,0
TXN1067,USER_111,475.67,2025-06-10 14:26:00+00:00,DEV_37,BEN_219,NORTH,5.0,489.21,0,0,0.225,2.0,1.0,0.0,0
TXN1068,USER_114,384.41,2025-04-26 08:09:00+00:00,DEV_05,BEN_034,NORTH,3.0,718.25,0,0,0.091,0.0,5.0,0.0,0
TXN1069,USER_124,566.58,2025-05-02 11:13:00+00:00,DEV_17,BEN_214,SOUTH,5.0,866.77,0,0,0.101,2.0,2.0,0.0,0
TXN1070,USER_169,593.92,2025-02-16 18:38:00+00:00,DEV_64,BEN_137,SOUTH,6.0,638.4,0,0,0.145,3.0,5.0,0.0,0
TXN1071,USER_130,268.94,2025-03-29 20:33:00+00:00,DEV_14,BEN_109,EAST,4.0,620.47,0,0,0.108,1.0,1.0,0.0,0
TXN1072,USER_166,197.05,2025-03-15 22:29:00+00:00,DEV_50,BEN_132,WEST,3.0,482.81,0,0,0.125,0.0,2.0,0.0,0
TXN1073,USER_165,1256.11,2025-01-25 13:28:00+00:00,DEV_61,BEN_082,EAST,2.0,615.61,0,0,0.055,0.0,2.0,0.0,0
TXN1074,USER_178,367.09,2025-04-21 14:04:00+00:00,DEV_21,BEN_151,SOUTH,3.0,411.08,0,0,0.006,2.0,3.0,0.0,0
TXN1075,USER_140,1111.43,2025-03-07 08:52:00+00:00,DEV_37,BEN_192,EAST,4.0,513.07,0,0,0.097,3.0,1.0,0.0,0
TXN1076,USER_167,1458.53,2025-03-14 07:57:00+00:00,DEV_70,BEN_202,EAST,4.0,684.02,0,0,0.166,1.0,2.0,0.0,0
TXN1077,USER_133,484.03,2025-04-18 13:14:00+00:00,DEV_67,BEN_244,NORTH,6.0,847.85,0,0,0.041,3.0,5.0,0.0,0
TXN1078,USER_150,1776.73,2025-01-06 16:18:00+00:00,DEV_73,BEN_103,NORTH,3.0,1071.38,0,0,0.036,1.0,5.0,0.0,0
TXN1079,USER_164,810.16,2025-06-18 07:37:00+00:00,DEV_50,BEN_192,NORTH,3.0,562.01,0,0,0.153,0.0,3.0,0.0,0
TXN1080,USER_111,1395.05,2025-02-10 13:00:00+00:00,DEV_71,BEN_222,NORTH,3.0,865.3,0,1,0.053,2.0,1.0,0.0,0
TXN1081,USER_104,331.45,2025-05-03 17:06:00+00:00,DEV_32,BEN_005,WEST,5.0,686.56,0,0,0.055,3.0,2.0,0.0,0
TXN1082,USER_113,412.94,2025-05-20 20:54:00+00:00,DEV_48,BEN_119,SOUTH,3.0,627.31,0,0,0.058,1.0,5.0,0.0,0
TXN1083,USER_157,318.56,2025-01-28 22:10:00+00:00,DEV_53,BEN_175,SOUTH,4.0,714.89,0,0,0.076,3.0,5.0,0.0,0
TXN1084,USER_137,954.55,2025-02-14 12:34:00+00:00,DEV_78,BEN_114,SOUTH,5.0,659.29,0,0,0.0,2.0,5.0,0.0,0
TXN1085,USER_122,1449.45,2025-03-16 13:52:00+00:00,DEV_30,BEN_025,SOUTH,3.0,666.56,0,0,0.048,1.0,5.0,0.0,0
TXN1086,USER_161,928.32,2025-05-28 21:43:00+00:00,DEV_70,BEN_164,EAST,3.0,588.75,0,0,0.094,2.0,4.0,0.0,0
TXN1087,USER_101,726.66,2025-04-25 18:16:00+00:00,DEV_41,BEN_102,NORTH,4.0,440.28,0,1,0.093,1.0,4.0,1.0,0
TXN1088,USER_113,908.35,2025-03-26 10:09:00+00:00,DEV_09,BEN_154,EAST,2.0,418.46,0,0,0.149,0.0,4.0,0.0,0
TXN1089,USER_137,1187.97,2025-06-02 18:43:00+00:00,DEV_52,BEN_001,WEST,5.0,747.99,0,0,0.19,3.0,4.0,0.0,0
TXN1090,USER_173,229.0,2025-03-27 08:24:00+00:00,DEV_78,BEN_003,WEST,3.0,608.49,0,0,0.171,1.0,2.0,0.0,0
TXN1091,USER_159,1091.64,2025-06-09 14:58:00+00:00,DEV_36,BEN_151,SOUTH,4.0,560.59,0,0,0.135,2.0,4.0,0.0,0
TXN1092,USER_154,646.64,2025-05-19 11:38:00+00:00,DEV_44,BEN_245,WEST,4.0,651.28,0,0,0.071,2.0,2.0,0.0,0
TXN1093,USER_156,237.15,2025-01-31 23:00:00+00:00,DEV_74,BEN_160,NORTH,3.0,769.24,0,0,0.043,0.0,4.0,0.0,0
TXN1094,USER_124,855.62,2025-03-10 06:15:00+00:00,DEV_73,BEN_235,NORTH,5.0,677.05,0,0,0.081,2.0,2.0,0.0,0
TXN1095,USER_135,1147.49,2025-01-05 21:44:00+00:00,DEV_32,BEN_211,SOUTH,3.0,551.59,0,0,0.115,1.0,3.0,0.0,0
TXN1096,USER_170,657.92,2025-02-12 11:42:00+00:00,DEV_61,BEN_071,NORTH,3.0,833.94,0,0,0.129,2.0,1.0,0.0,0
TXN1097,USER_158,1094.3,2025-01-05 06:44:00+00:00,DEV_50,BEN_026,SOUTH,2.0,886.88,0,0,0.117,1.0,5.0,0.0,0
TXN1098,USER_147,456.36,2025-01-19 17:14:00+00:00,DEV_52,BEN_140,WEST,6.0,724.18,0,0,0.073,3.0,4.0,0.0,0
TXN1099,USER_106,326.07,2025-01-01 18:14:00+00:00,DEV_57,BEN_155,WEST,1.0,796.05,0,0,0.127,0.0,1.0,0.0,0
TXN1100,USER_158,378.87,2025-05-01 08:12:00+00:00,DEV_26,BEN_192,SOUTH,3.0,836.29,0,0,0.156,0.0,3.0,0.0,0
TXN1101,USER_129,1377.87,2025-03-15 06:41:00+00:00,DEV_25,BEN_130,SOUTH,3.0,819.51,0,0,0.133,1.0,3.0,0.0,0
TXN1102,USER_130,1441.0,2025-03-26 08:00:00+00:00,DEV_03,BEN_230,SOUTH,2.0,742.11,0,0,0.078,0.0,5.0,0.0,0
TXN1103,USER_153,423.34,2025-05-18 13:48:00+00:00,DEV_68,BEN_211,NORTH,1.0,739.75,0,0,0.03,0.0,4.0,0.0,0
TXN1104,USER_131,617.16,2025-05-26 08:16:00+00:00,DEV_22,BEN_146,NORTH,4.0,727.95,0,0,0.029,2.0,5.0,0.0,0
TXN1105,USER_145,325.49,2025-04-06 18:29:00+00:00,DEV_54,BEN_138,WEST,6.0,485.4,0,0,0.039,3.0,3.0,0.0,0
TXN1106,USER_101,265.06,2025-03-24 07:14:00+00:00,DEV_55,BEN_005,EAST,3.0,755.11,0,0,0.095,2.0,1.0,0.0,0
TXN1107,USER_114,603.63,2025-04-27 20:25:00+00:00,DEV_56,BEN_195,EAST,4.0,446.63,0,0,0.111,1.0,4.0,0.0,0
TXN1108,USER_143,865.14,2025-03-16 21:45:00+00:00,DEV_69,BEN_170,SOUTH,4.0,530.81,0,0,0.0,3.0,2.0,0.0,0
TXN1109,USER_176,1294.49,2025-03-21 18:11:00+00:00,DEV_69,BEN_224,WEST,3.0,845.53,0,0,0.05,1.0,4.0,0.0,0
TXN1110,USER_160,804.98,2025-02-23 22:34:00+00:00,DEV_01,BEN_024,NORTH,2.0,776.03,0,0,0.095,0.0,3.0,0.0,0
TXN1111,USER_133,1182.64,2025-02-04 22:03:00+00:00,DEV_67,BEN_037,WEST,6.0,873.11,0,0,0.026,3.0,2.0,0.0,0
TXN1112,USER_177,291.7,2025-02-05 06:10:00+00:00,DEV_17,BEN_168,EAST,3.0,609.25,0,0,0.106,2.0,1.0,0.0,0
TXN1113,USER_122,283.04,2025-04-28 12:41:00+00:00,DEV_51,BEN_122,SOUTH,3.0,477.16,0,0,0.062,1.0,5.0,0.0,0
TXN1114,USER_171,1271.1,2025-05-30 19:34:00+00:00,DEV_54,BEN_147,WEST,5.0,613.93,0,0,0.037,2.0,4.0,0.0,0
TXN1115,USER_132,1162.2,2025-03-18 12:36:00+00:00,DEV_05,BEN_109,SOUTH,3.0,665.3,0,0,0.083,2.0,2.0,0.0,0
TXN1116,USER_106,1358.91,2025-01-18 19:13:00+00:00,DEV_23,BEN_160,SOUTH,2.0,661.85,0,0,0.104,0.0,4.0,0.0,0
TXN1117,USER_100,1674.29,2025-04-20 19:12:00+00:00,DEV_72,BEN_164,EAST,2.0,820.05,0,0,0.029,0.0,5.0,0.0,0
TXN1118,USER_178,913.88,2025-06-12 23:25:00+00:00,DEV_12,BEN_048,EAST,3.0,595.81,0,0,0.065,2.0,4.0,0.0,0
TXN1119,USER_151,1450.35,2025-04-05 11:07:00+00:00,DEV_19,BEN_190,EAST,2.0,702.81,0,0,0.108,0.0,5.0,0.0,0
TXN1120,USER_111,547.73,2025-01-05 12:53:00+00:00,DEV_07,BEN_123,SOUTH,4.0,501.71,0,0,0.034,2.0,3.0,0.0,0
TXN1121,USER_179,220.19,2025-01-15 06:16:00+00:00,DEV_14,BEN_144,SOUTH,2.0,717.55,0,0,0.0,1.0,2.0,0.0,0
TXN1122,USER_103,272.47,2025-04-05 11:43:00+00:00,DEV_51,BEN_154,SOUTH,3.0,650.47,0,0,0.0,0.0,5.0,0.0,0
TXN1123,USER_126,273.08,2025-06-05 11:09:00+00:00,DEV_67,BEN_186,WEST,5.0,537.53,0,0,0.055,2.0,4.0,0.0,0
TXN1124,USER_159,295.74,2025-01-11 14:39:00+00:00,DEV_47,BEN_075,SOUTH,2.0,614.63,0,1,0.001,1.0,4.0,0.0,0
TXN1125,USER_104,602.6,2025-05-16 13:12:00+00:00,DEV_23,BEN_002,WEST,3.0,622.37,0,0,0.059,1.0,4.0,0.0,0
TXN1126,USER_172,994.92,2025-05-21 21:16:00+00:00,DEV_68,BEN_046,NORTH,3.0,609.48,0,0,0.18,0.0,5.0,0.0,0
TXN1127,USER_154,1650.31,2025-01-10 19:24:00+00:00,DEV_30,BEN_241,NORTH,3.0,915.7,0,0,0.0,2.0,4.0,0.0,0
TXN1128,USER_175,902.92,2025-02-08 19:07:00+00:00,DEV_25,BEN_056,SOUTH,4.0,635.23,0,0,0.063,3.0,5.0,0.0,0
TXN1129,USER_166,354.69,2025-01-01 06:07:00+00:00,DEV_40,BEN_063,NORTH,4.0,613.42,0,0,0.208,2.0,1.0,0.0,0
TXN1130,USER_165,577.2,2025-04-12 14:45:00+00:00,DEV_11,BEN_214,WEST,3.0,335.38,0,0,0.104,0.0,4.0,0.0,0
TXN1131,USER_118,502.52,2025-02-01 19:20:00+00:00,DEV_29,BEN_059,SOUTH,6.0,515.87,0,0,0.058,3.0,2.0,0.0,0
TXN1132,USER_116,198.23,2025-06-14 10:34:00+00:00,DEV_64,BEN_116,NORTH,2.0,610.54,0,0,0.071,0.0,1.0,0.0,0
TXN1133,USER_119,455.82,2025-01-17 13:38:00+00:00,DEV_49,BEN_093,EAST,4.0,547.12,0,0,0.106,1.0,2.0,0.0,0
TXN1134,USER_112,795.65,2025-04-27 19:37:00+00:00,DEV_79,BEN_165,WEST,2.0,857.26,0,0,0.182,0.0,5.0,0.0,0
TXN1135,USER_153,513.38,2025-05-22 20:37:00+00:00,DEV_62,BEN_149,WEST,6.0,625.26,0,0,0.048,3.0,5.0,0.0,0
TXN1136,USER_104,1553.76,2025-02-02 21:58:00+00:00,DEV_29,BEN_129,NORTH,2.0,843.27,0,0,0.035,0.0,2.0,0.0,0
TXN1137,USER_134,1149.65,2025-02-15 13:37:00+00:00,DEV_61,BEN_125,WEST,5.0,659.26,0,0,0.0,2.0,1.0,0.0,0
TXN1138,USER_146,1063.06,2025-05-24 13:20:00+00:00,DEV_69,BEN_208,SOUTH,2.0,655.58,0,0,0.086,0.0,3.0,0.0,0
TXN1139,USER_143,359.16,2025-01-17 12:17:00+00:00,DEV_50,BEN_145,WEST,3.0,636.68,0,0,0.0,0.0,2.0,0.0,0
TXN1140,USER_138,1193.72,2025-03-21 18:48:00+00:00,DEV_61,BEN_127,EAST,5.0,650.57,0,0,0.052,2.0,3.0,0.0,0
TXN1141,USER_117,1440.38,2025-02-15 13:25:00+00:00,DEV_40,BEN_221,EAST,6.0,907.82,0,0,0.025,3.0,4.0,0.0,0
TXN1142,USER_108,202.44,2025-01-03 13:33:00+00:00,DEV_73,BEN_024,WEST,1.0,302.06,0,0,0.144,0.0,2.0,0.0,0
TXN1143,USER_179,535.63,2025-03-23 09:48:00+00:00,DEV_19,BEN_208,WEST,3.0,349.77,0,0,0.049,0.0,1.0,0.0,0
TXN1144,USER_137,692.84,2025-03-29 14:14:00+00:00,DEV_34,BEN_050,NORTH,2.0,568.52,0,0,0.104,1.0,1.0,0.0,0
TXN1145,USER_147,740.07,2025-03-04 10:13:00+00:00,DEV_21,BEN_083,EAST,6.0,652.18,0,0,0.0,3.0,4.0,0.0,0
TXN1146,USER_145,386.58,2025-05-27 15:03:00+00:00,DEV_09,BEN_004,NORTH,1.0,753.52,0,0,0.088,0.0,1.0,0.0,0
TXN1147,USER_129,926.28,2025-01-18 21:04:00+00:00,DEV_49,BEN_143,WEST,3.0,720.96,0,0,0.008,0.0,2.0,0.0,0
TXN1148,USER_157,290.18,2025-03-19 19:36:00+00:00,DEV_10,BEN_208,EAST,3.0,592.36,1,0,0.054,1.0,5.0,0.0,0
TXN1149,USER_130,491.41,2025-02-02 14:30:00+00:00,DEV_18,BEN_096,NORTH,3.0,802.86,0,0,0.213,1.0,1.0,0.0,0
TXN1150,USER_133,443.97,2025-05-17 23:17:00+00:00,DEV_61,BEN_166,SOUTH,3.0,804.53,0,0,0.136,0.0,4.0,0.0,0
TXN1151,USER_164,1431.66,2025-04-11 23:12:00+00:00,DEV_20,BEN_098,WEST,4.0,677.61,0,0,0.072,2.0,1.0,0.0,0
TXN1152,USER_125,668.28,2025-05-07 13:41:00+00:00,DEV_69,BEN_190,EAST,3.0,794.4,0,0,0.272,2.0,5.0,0.0,0
TXN1153,USER_155,673.55,2025-01-20 19:05:00+00:00,DEV_04,BEN_249,NORTH,1.0,690.9,0,0,0.025,0.0,4.0,0.0,0
TXN1154,USER_153,515.96,2025-03-24 12:42:00+00:00,DEV_37,BEN_179,WEST,5.0,565.78,0,0,0.15,2.0,5.0,1.0,0
TXN1155,USER_102,1514.38,2025-01-10 21:54:00+00:00,DEV_06,BEN_085,EAST,2.0,754.67,0,0,0.0,0.0,4.0,0.0,0
TXN1156,USER_154,912.99,2025-02-28 12:27:00+00:00,DEV_05,BEN_206,NORTH,5.0,666.59,0,0,0.065,2.0,3.0,0.0,0
TXN1157,USER_164,1330.57,2025-06-20 10:29:00+00:00,DEV_63,BEN_010,SOUTH,2.0,650.2,0,0,0.0,1.0,5.0,0.0,0
TXN1158,USER_121,757.6,2025-05-11 08:32:00+00:00,DEV_06,BEN_246,WEST,1.0,870.94,0,0,0.095,0.0,4.0,0.0,0
TXN1159,USER_173,146.32,2025-01-15 21:05:00+00:00,DEV_71,BEN_210,SOUTH,3.0,282.37,0,0,0.083,0.0,1.0,0.0,0
TXN1160,USER_101,593.4,2025-03-08 11:37:00+00:00,DEV_48,BEN_163,NORTH,4.0,437.35,0,0,0.062,3.0,3.0,0.0,0
TXN1161,USER_114,451.42,2025-06-06 20:21:00+00:00,DEV_39,BEN_155,EAST,5.0,471.94,0,0,0.146,2.0,3.0,0.0,0
TXN1162,USER_175,1085.99,2025-01-31 07:28:00+00:00,DEV_73,BEN_063,WEST,4.0,595.51,0,0,0.046,2.0,2.0,0.0,0
TXN1163,USER_168,1205.82,2025-05-17 15:01:00+00:00,DEV_31,BEN_108,EAST,2.0,611.81,0,0,0.1,0.0,3.0,0.0,0
TXN1164,USER_160,507.79,2025-02-27 13:52:00+00:00,DEV_32,BEN_026,WEST,1.0,423.9,0,0,0.129,0.0,5.0,0.0,0
TXN1165,USER_148,1077.57,2025-03-27 13:20:00+00:00,DEV_33,BEN_085,NORTH,1.0,502.23,0,0,0.0,0.0,1.0,0.0,0
TXN1166,USER_116,703.56,2025-06-07 09:04:00+00:00,DEV_52,BEN_147,EAST,4.0,520.87,0,0,0.035,1.0,5.0,0.0,0
TXN1167,USER_139,829.91,2025-05-02 07:46:00+00:00,DEV_67,BEN_091,EAST,3.0,1018.61,0,0,0.083,1.0,4.0,0.0,0
TXN1168,USER_145,1131.05,2025-02-21 12:58:00+00:00,DEV_43,BEN_192,WEST,5.0,920.26,0,0,0.118,3.0,1.0,0.0,0
TXN1169,USER_107,218.17,2025-01-02 14:31:00+00:00,DEV_23,BEN_213,EAST,6.0,588.24,0,0,0.165,3.0,2.0,0.0,0
TXN1170,USER_147,1088.27,2025-02-12 20:02:00+00:00,DEV_71,BEN_140,WEST,3.0,595.46,0,0,0.067,1.0,5.0,0.0,0
TXN1171,USER_107,235.34,2025-03-17 14:59:00+00:00,DEV_48,BEN_085,NORTH,4.0,477.62,0,0,0.061,1.0,4.0,0.0,0
TXN1172,USER_110,322.54,2025-01-25 10:12:00+00:00,DEV_66,BEN_076,NORTH,4.0,363.78,0,0,0.028,1.0,1.0,0.0,0
TXN1173,USER_113,869.08,2025-06-08 10:14:00+00:00,DEV_35,BEN_137,EAST,4.0,632.47,0,0,0.1,2.0,1.0,0.0,0
TXN1174,USER_115,190.95,2025-01-10 17:42:00+00:00,DEV_16,BEN_180,NORTH,3.0,500.32,0,0,0.062,2.0,5.0,0.0,0
TXN1175,USER_106,287.22,2025-04-08 13:19:00+00:00,DEV_75,BEN_032,WEST,4.0,637.27,0,0,0.064,2.0,1.0,0.0,0
TXN1176,USER_176,665.22,2025-06-25 22:05:00+00:00,DEV_54,BEN_112,NORTH,3.0,409.97,0,0,0.074,0.0,4.0,0.0,0
TXN1177,USER_164,233.77,2025-03-02 13:40:00+00:00,DEV_25,BEN_110,EAST,2.0,535.7,0,0,0.113,1.0,5.0,0.0,0
TXN1178,USER_140,811.09,2025-04-07 16:15:00+00:00,DEV_67,BEN_072,SOUTH,5.0,672.29,0,0,0.046,3.0,1.0,0.0,0
TXN1179,USER_129,665.12,2025-01-14 07:51:00+00:00,DEV_01,BEN_060,EAST,2.0,704.93,0,0,0.034,1.0,1.0,0.0,0
TXN1180,USER_115,522.6,2025-05-12 09:09:00+00:00,DEV_74,BEN_210,EAST,2.0,712.62,0,1,0.106,0.0,5.0,0.0,0
TXN1181,USER_175,297.68,2025-06-25 21:54:00+00:00,DEV_46,BEN_108,SOUTH,3.0,451.93,0,0,0.0,0.0,5.0,0.0,0
TXN1182,USER_163,1362.23,2025-05-20 12:43:00+00:00,DEV_47,BEN_144,SOUTH,2.0,778.2,0,0,0.044,0.0,3.0,0.0,0
TXN1183,USER_160,1117.14,2025-01-27 13:14:00+00:00,DEV_02,BEN_010,EAST,6.0,529.97,0,0,0.011,3.0,2.0,0.0,0
TXN1184,USER_137,421.88,2025-03-05 16:34:00+00:00,DEV_14,BEN_071,EAST,1.0,744.93,0,0,0.152,0.0,1.0,0.0,0
TXN1185,USER_102,1376.82,2025-05-11 07:56:00+00:00,DEV_57,BEN_056,EAST,5.0,648.4,0,0,0.054,2.0,5.0,0.0,0
TXN1186,USER_151,634.29,2025-05-24 15:03:00+00:00,DEV_45,BEN_082,SOUTH,4.0,443.54,0,0,0.046,1.0,4.0,0.0,0
TXN1187,USER_139,915.4,2025-03-14 12:49:00+00:00,DEV_11,BEN_210,SOUTH,3.0,602.57,0,0,0.077,0.0,5.0,0.0,0
TXN1188,USER_123,1162.12,2025-06-23 08:27:00+00:00,DEV_53,BEN_143,NORTH,5.0,704.8,0,0,0.044,3.0,4.0,0.0,0
TXN1189,USER_125,1215.18,2025-02-06 13:56:00+00:00,DEV_59,BEN_225,WEST,5.0,741.94,0,0,0.056,2.0,3.0,0.0,0
TXN1190,USER_104,1168.18,2025-05-14 14:12:00+00:00,DEV_22,BEN_106,NORTH,6.0,628.85,0,0,0.086,3.0,3.0,0.0,0
TXN1191,USER_169,1072.08,2025-03-31 09:43:00+00:00,DEV_55,BEN_192,SOUTH,6.0,879.77,0,0,0.055,3.0,2.0,0.0,0
TXN1192,USER_113,1052.18,2025-05-09 15:58:00+00:00,DEV_77,BEN_040,WEST,6.0,801.13,0,0,0.054,3.0,4.0,0.0,0
TXN1193,USER_165,559.69,2025-04-18 19:20:00+00:00,DEV_39,BEN_204,WEST,3.0,611.5,0,0,0.019,2.0,1.0,0.0,0
TXN1194,USER_177,381.25,2025-03-19 10:06:00+00:00,DEV_19,BEN_153,SOUTH,4.0,762.52,0,0,0.011,2.0,1.0,0.0,0
TXN1195,USER_103,1469.16,2025-05-27 23:23:00+00:00,DEV_76,BEN_010,SOUTH,5.0,940.07,0,0,0.084,2.0,5.0,0.0,0
TXN1196,USER_149,343.51,2025-06-01 17:35:00+00:00,DEV_72,BEN_172,SOUTH,4.0,944.07,0,0,0.098,1.0,2.0,0.0,0
TXN1197,USER_105,383.68,2025-05-28 19:37:00+00:00,DEV_37,BEN_120,EAST,1.0,465.8,0,0,0.0,0.0,1.0,0.0,0
TXN1198,USER_166,244.8,2025-01-16 07:28:00+00:00,DEV_34,BEN_001,NORTH,3.0,511.02,0,0,0.126,1.0,4.0,0.0,0
TXN1199,USER_140,578.09,2025-03-18 19:55:00+00:00,DEV_66,BEN_211,WEST,2.0,872.74,0,0,0.126,1.0,2.0,0.0,0
TXN1200,USER_101,743.56,2025-05-15 12:34:00+00:00,DEV_01,BEN_134,WEST,1.0,491.26,0,0,0.138,0.0,2.0,0.0,0
TXN1201,USER_161,674.77,2025-06-06 18:38:00+00:00,DEV_25,BEN_152,SOUTH,4.0,451.62,0,1,0.098,3.0,3.0,0.0,0
TXN1202,USER_161,634.78,2025-03-07 20:57:00+00:00,DEV_43,BEN_144,NORTH,6.0,577.07,0,0,0.118,3.0,3.0,0.0,0
TXN1203,USER_173,336.07,2025-05-14 10:56:00+00:00,DEV_52,BEN_023,EAST,2.0,713.03,0,0,0.211,1.0,4.0,0.0,0
TXN1204,USER_138,712.96,2025-04-12 10:20:00+00:00,DEV_50,BEN_083,EAST,3.0,634.64,0,0,0.062,1.0,5.0,0.0,0
TXN1205,USER_174,535.96,2025-02-09 07:17:00+00:00,DEV_30,BEN_175,EAST,4.0,552.42,0,0,0.017,3.0,5.0,0.0,0
TXN1206,USER_153,915.99,2025-06-10 16:44:00+00:00,DEV_69,BEN_085,NORTH,4.0,548.87,0,0,0.0,1.0,5.0,0.0,0
TXN1207,USER_142,760.49,2025-03-22 19:31:00+00:00,DEV_52,BEN_222,EAST,5.0,543.15,0,0,0.185,2.0,3.0,0.0,0
TXN1208,USER_128,639.29,2025-04-19 13:26:00+00:00,DEV_43,BEN_080,NORTH,4.0,518.07,0,0,0.186,2.0,3.0,0.0,0
TXN1209,USER_123,1215.76,2025-02-21 08:41:00+00:00,DEV_75,BEN_115,SOUTH,4.0,992.24,0,0,0.025,1.0,1.0,0.0,0
TXN1210,USER_149,1483.7,2025-01-05 11:39:00+00:00,DEV_08,BEN_111,EAST,4.0,694.63,0,0,0.036,3.0,3.0,0.0,0
TXN1211,USER_159,1360.06,2025-03-23 13:54:00+00:00,DEV_57,BEN_005,WEST,3.0,783.01,0,0,0.061,0.0,4.0,0.0,0
TXN1212,USER_102,717.49,2025-05-11 22:21:00+00:00,DEV_74,BEN_203,EAST,2.0,576.64,0,0,0.153,0.0,5.0,0.0,0
TXN1213,USER_132,753.07,2025-02-28 08:45:00+00:00,DEV_53,BEN_034,NORTH,4.0,622.11,0,1,0.003,2.0,1.0,0.0,0
TXN1214,USER_103,190.21,2025-06-17 12:13:00+00:00,DEV_45,BEN_117,EAST,3.0,542.97,0,0,0.0,2.0,5.0,0.0,0
TXN1215,USER_131,527.38,2025-05-16 17:56:00+00:00,DEV_29,BEN_227,NORTH,6.0,252.24,0,0,0.21,3.0,3.0,0.0,0
TXN1216,USER_163,401.82,2025-04-26 10:05:00+00:00,DEV_22,BEN_248,NORTH,3.0,443.3,0,0,0.099,2.0,1.0,0.0,0
TXN1217,USER_155,297.54,2025-05-26 21:45:00+00:00,DEV_44,BEN_058,NORTH,3.0,378.41,0,0,0.107,0.0,5.0,0.0,0
TXN1218,USER_109,687.22,2025-06-05 22:06:00+00:00,DEV_72,BEN_094,WEST,6.0,312.53,0,0,0.068,3.0,3.0,0.0,0
TXN1219,USER_157,783.95,2025-05-10 12:52:00+00:00,DEV_37,BEN_141,SOUTH,4.0,470.7,0,0,0.108,1.0,3.0,0.0,0
TXN1220,USER_101,331.0,2025-05-29 19:57:00+00:00,DEV_10,BEN_175,EAST,1.0,848.74,0,0,0.0,0.0,1.0,0.0,0
TXN1221,USER_100,268.65,2025-05-09 19:49:00+00:00,DEV_39,BEN_063,WEST,5.0,643.33,0,0,0.03,2.0,1.0,0.0,0
TXN1222,USER_172,293.95,2025-06-05 18:47:00+00:00,DEV_08,BEN_137,WEST,3.0,843.58,0,0,0.086,0.0,1.0,1.0,0
TXN1223,USER_102,1024.26,2025-01-19 09:28:00+00:00,DEV_74,BEN_208,WEST,3.0,711.65,0,0,0.0,1.0,2.0,0.0,0
TXN1224,USER_121,334.56,2025-03-03 06:14:00+00:00,DEV_43,BEN_190,NORTH,3.0,767.38,0,0,0.062,1.0,2.0,0.0,0
TXN1225,USER_110,1067.54,2025-06-09 12:59:00+00:00,DEV_17,BEN_205,SOUTH,1.0,514.87,0,0,0.058,0.0,3.0,0.0,0
TXN1226,USER_146,1515.56,2025-03-27 08:31:00+00:00,DEV_50,BEN_222,SOUTH,5.0,728.59,0,0,0.062,3.0,4.0,0.0,0
TXN1227,USER_141,1015.58,2025-01-03 11:48:00+00:00,DEV_43,BEN_215,WEST,5.0,759.31,1,0,0.047,2.0,5.0,0.0,0
TXN1228,USER_167,829.26,2025-06-02 17:42:00+00:00,DEV_41,BEN_128,SOUTH,4.0,563.5,0,0,0.02,3.0,4.0,0.0,0
TXN1229,USER_178,627.22,2025-04-29 16:42:00+00:00,DEV_47,BEN_243,NORTH,4.0,733.93,0,0,0.0,1.0,3.0,0.0,0
TXN1230,USER_159,309.81,2025-06-13 09:21:00+00:00,DEV_74,BEN_124,WEST,3.0,734.93,0,0,0.089,2.0,5.0,0.0,0
TXN1231,USER_137,965.53,2025-01-03 06:25:00+00:00,DEV_68,BEN_177,SOUTH,6.0,567.57,0,0,0.062,3.0,3.0,0.0,0
TXN1232,USER_103,237.61,2025-01-27 10:26:00+00:00,DEV_21,BEN_235,EAST,2.0,481.58,0,0,0.0,0.0,3.0,0.0,0
TXN1233,USER_173,218.5,2025-04-02 14:36:00+00:00,DEV_19,BEN_011,SOUTH,4.0,472.38,0,0,0.084,3.0,2.0,0.0,0
TXN1234,USER_144,590.93,2025-02-02 20:43:00+00:00,DEV_79,BEN_233,SOUTH,2.0,662.98,0,0,0.062,0.0,3.0,0.0,0
TXN1235,USER_117,226.27,2025-04-04 12:11:00+00:00,DEV_51,BEN_205,NORTH,4.0,699.05,0,0,0.052,3.0,1.0,0.0,0
TXN1236,USER_143,597.33,2025-03-04 11:13:00+00:00,DEV_02,BEN_249,NORTH,4.0,531.12,0,0,0.0,2.0,1.0,0.0,0
TXN1237,USER_131,1075.54,2025-02-07 15:02:00+00:00,DEV_42,BEN_193,NORTH,4.0,653.99,0,0,0.121,2.0,5.0,0.0,0
TXN1238,USER_128,1340.64,2025-05-19 07:31:00+00:00,DEV_10,BEN_039,NORTH,2.0,735.58,0,1,0.006,0.0,1.0,0.0,0
TXN1239,USER_136,1075.61,2025-01-08 10:40:00+00:00,DEV_03,BEN_076,SOUTH,3.0,742.73,0,0,0.084,2.0,3.0,0.0,0
TXN1240,USER_160,1685.28,2025-06-07 06:12:00+00:00,DEV_15,BEN_001,NORTH,3.0,882.78,0,0,0.032,2.0,1.0,0.0,0
TXN1241,USER_113,902.44,2025-01-28 15:42:00+00:00,DEV_21,BEN_152,NORTH,6.0,841.55,0,0,0.057,3.0,4.0,0.0,0
TXN1242,USER_177,955.96,2025-04-15 13:00:00+00:00,DEV_07,BEN_109,WEST,5.0,499.81,0,0,0.149,3.0,5.0,0.0,0
TXN1243,USER_104,1139.27,2025-06-28 16:51:00+00:00,DEV_67,BEN_119,WEST,3.0,902.54,1,1,0.112,1.0,3.0,0.0,0
TXN1244,USER_111,412.8,2025-01-21 17:41:00+00:00,DEV_35,BEN_183,SOUTH,2.0,570.35,0,0,0.148,1.0,1.0,0.0,0
TXN1245,USER_154,1689.2,2025-06-16 13:40:00+00:00,DEV_44,BEN_205,WEST,4.0,806.73,0,0,0.1,1.0,1.0,0.0,0
TXN1246,USER_111,542.98,2025-02-24 21:42:00+00:00,DEV_69,BEN_019,NORTH,2.0,660.2,0,0,0.104,1.0,4.0,0.0,0
TXN1247,USER_162,205.73,2025-05-14 22:21:00+00:00,DEV_67,BEN_229,NORTH,3.0,588.18,0,0,0.0,0.0,1.0,0.0,0
TXN1248,USER_158,288.33,2025-06-04 07:59:00+00:00,DEV_65,BEN_094,SOUTH,3.0,378.85,0,0,0.061,0.0,2.0,0.0,0
TXN1249,USER_134,622.21,2025-02-11 22:44:00+00:00,DEV_16,BEN_188,SOUTH,4.0,624.27,0,0,0.067,3.0,5.0,0.0,0
TXN1250,USER_136,402.6,2025-03-04 09:10:00+00:00,DEV_59,BEN_145,NORTH,2.0,416.09,0,0,0.153,1.0,3.0,0.0,0
TXN1251,USER_179,1031.13,2025-06-04 10:55:00+00:00,DEV_79,BEN_111,WEST,2.0,795.09,0,0,0.05,1.0,5.0,0.0,0
TXN1252,USER_163,1735.68,2025-01-19 15:44:00+00:00,DEV_01,BEN_053,WEST,3.0,877.52,0,0,0.096,2.0,5.0,0.0,0
TXN1253,USER_150,453.78,2025-01-20 06:18:00+00:00,DEV_69,BEN_048,SOUTH,5.0,530.46,0,0,0.094,2.0,4.0,0.0,0
TXN1254,USER_111,896.56,2025-02-24 12:56:00+00:00,DEV_69,BEN_183,SOUTH,3.0,695.3,0,0,0.149,1.0,5.0,0.0,0
TXN1255,USER_147,512.11,2025-04-19 09:14:00+00:00,DEV_67,BEN_081,EAST,5.0,541.19,0,0,0.072,3.0,1.0,0.0,0
TXN1256,USER_103,1034.41,2025-05-26 14:38:00+00:00,DEV_32,BEN_058,WEST,2.0,555.73,0,0,0.13,0.0,2.0,0.0,0
TXN1257,USER_120,459.28,2025-04-12 20:40:00+00:00,DEV_16,BEN_002,SOUTH,4.0,766.17,0,0,0.0,1.0,2.0,0.0,0
TXN1258,USER_155,319.96,2025-03-30 22:57:00+00:00,DEV_58,BEN_210,EAST,3.0,644.22,0,0,0.0,0.0,5.0,0.0,0
TXN1259,USER_132,1143.87,2025-06-06 09:34:00+00:00,DEV_50,BEN_099,NORTH,3.0,910.95,0,0,0.0,2.0,4.0,0.0,0
TXN1260,USER_179,910.74,2025-01-31 15:59:00+00:00,DEV_58,BEN_087,EAST,3.0,577.67,0,0,0.127,0.0,2.0,0.0,0
TXN1261,USER_175,1449.02,2025-06-12 14:17:00+00:00,DEV_21,BEN_093,WEST,5.0,799.9,0,0,0.12,3.0,2.0,0.0,0
TXN1262,USER_107,943.94,2025-02-26 13:48:00+00:00,DEV_15,BEN_150,SOUTH,5.0,664.61,0,0,0.134,2.0,5.0,0.0,0
TXN1263,USER_170,1362.02,2025-02-19 17:14:00+00:00,DEV_72,BEN_120,EAST,3.0,769.37,0,0,0.039,0.0,5.0,0.0,0
TXN1264,USER_169,609.83,2025-06-21 23:59:00+00:00,DEV_41,BEN_136,EAST,4.0,582.93,0,0,0.046,2.0,1.0,0.0,0
TXN1265,USER_108,232.9,2025-04-27 13:45:00+00:00,DEV_68,BEN_070,EAST,3.0,642.57,0,0,0.073,1.0,2.0,0.0,0
TXN1266,USER_130,329.36,2025-03-19 07:37:00+00:00,DEV_74,BEN_074,EAST,4.0,632.68,0,0,0.167,2.0,3.0,0.0,0
TXN1267,USER_175,195.97,2025-03-01 22:03:00+00:00,DEV_37,BEN_215,WEST,1.0,524.59,0,0,0.182,0.0,2.0,0.0,0
TXN1268,USER_101,693.11,2025-03-21 22:29:00+00:00,DEV_21,BEN_110,NORTH,3.0,749.31,0,1,0.128,2.0,4.0,0.0,0
TXN1269,USER_104,928.02,2025-05-23 11:08:00+00:00,DEV_71,BEN_243,WEST,2.0,747.54,0,0,0.1,0.0,4.0,0.0,0
TXN1270,USER_140,722.04,2025-01-28 15:55:00+00:00,DEV_57,BEN_211,WEST,3.0,739.03,0,0,0.16,0.0,5.0,0.0,0
TXN1271,USER_176,1202.07,2025-02-01 21:22:00+00:00,DEV_53,BEN_178,WEST,4.0,880.54,0,0,0.065,2.0,4.0,0.0,0
TXN1272,USER_122,1052.29,2025-02-24 15:49:00+00:00,DEV_76,BEN_137,SOUTH,4.0,867.4,0,0,0.057,2.0,5.0,0.0,0
TXN1273,USER_161,942.94,2025-03-28 14:54:00+00:00,DEV_20,BEN_209,EAST,3.0,593.76,0,0,0.072,1.0,2.0,0.0,0
TXN1274,USER_155,1106.4,2025-05-27 22:06:00+00:00,DEV_29,BEN_014,SOUTH,1.0,705.96,0,0,0.021,0.0,2.0,0.0,0
TXN1275,USER_111,503.22,2025-02-07 20:45:00+00:00,DEV_04,BEN_125,WEST,3.0,556.46,0,0,0.069,1.0,2.0,0.0,0
TXN1276,USER_123,625.93,2025-05-22 15:18:00+00:00,DEV_31,BEN_178,SOUTH,5.0,653.5,0,0,0.013,3.0,5.0,0.0,0
TXN1277,USER_149,790.65,2025-06-13 08:06:00+00:00,DEV_36,BEN_027,SOUTH,5.0,560.04,0,0,0.142,2.0,4.0,0.0,0
TXN1278,USER_138,1279.88,2025-03-20 13:15:00+00:00,DEV_36,BEN_046,EAST,3.0,893.01,0,0,0.113,0.0,2.0,0.0,0
TXN1279,USER_118,632.64,2025-06-23 18:32:00+00:00,DEV_12,BEN_017,NORTH,6.0,704.55,0,0,0.166,3.0,4.0,0.0,0
TXN1280,USER_116,572.61,2025-06-10 10:51:00+00:00,DEV_64,BEN_122,SOUTH,3.0,617.3,0,0,0.0,1.0,2.0,0.0,0
TXN1281,USER_144,1341.96,2025-05-24 15:41:00+00:00,DEV_39,BEN_135,NORTH,5.0,829.04,0,0,0.194,2.0,2.0,0.0,0
TXN1282,USER_166,496.37,2025-03-10 17:13:00+00:00,DEV_35,BEN_117,SOUTH,1.0,324.41,0,0,0.0,0.0,1.0,1.0,0
TXN1283,USER_133,193.63,2025-02-24 07:17:00+00:00,DEV_69,BEN_014,SOUTH,2.0,347.88,0,0,0.008,1.0,5.0,0.0,0
TXN1284,USER_174,875.53,2025-06-05 16:18:00+00:00,DEV_39,BEN_122,NORTH,6.0,769.38,0,0,0.043,3.0,2.0,0.0,0
TXN1285,USER_153,1315.6,2025-03-21 19:44:00+00:00,DEV_71,BEN_222,WEST,3.0,659.07,0,0,0.158,1.0,4.0,0.0,0
TXN1286,USER_132,253.7,2025-01-06 09:31:00+00:00,DEV_18,BEN_008,SOUTH,1.0,687.57,0,0,0.094,0.0,1.0,0.0,0
TXN1287,USER_156,868.17,2025-05-10 15:01:00+00:00,DEV_68,BEN_194,SOUTH,2.0,451.04,0,0,0.065,0.0,1.0,0.0,0
TXN1288,USER_135,394.4,2025-03-04 18:04:00+00:00,DEV_79,BEN_068,NORTH,6.0,646.51,0,0,0.032,3.0,4.0,1.0,0
TXN1289,USER_160,1201.25,2025-06-18 06:04:00+00:00,DEV_60,BEN_019,WEST,4.0,950.53,0,0,0.0,3.0,1.0,0.0,0
TXN1290,USER_178,855.82,2025-06-03 17:57:00+00:00,DEV_71,BEN_013,WEST,2.0,773.63,0,0,0.148,0.0,1.0,0.0,0
TXN1291,USER_163,215.64,2025-01-19 10:30:00+00:00,DEV_59,BEN_004,SOUTH,6.0,675.46,0,0,0.128,3.0,2.0,0.0,0
TXN1292,USER_111,1191.21,2025-06-12 13:29:00+00:00,DEV_48,BEN_104,SOUTH,6.0,584.14,0,0,0.161,3.0,3.0,0.0,0
TXN1293,USER_105,687.92,2025-06-20 17:45:00+00:00,DEV_61,BEN_124,SOUTH,3.0,590.81,0,0,0.104,1.0,1.0,0.0,0
TXN1294,USER_164,698.64,2025-05-17 06:11:00+00:00,DEV_76,BEN_155,WEST,5.0,330.62,0,0,0.0,2.0,1.0,0.0,0
TXN1295,USER_167,581.78,2025-02-19 06:01:00+00:00,DEV_48,BEN_021,NORTH,4.0,688.65,0,0,0.005,1.0,2.0,0.0,0
TXN1296,USER_145,1511.64,2025-05-01 14:16:00+00:00,DEV_55,BEN_163,EAST,2.0,776.82,0,0,0.108,0.0,4.0,0.0,0
TXN1297,USER_119,849.05,2025-06-06 23:12:00+00:00,DEV_07,BEN_185,WEST,5.0,413.66,0,0,0.058,2.0,1.0,0.0,0
TXN1298,USER_170,747.96,2025-05-27 06:47:00+00:00,DEV_76,BEN_017,WEST,3.0,550.79,0,0,0.046,0.0,2.0,0.0,0
TXN1299,USER_135,326.36,2025-03-19 20:49:00+00:00,DEV_62,BEN_169,WEST,2.0,476.38,0,0,0.014,1.0,1.0,0.0,0
TXN1300,USER_123,809.31,2025-05-08 07:38:00+00:00,DEV_13,BEN_030,WEST,2.0,505.2,0,0,0.137,1.0,2.0,0.0,0
TXN1301,USER_129,883.76,2025-03-11 14:54:00+00:00,DEV_23,BEN_110,NORTH,3.0,658.02,0,0,0.107,0.0,2.0,0.0,0
TXN1302,USER_123,706.59,2025-02-15 13:27:00+00:00,DEV_18,BEN_165,NORTH,4.0,337.34,0,0,0.11,3.0,4.0,0.0,0
TXN1303,USER_122,842.05,2025-05-02 14:14:00+00:00,DEV_26,BEN_217,NORTH,5.0,742.14,0,0,0.042,2.0,1.0,0.0,0
TXN1304,USER_126,618.23,2025-03-25 07:19:00+00:00,DEV_70,BEN_133,EAST,5.0,763.08,0,0,0.091,3.0,5.0,0.0,0
TXN1305,USER_153,344.59,2025-02-10 19:08:00+00:00,DEV_37,BEN_109,SOUTH,5.0,612.33,0,0,0.0,2.0,2.0,0.0,0
TXN1306,USER_101,452.25,2025-04-29 10:54:00+00:00,DEV_34,BEN_208,NORTH,2.0,277.89,0,0,0.072,0.0,5.0,0.0,0
TXN1307,USER_129,1076.56,2025-02-27 19:36:00+00:00,DEV_62,BEN_054,EAST,2.0,500.54,0,0,0.0,1.0,4.0,0.0,0
TXN1308,USER_113,295.44,2025-04-16 17:46:00+00:00,DEV_30,BEN_052,NORTH,2.0,834.94,0,0,0.0,1.0,2.0,0.0,0
TXN1309,USER_151,398.21,2025-03-07 15:16:00+00:00,DEV_70,BEN_117,SOUTH,5.0,233.3,0,0,0.061,3.0,2.0,0.0,0
TXN1310,USER_179,1232.31,2025-06-09 11:43:00+00:00,DEV_60,BEN_030,SOUTH,2.0,597.87,0,0,0.223,0.0,5.0,0.0,0
TXN1311,USER_163,209.11,2025-06-03 17:19:00+00:00,DEV_21,BEN_006,WEST,3.0,473.0,0,0,0.0,2.0,5.0,0.0,0
TXN1312,USER_119,392.53,2025-03-27 23:26:00+00:00,DEV_50,BEN_091,EAST,3.0,770.69,0,0,0.005,0.0,4.0,0.0,0
TXN1313,USER_141,886.05,2025-05-08 22:39:00+00:00,DEV_39,BEN_038,EAST,4.0,548.73,0,0,0.093,3.0,1.0,0.0,0
TXN1314,USER_101,1088.01,2025-02-02 22:58:00+00:00,DEV_28,BEN_159,WEST,5.0,710.59,0,0,0.186,2.0,5.0,0.0,0
TXN1315,USER_133,316.54,2025-06-29 09:33:00+00:00,DEV_72,BEN_137,NORTH,2.0,734.82,0,0,0.092,1.0,3.0,0.0,0
TXN1316,USER_122,1744.82,2025-02-08 16:42:00+00:00,DEV_32,BEN_122,SOUTH,2.0,925.43,0,0,0.122,1.0,1.0,0.0,0
TXN1317,USER_140,802.02,2025-06-06 13:35:00+00:00,DEV_10,BEN_124,WEST,3.0,619.56,0,0,0.06,1.0,5.0,0.0,0
TXN1318,USER_132,1429.54,2025-06-02 23:25:00+00:00,DEV_33,BEN_025,EAST,2.0,706.41,0,0,0.049,0.0,1.0,0.0,0
TXN1319,USER_154,840.89,2025-02-02 23:55:00+00:00,DEV_41,BEN_101,NORTH,4.0,427.24,0,0,0.085,2.0,2.0,0.0,0
TXN1320,USER_143,1527.67,2025-01-02 21:57:00+00:00,DEV_10,BEN_018,NORTH,4.0,828.56,0,0,0.041,3.0,1.0,0.0,0
TXN1321,USER_175,686.09,2025-05-13 08:18:00+00:00,DEV_59,BEN_089,NORTH,1.0,535.92,0,0,0.123,0.0,3.0,0.0,0
TXN1322,USER_105,440.4,2025-06-06 11:53:00+00:00,DEV_19,BEN_169,NORTH,3.0,565.89,0,0,0.0,2.0,5.0,0.0,0
TXN1323,USER_175,815.67,2025-05-09 18:27:00+00:00,DEV_08,BEN_246,EAST,4.0,646.66,0,0,0.133,2.0,1.0,0.0,0
TXN1324,USER_163,204.27,2025-01-11 19:44:00+00:00,DEV_43,BEN_074,NORTH,6.0,415.57,0,0,0.082,3.0,1.0,0.0,0
TXN1325,USER_157,1061.93,2025-04-27 12:31:00+00:00,DEV_13,BEN_066,WEST,5.0,684.32,0,0,0.067,3.0,5.0,0.0,0
TXN1326,USER_166,440.94,2025-03-12 08:46:00+00:00,DEV_62,BEN_167,EAST,3.0,795.12,0,0,0.0,0.0,1.0,0.0,0
TXN1327,USER_104,882.16,2025-06-14 08:52:00+00:00,DEV_06,BEN_229,WEST,1.0,693.94,1,0,0.021,0.0,1.0,0.0,0
TXN1328,USER_117,166.04,2025-05-25 18:25:00+00:00,DEV_34,BEN_074,SOUTH,4.0,411.67,0,1,0.152,3.0,3.0,0.0,0
TXN1329,USER_100,548.76,2025-05-24 14:42:00+00:00,DEV_05,BEN_209,WEST,1.0,631.43,0,0,0.067,0.0,2.0,0.0,0
TXN1330,USER_163,564.09,2025-03-15 14:30:00+00:00,DEV_31,BEN_079,SOUTH,3.0,761.3,0,0,0.097,2.0,5.0,0.0,0
TXN1331,USER_128,544.37,2025-02-27 20:47:00+00:00,DEV_74,BEN_160,EAST,4.0,368.3,0,0,0.027,3.0,1.0,0.0,0
TXN1332,USER_128,877.32,2025-05-29 06:11:00+00:00,DEV_52,BEN_053,NORTH,4.0,488.79,0,0,0.078,2.0,3.0,0.0,0
TXN1333,USER_148,319.53,2025-01-21 19:43:00+00:00,DEV_43,BEN_066,WEST,3.0,781.48,0,0,0.0,0.0,5.0,0.0,0
TXN1334,USER_133,1322.71,2025-01-19 10:35:00+00:00,DEV_13,BEN_245,EAST,2.0,690.51,0,0,0.086,0.0,4.0,0.0,0
TXN1335,USER_150,1377.65,2025-01-12 22:27:00+00:00,DEV_25,BEN_097,NORTH,5.0,711.8,0,0,0.102,2.0,1.0,0.0,0
TXN1336,USER_174,882.77,2025-04-03 23:22:00+00:00,DEV_31,BEN_005,WEST,4.0,928.92,0,0,0.099,3.0,1.0,0.0,0
TXN1337,USER_126,1117.96,2025-01-14 15:42:00+00:00,DEV_46,BEN_193,WEST,4.0,720.28,0,1,0.026,1.0,1.0,0.0,0
TXN1338,USER_171,797.32,2025-04-15 11:20:00+00:00,DEV_17,BEN_032,NORTH,3.0,748.68,0,0,0.059,2.0,5.0,0.0,0
TXN1339,USER_142,626.53,2025-01-31 10:01:00+00:00,DEV_79,BEN_028,WEST,4.0,1056.61,1,0,0.112,3.0,2.0,0.0,0
TXN1340,USER_130,806.06,2025-06-10 09:56:00+00:00,DEV_52,BEN_209,EAST,5.0,617.93,0,0,0.067,3.0,1.0,1.0,0
TXN1341,USER_173,246.11,2025-03-19 23:26:00+00:00,DEV_25,BEN_087,SOUTH,4.0,530.32,0,0,0.063,2.0,2.0,0.0,0
TXN1342,USER_139,1406.27,2025-01-17 09:09:00+00:00,DEV_09,BEN_035,EAST,3.0,714.17,0,0,0.194,2.0,2.0,0.0,0
TXN1343,USER_110,1471.89,2025-05-05 14:13:00+00:00,DEV_48,BEN_243,WEST,4.0,715.85,0,0,0.023,3.0,1.0,0.0,0
TXN1344,USER_122,1062.65,2025-03-02 14:49:00+00:00,DEV_36,BEN_070,SOUTH,6.0,570.99,1,0,0.145,3.0,3.0,0.0,0
TXN1345,USER_167,677.75,2025-02-17 18:19:00+00:00,DEV_54,BEN_158,EAST,4.0,495.14,0,0,0.011,1.0,5.0,0.0,0
TXN1346,USER_141,1354.65,2025-04-29 21:16:00+00:00,DEV_48,BEN_066,NORTH,5.0,996.48,0,0,0.119,2.0,2.0,0.0,0
TXN1347,USER_144,1517.41,2025-06-22 16:29:00+00:00,DEV_51,BEN_145,WEST,2.0,699.03,0,0,0.122,1.0,5.0,0.0,0
TXN1348,USER_154,416.47,2025-06-26 19:01:00+00:00,DEV_66,BEN_174,WEST,5.0,540.16,0,0,0.049,3.0,4.0,0.0,0
TXN1349,USER_115,349.84,2025-03-20 16:33:00+00:00,DEV_42,BEN_189,NORTH,3.0,787.39,0,0,0.007,0.0,2.0,0.0,0
TXN1350,USER_107,866.61,2025-06-02 13:02:00+00:00,DEV_58,BEN_103,SOUTH,2.0,633.63,0,0,0.0,0.0,4.0,0.0,0
TXN1351,USER_135,565.97,2025-02-07 08:50:00+00:00,DEV_29,BEN_154,NORTH,2.0,612.07,0,0,0.043,1.0,2.0,0.0,0
TXN1352,USER_173,670.04,2025-06-02 09:25:00+00:00,DEV_75,BEN_210,SOUTH,3.0,734.34,0,0,0.112,0.0,2.0,0.0,0
TXN1353,USER_110,143.01,2025-06-19 13:13:00+00:00,DEV_33,BEN_210,SOUTH,5.0,456.22,0,0,0.015,2.0,2.0,0.0,0
TXN1354,USER_157,1007.15,2025-04-04 06:27:00+00:00,DEV_54,BEN_187,WEST,3.0,702.89,0,0,0.086,2.0,1.0,0.0,0
TXN1355,USER_178,751.11,2025-04-05 11:10:00+00:00,DEV_79,BEN_100,EAST,6.0,936.94,0,0,0.0,3.0,4.0,0.0,0
TXN1356,USER_107,472.94,2025-04-12 14:19:00+00:00,DEV_28,BEN_133,WEST,5.0,719.93,0,0,0.066,2.0,1.0,0.0,0
TXN1357,USER_110,223.67,2025-01-14 14:07:00+00:00,DEV_09,BEN_241,WEST,4.0,593.57,0,0,0.011,2.0,1.0,0.0,0
TXN1358,USER_169,569.51,2025-06-04 20:40:00+00:00,DEV_19,BEN_063,EAST,3.0,573.93,0,1,0.075,2.0,1.0,0.0,0
TXN1359,USER_108,1159.27,2025-05-13 23:58:00+00:00,DEV_20,BEN_173,NORTH,3.0,588.45,0,0,0.05,0.0,1.0,0.0,0
TXN1360,USER_159,574.99,2025-06-06 19:29:00+00:00,DEV_05,BEN_198,WEST,5.0,611.91,0,0,0.009,2.0,5.0,0.0,0
TXN1361,USER_163,943.54,2025-01-21 07:05:00+00:00,DEV_43,BEN_120,WEST,1.0,593.33,0,0,0.04,0.0,1.0,0.0,0
TXN1362,USER_125,1368.14,2025-05-25 13:04:00+00:00,DEV_22,BEN_216,NORTH,3.0,787.45,0,0,0.024,2.0,4.0,0.0,0
TXN1363,USER_123,360.14,2025-03-07 19:49:00+00:00,DEV_08,BEN_107,NORTH,4.0,390.02,0,0,0.001,3.0,2.0,0.0,0
TXN1364,USER_141,1450.37,2025-05-28 16:20:00+00:00,DEV_11,BEN_209,WEST,6.0,779.3,0,0,0.145,3.0,1.0,0.0,0
TXN1365,USER_140,957.52,2025-06-28 14:17:00+00:00,DEV_22,BEN_161,SOUTH,4.0,593.05,0,0,0.058,2.0,2.0,0.0,0
TXN1366,USER_168,962.71,2025-06-08 13:06:00+00:00,DEV_30,BEN_013,SOUTH,2.0,706.54,0,0,0.0,1.0,1.0,0.0,0
TXN1367,USER_147,145.19,2025-06-14 13:39:00+00:00,DEV_77,BEN_206,SOUTH,5.0,480.95,0,0,0.043,3.0,2.0,0.0,0
TXN1368,USER_177,311.41,2025-01-21 16:03:00+00:00,DEV_56,BEN_174,WEST,6.0,849.29,0,0,0.135,3.0,5.0,0.0,0
TXN1369,USER_119,1826.54,2025-03-01 09:54:00+00:00,DEV_57,BEN_056,SOUTH,2.0,836.85,0,0,0.034,1.0,4.0,0.0,0
TXN1370,USER_122,1418.24,2025-02-22 15:12:00+00:00,DEV_55,BEN_176,SOUTH,2.0,793.94,0,0,0.17,0.0,5.0,0.0,0
TXN1371,USER_119,879.98,2025-04-03 09:04:00+00:00,DEV_64,BEN_128,SOUTH,3.0,422.79,0,0,0.029,2.0,4.0,0.0,0
TXN1372,USER_152,1559.87,2025-06-25 18:42:00+00:00,DEV_26,BEN_235,NORTH,3.0,774.37,0,0,0.11,2.0,5.0,0.0,0
TXN1373,USER_102,240.82,2025-05-04 21:21:00+00:00,DEV_08,BEN_076,NORTH,5.0,710.73,0,0,0.142,3.0,1.0,0.0,0
TXN1374,USER_168,738.42,2025-04-09 15:41:00+00:00,DEV_41,BEN_066,SOUTH,6.0,409.21,0,0,0.107,3.0,1.0,0.0,0
TXN1375,USER_161,747.95,2025-05-25 12:02:00+00:00,DEV_01,BEN_015,NORTH,3.0,646.36,0,0,0.0,0.0,3.0,0.0,0
TXN1376,USER_179,1268.54,2025-02-01 22:51:00+00:00,DEV_18,BEN_196,WEST,2.0,704.68,0,0,0.023,1.0,3.0,0.0,0
TXN1377,USER_176,229.38,2025-04-29 17:18:00+00:00,DEV_60,BEN_246,SOUTH,4.0,733.41,0,0,0.15,3.0,4.0,0.0,0
TXN1378,USER_105,573.46,2025-04-01 13:45:00+00:00,DEV_40,BEN_172,EAST,3.0,676.59,0,0,0.032,1.0,1.0,0.0,0
TXN1379,USER_159,1198.35,2025-02-06 06:56:00+00:00,DEV_55,BEN_092,SOUTH,2.0,693.68,0,0,0.139,1.0,1.0,0.0,0
TXN1380,USER_140,1573.75,2025-04-27 06:32:00+00:00,DEV_41,BEN_219,WEST,2.0,871.04,1,0,0.054,1.0,4.0,0.0,0
TXN1381,USER_158,1232.06,2025-06-01 09:20:00+00:00,DEV_43,BEN_064,SOUTH,3.0,833.91,0,0,0.088,1.0,3.0,0.0,0
TXN1382,USER_169,191.87,2025-05-30 10:18:00+00:00,DEV_24,BEN_173,NORTH,5.0,219.94,0,0,0.0,2.0,3.0,0.0,0
TXN1383,USER_146,535.93,2025-06-01 18:41:00+00:00,DEV_18,BEN_149,SOUTH,3.0,602.38,0,0,0.044,1.0,2.0,0.0,0
TXN1384,USER_100,1336.18,2025-05-27 15:00:00+00:00,DEV_21,BEN_213,NORTH,4.0,625.3,0,0,0.027,1.0,4.0,0.0,0
TXN1385,USER_169,439.26,2025-03-26 23:08:00+00:00,DEV_64,BEN_242,EAST,2.0,387.19,0,0,0.094,1.0,5.0,0.0,0
TXN1386,USER_134,763.44,2025-01-09 15:38:00+00:00,DEV_78,BEN_090,EAST,2.0,664.13,1,0,0.086,0.0,1.0,0.0,0
TXN1387,USER_136,1129.9,2025-06-23 22:01:00+00:00,DEV_07,BEN_024,SOUTH,5.0,837.31,0,0,0.108,3.0,1.0,0.0,0
TXN1388,USER_146,525.03,2025-03-23 15:17:00+00:00,DEV_43,BEN_040,SOUTH,6.0,487.01,0,0,0.051,3.0,4.0,0.0,0
TXN1389,USER_172,945.67,2025-04-24 12:38:00+00:00,DEV_38,BEN_185,EAST,3.0,700.46,0,0,0.024,1.0,5.0,0.0,0
TXN1390,USER_142,574.88,2025-01-04 18:15:00+00:00,DEV_45,BEN_091,EAST,3.0,512.63,0,0,0.091,0.0,2.0,1.0,0
TXN1391,USER_116,1027.45,2025-06-09 14:55:00+00:00,DEV_19,BEN_035,WEST,5.0,549.21,0,0,0.018,2.0,4.0,0.0,0
TXN1392,USER_158,1766.92,2025-06-09 10:58:00+00:00,DEV_01,BEN_203,WEST,5.0,871.61,0,0,0.145,2.0,5.0,0.0,0
TXN1393,USER_150,1177.61,2025-06-17 14:02:00+00:00,DEV_17,BEN_162,NORTH,4.0,568.62,0,0,0.073,2.0,1.0,0.0,0
TXN1394,USER_105,987.04,2025-02-01 17:10:00+00:00,DEV_15,BEN_033,EAST,3.0,719.33,0,0,0.06,2.0,1.0,0.0,0
TXN1395,USER_142,421.05,2025-06-01 12:54:00+00:00,DEV_05,BEN_178,NORTH,4.0,369.32,0,0,0.108,2.0,1.0,0.0,0
TXN1396,USER_162,1524.09,2025-04-23 18:01:00+00:00,DEV_29,BEN_159,SOUTH,2.0,929.35,0,0,0.075,0.0,4.0,0.0,0
TXN1397,USER_170,1401.44,2025-01-27 23:29:00+00:00,DEV_55,BEN_246,EAST,1.0,740.4,0,0,0.0,0.0,4.0,0.0,0
TXN1398,USER_122,852.79,2025-04-13 13:56:00+00:00,DEV_77,BEN_246,EAST,1.0,622.63,0,0,0.016,0.0,1.0,0.0,0
TXN1399,USER_141,1200.19,2025-03-27 11:35:00+00:00,DEV_52,BEN_243,WEST,3.0,736.33,0,0,0.143,0.0,1.0,0.0,0
TXN1400,USER_165,756.23,2025-04-23 13:18:00+00:00,DEV_14,BEN_223,WEST,5.0,438.53,0,0,0.085,3.0,4.0,0.0,0
TXN1401,USER_146,1311.52,2025-01-16 21:00:00+00:00,DEV_29,BEN_198,WEST,5.0,827.38,0,0,0.0,2.0,5.0,0.0,0
TXN1402,USER_133,1033.0,2025-04-12 09:23:00+00:00,DEV_24,BEN_168,EAST,3.0,601.4,0,0,0.101,2.0,4.0,0.0,0
TXN1403,USER_114,431.36,2025-05-02 23:32:00+00:00,DEV_17,BEN_136,EAST,5.0,619.39,0,0,0.046,2.0,1.0,0.0,0
TXN1404,USER_103,718.53,2025-05-09 13:04:00+00:00,DEV_79,BEN_198,WEST,3.0,576.25,0,0,0.028,0.0,2.0,0.0,0
TXN1405,USER_155,798.03,2025-05-19 21:31:00+00:00,DEV_52,BEN_241,NORTH,2.0,562.9,0,0,0.011,0.0,1.0,0.0,0
TXN1406,USER_177,229.81,2025-04-23 20:24:00+00:00,DEV_39,BEN_030,SOUTH,5.0,754.2,0,0,0.14,3.0,2.0,0.0,0
TXN1407,USER_148,1326.06,2025-05-07 20:19:00+00:00,DEV_35,BEN_034,SOUTH,4.0,688.39,0,0,0.0,1.0,3.0,0.0,0
TXN1408,USER_162,1091.02,2025-01-17 22:58:00+00:00,DEV_26,BEN_125,EAST,4.0,747.76,0,0,0.03,2.0,2.0,0.0,0
TXN1409,USER_154,353.76,2025-05-24 09:53:00+00:00,DEV_33,BEN_074,SOUTH,6.0,648.68,0,0,0.087,3.0,4.0,0.0,0
TXN1410,USER_127,1345.7,2025-03-08 16:41:00+00:00,DEV_51,BEN_133,NORTH,1.0,726.98,0,0,0.175,0.0,2.0,0.0,0
TXN1411,USER_141,976.12,2025-04-09 07:35:00+00:00,DEV_74,BEN_078,WEST,4.0,587.17,0,0,0.113,3.0,3.0,0.0,0
TXN1412,USER_121,1713.72,2025-04-09 11:28:00+00:00,DEV_40,BEN_195,EAST,3.0,984.46,0,0,0.029,2.0,4.0,0.0,0
TXN1413,USER_117,433.43,2025-06-25 06:04:00+00:00,DEV_15,BEN_224,EAST,2.0,414.81,0,0,0.172,1.0,1.0,0.0,0
TXN1414,USER_147,1613.65,2025-02-28 18:18:00+00:00,DEV_76,BEN_071,WEST,4.0,839.14,0,0,0.0,1.0,1.0,0.0,0
TXN1415,USER_151,929.29,2025-03-11 16:00:00+00:00,DEV_25,BEN_193,WEST,3.0,855.19,0,0,0.096,0.0,2.0,0.0,0
TXN1416,USER_178,722.67,2025-05-17 19:21:00+00:00,DEV_07,BEN_027,WEST,2.0,522.18,0,0,0.109,0.0,1.0,0.0,0
TXN1417,USER_118,296.52,2025-04-25 09:28:00+00:00,DEV_43,BEN_199,SOUTH,2.0,984.39,0,0,0.027,0.0,1.0,0.0,0
TXN1418,USER_123,1219.18,2025-02-27 11:36:00+00:00,DEV_63,BEN_174,NORTH,6.0,799.32,0,1,0.122,3.0,2.0,0.0,0
TXN1419,USER_113,1324.42,2025-03-03 18:21:00+00:00,DEV_21,BEN_177,SOUTH,2.0,795.67,0,0,0.049,0.0,2.0,0.0,0
TXN1420,USER_175,901.17,2025-05-30 20:15:00+00:00,DEV_23,BEN_123,WEST,3.0,654.2,0,0,0.122,1.0,2.0,0.0,0
TXN1421,USER_162,767.73,2025-05-31 21:42:00+00:00,DEV_23,BEN_027,WEST,1.0,617.42,0,0,0.0,0.0,1.0,0.0,0
TXN1422,USER_126,1137.51,2025-01-27 07:09:00+00:00,DEV_64,BEN_210,NORTH,2.0,618.59,0,0,0.1,1.0,1.0,0.0,0
TXN1423,USER_177,1129.91,2025-03-13 13:07:00+00:00,DEV_76,BEN_028,WEST,3.0,708.58,0,0,0.055,0.0,5.0,0.0,0
TXN1424,USER_156,712.52,2025-05-19 06:41:00+00:00,DEV_67,BEN_120,SOUTH,4.0,860.18,0,0,0.149,1.0,4.0,0.0,0
TXN1425,USER_138,1437.17,2025-01-22 20:35:00+00:00,DEV_18,BEN_044,WEST,4.0,677.2,0,0,0.077,2.0,3.0,0.0,0
TXN1426,USER_130,843.74,2025-02-03 08:52:00+00:00,DEV_68,BEN_211,EAST,6.0,513.28,0,0,0.155,3.0,1.0,0.0,0
TXN1427,USER_145,1684.33,2025-01-29 20:44:00+00:00,DEV_25,BEN_143,NORTH,4.0,773.66,0,0,0.11,1.0,2.0,0.0,0
TXN1428,USER_106,1690.94,2025-04-06 08:54:00+00:00,DEV_69,BEN_127,SOUTH,3.0,788.17,0,0,0.072,2.0,5.0,0.0,0
TXN1429,USER_113,1530.76,2025-03-23 06:39:00+00:00,DEV_79,BEN_080,NORTH,5.0,748.2,0,0,0.127,2.0,5.0,0.0,0
TXN1430,USER_174,1321.92,2025-02-27 21:50:00+00:00,DEV_57,BEN_195,SOUTH,6.0,761.82,0,0,0.128,3.0,4.0,0.0,0
TXN1431,USER_116,888.4,2025-01-25 13:10:00+00:00,DEV_76,BEN_053,WEST,4.0,609.36,0,0,0.108,3.0,2.0,0.0,0
TXN1432,USER_113,320.24,2025-04-25 13:31:00+00:00,DEV_12,BEN_180,EAST,1.0,510.65,0,0,0.0,0.0,3.0,0.0,0
TXN1433,USER_168,692.53,2025-05-26 17:56:00+00:00,DEV_52,BEN_242,EAST,5.0,519.77,0,0,0.021,2.0,1.0,0.0,0
TXN1434,USER_175,709.9,2025-02-08 10:47:00+00:00,DEV_05,BEN_067,EAST,4.0,404.68,0,0,0.163,3.0,5.0,0.0,0
TXN1435,USER_165,884.09,2025-04-30 18:24:00+00:00,DEV_52,BEN_171,NORTH,2.0,685.54,0,0,0.005,1.0,1.0,0.0,0
TXN1436,USER_108,1242.87,2025-05-24 13:55:00+00:00,DEV_27,BEN_078,EAST,3.0,637.48,0,0,0.133,2.0,4.0,0.0,0
TXN1437,USER_167,296.88,2025-04-11 10:18:00+00:00,DEV_77,BEN_232,SOUTH,2.0,584.0,0,0,0.122,1.0,2.0,0.0,0
TXN1438,USER_121,211.57,2025-04-14 13:01:00+00:00,DEV_40,BEN_224,EAST,3.0,206.66,0,0,0.036,1.0,3.0,0.0,0
TXN1439,USER_100,583.87,2025-01-31 06:47:00+00:00,DEV_61,BEN_079,NORTH,2.0,462.9,0,0,0.0,0.0,5.0,0.0,0
TXN1440,USER_173,917.46,2025-06-22 11:24:00+00:00,DEV_24,BEN_058,EAST,3.0,818.13,0,0,0.046,0.0,2.0,0.0,0
TXN1441,USER_121,278.63,2025-06-22 16:02:00+00:00,DEV_06,BEN_021,EAST,3.0,550.31,0,0,0.205,2.0,1.0,0.0,0
TXN1442,USER_152,416.61,2025-05-09 08:12:00+00:00,DEV_59,BEN_174,SOUTH,4.0,704.09,0,0,0.028,3.0,4.0,0.0,0
TXN1443,USER_105,834.89,2025-06-12 08:04:00+00:00,DEV_18,BEN_229,NORTH,4.0,441.4,0,0,0.032,2.0,3.0,0.0,0
TXN1444,USER_115,1056.57,2025-04-20 17:59:00+00:00,DEV_58,BEN_037,NORTH,3.0,865.81,0,0,0.02,0.0,1.0,0.0,0
TXN1445,USER_170,246.69,2025-04-30 13:50:00+00:00,DEV_37,BEN_204,SOUTH,2.0,628.4,0,0,0.153,0.0,1.0,0.0,0
TXN1446,USER_147,229.78,2025-05-30 08:55:00+00:00,DEV_77,BEN_189,EAST,5.0,693.51,0,0,0.065,2.0,3.0,0.0,0
TXN1447,USER_179,1198.24,2025-01-07 19:10:00+00:00,DEV_28,BEN_118,WEST,1.0,998.87,0,0,0.042,0.0,4.0,0.0,0
TXN1448,USER_114,537.29,2025-02-09 19:48:00+00:00,DEV_32,BEN_056,EAST,4.0,877.47,0,0,0.165,2.0,1.0,0.0,0
TXN1449,USER_171,990.43,2025-02-06 06:33:00+00:00,DEV_59,BEN_163,SOUTH,5.0,604.02,1,0,0.115,3.0,3.0,0.0,0
TXN1450,USER_169,1016.07,2025-04-24 09:17:00+00:00,DEV_63,BEN_148,SOUTH,1.0,561.02,0,0,0.025,0.0,3.0,0.0,0
TXN1451,USER_173,441.12,2025-02-13 12:40:00+00:00,DEV_10,BEN_203,NORTH,3.0,601.17,0,0,0.007,2.0,1.0,0.0,0
TXN1452,USER_103,1035.34,2025-03-12 19:57:00+00:00,DEV_59,BEN_141,NORTH,4.0,726.48,0,0,0.149,3.0,4.0,0.0,0
TXN1453,USER_108,376.37,2025-03-30 07:27:00+00:00,DEV_39,BEN_013,NORTH,3.0,634.22,0,0,0.081,1.0,4.0,0.0,0
TXN1454,USER_142,517.94,2025-05-14 20:01:00+00:00,DEV_79,BEN_051,WEST,4.0,590.71,0,0,0.0,3.0,1.0,0.0,0
TXN1455,USER_109,1730.33,2025-04-04 11:50:00+00:00,DEV_50,BEN_095,NORTH,4.0,870.08,0,0,0.0,3.0,4.0,0.0,0
TXN1456,USER_105,844.11,2025-01-05 08:11:00+00:00,DEV_62,BEN_123,WEST,4.0,632.87,0,1,0.013,1.0,2.0,0.0,0
TXN1457,USER_164,1973.15,2025-05-04 21:10:00+00:00,DEV_28,BEN_088,EAST,2.0,994.94,0,0,0.006,1.0,3.0,0.0,0
TXN1458,USER_155,483.09,2025-03-18 07:37:00+00:00,DEV_23,BEN_219,EAST,5.0,663.61,0,0,0.0,2.0,5.0,0.0,0
TXN1459,USER_167,850.84,2025-01-21 08:47:00+00:00,DEV_63,BEN_071,WEST,4.0,917.8,0,0,0.014,2.0,5.0,0.0,0
TXN1460,USER_174,840.67,2025-04-28 23:47:00+00:00,DEV_02,BEN_170,WEST,2.0,703.6,0,0,0.025,1.0,2.0,0.0,0
TXN1461,USER_111,962.99,2025-02-18 15:52:00+00:00,DEV_46,BEN_091,NORTH,2.0,794.44,0,0,0.052,0.0,2.0,0.0,0
TXN1462,USER_166,1188.46,2025-03-24 14:53:00+00:00,DEV_77,BEN_248,WEST,4.0,541.31,0,0,0.182,2.0,1.0,0.0,0
TXN1463,USER_103,270.07,2025-06-24 18:07:00+00:00,DEV_79,BEN_229,NORTH,1.0,521.94,0,0,0.064,0.0,5.0,0.0,0
TXN1464,USER_129,1379.48,2025-02-12 17:18:00+00:00,DEV_57,BEN_196,EAST,1.0,718.96,0,0,0.07,0.0,2.0,0.0,0
TXN1465,USER_123,1549.46,2025-06-09 17:43:00+00:00,DEV_40,BEN_191,EAST,3.0,798.28,0,0,0.111,0.0,5.0,0.0,0
TXN1466,USER_118,886.36,2025-03-25 06:23:00+00:00,DEV_65,BEN_161,NORTH,2.0,656.04,0,0,0.066,1.0,5.0,0.0,0
TXN1467,USER_157,435.87,2025-06-17 15:42:00+00:00,DEV_02,BEN_147,EAST,3.0,457.04,0,1,0.104,0.0,3.0,0.0,0
TXN1468,USER_109,573.74,2025-06-02 11:27:00+00:00,DEV_63,BEN_141,EAST,2.0,445.96,0,0,0.097,1.0,4.0,0.0,0
TXN1469,USER_164,373.02,2025-05-30 20:27:00+00:00,DEV_16,BEN_007,WEST,2.0,435.93,1,0,0.087,0.0,3.0,0.0,0
TXN1470,USER_169,699.79,2025-02-07 15:01:00+00:00,DEV_59,BEN_234,WEST,2.0,384.86,0,0,0.246,1.0,3.0,0.0,0
TXN1471,USER_153,830.85,2025-05-23 08:36:00+00:00,DEV_28,BEN_245,SOUTH,6.0,666.42,0,0,0.135,3.0,2.0,0.0,0
TXN1472,USER_106,1685.9,2025-03-08 21:51:00+00:00,DEV_60,BEN_132,EAST,2.0,818.76,0,0,0.015,1.0,5.0,0.0,0
TXN1473,USER_147,961.04,2025-06-13 11:49:00+00:00,DEV_48,BEN_217,WEST,5.0,647.99,0,0,0.102,2.0,1.0,0.0,0
TXN1474,USER_150,397.13,2025-06-28 10:20:00+00:00,DEV_74,BEN_101,NORTH,1.0,310.94,0,0,0.032,0.0,4.0,0.0,0
TXN1475,USER_129,1025.93,2025-04-21 22:40:00+00:00,DEV_63,BEN_028,EAST,1.0,621.39,0,0,0.107,0.0,5.0,0.0,0
TXN1476,USER_129,786.65,2025-06-14 19:11:00+00:00,DEV_73,BEN_208,WEST,5.0,625.58,0,0,0.0,3.0,5.0,0.0,0
TXN1477,USER_137,1946.7,2025-04-06 21:38:00+00:00,DEV_12,BEN_127,NORTH,4.0,964.4,0,1,0.014,2.0,4.0,0.0,0
TXN1478,USER_179,280.62,2025-01-07 17:24:00+00:00,DEV_30,BEN_235,WEST,2.0,431.43,0,0,0.101,0.0,4.0,0.0,0
TXN1479,USER_100,1271.13,2025-06-07 22:55:00+00:00,DEV_35,BEN_054,NORTH,5.0,591.4,0,0,0.14,2.0,5.0,0.0,0
TXN1480,USER_140,1669.68,2025-04-06 08:42:00+00:00,DEV_03,BEN_120,SOUTH,2.0,905.88,0,0,0.11,0.0,5.0,0.0,0
TXN1481,USER_125,1388.64,2025-01-08 16:04:00+00:00,DEV_02,BEN_167,WEST,3.0,717.5,0,0,0.131,0.0,2.0,0.0,0
TXN1482,USER_143,894.27,2025-01-12 11:52:00+00:00,DEV_04,BEN_035,WEST,3.0,734.5,0,0,0.102,1.0,4.0,0.0,0
TXN1483,USER_100,1261.44,2025-05-11 13:43:00+00:00,DEV_61,BEN_249,EAST,3.0,667.19,0,0,0.09,2.0,3.0,0.0,0
TXN1484,USER_173,617.56,2025-06-16 10:12:00+00:00,DEV_36,BEN_152,EAST,4.0,699.49,0,0,0.05,2.0,2.0,0.0,0
TXN1485,USER_136,1339.86,2025-05-06 09:16:00+00:00,DEV_60,BEN_043,SOUTH,5.0,766.64,0,0,0.129,3.0,5.0,1.0,0
TXN1486,USER_177,299.63,2025-03-21 13:10:00+00:00,DEV_66,BEN_185,WEST,2.0,528.58,0,0,0.141,0.0,1.0,0.0,0
TXN1487,USER_112,690.56,2025-02-25 22:18:00+00:00,DEV_03,BEN_219,EAST,3.0,781.71,0,1,0.076,0.0,1.0,0.0,0
TXN1488,USER_146,509.28,2025-03-17 17:56:00+00:00,DEV_67,BEN_094,WEST,5.0,444.05,0,0,0.073,2.0,1.0,0.0,0
TXN1489,USER_154,638.01,2025-02-28 12:54:00+00:00,DEV_18,BEN_152,EAST,4.0,699.26,0,0,0.175,3.0,2.0,0.0,0
TXN1490,USER_163,700.72,2025-02-19 13:33:00+00:00,DEV_32,BEN_187,NORTH,3.0,676.81,0,0,0.079,2.0,3.0,0.0,0
TXN1491,USER_100,1036.05,2025-01-24 15:21:00+00:00,DEV_77,BEN_037,EAST,3.0,557.56,0,0,0.085,2.0,5.0,0.0,0
TXN1492,USER_150,509.31,2025-04-13 10:21:00+00:00,DEV_24,BEN_133,WEST,2.0,646.6,0,0,0.109,0.0,5.0,0.0,0
TXN1493,USER_111,955.18,2025-02-09 15:57:00+00:00,DEV_75,BEN_140,WEST,4.0,556.62,0,0,0.074,3.0,5.0,0.0,0
TXN1494,USER_134,215.29,2025-01-27 18:11:00+00:00,DEV_41,BEN_076,SOUTH,4.0,489.24,0,0,0.031,3.0,4.0,0.0,0
TXN1495,USER_104,1047.6,2025-02-19 10:45:00+00:00,DEV_02,BEN_075,NORTH,4.0,596.96,0,0,0.103,2.0,3.0,0.0,0
TXN1496,USER_104,874.27,2025-05-24 16:59:00+00:00,DEV_66,BEN_157,WEST,3.0,484.4,0,0,0.078,1.0,4.0,0.0,0
TXN1497,USER_161,742.58,2025-04-14 18:51:00+00:00,DEV_04,BEN_188,WEST,5.0,698.42,0,0,0.191,2.0,2.0,0.0,0
TXN1498,USER_157,798.7,2025-03-30 15:43:00+00:00,DEV_51,BEN_097,WEST,4.0,477.49,0,0,0.127,2.0,4.0,0.0,0
TXN1499,USER_171,1542.93,2025-04-17 11:53:00+00:00,DEV_37,BEN_037,EAST,6.0,756.8,0,0,0.044,3.0,1.0,0.0,0
TXN1500,USER_156,861.1,2025-04-12 15:13:00+00:00,DEV_12,BEN_196,WEST,3.0,472.78,0,0,0.124,0.0,5.0,0.0,0
TXN1501,USER_147,588.7,2025-03-31 20:59:00+00:00,DEV_41,BEN_044,SOUTH,4.0,565.06,0,0,0.098,2.0,5.0,0.0,0
TXN1502,USER_109,678.7,2025-06-01 09:05:00+00:00,DEV_29,BEN_001,WEST,5.0,556.31,0,0,0.159,2.0,4.0,0.0,0
TXN1503,USER_161,1511.48,2025-05-12 16:00:00+00:00,DEV_08,BEN_081,SOUTH,4.0,848.77,0,0,0.049,1.0,1.0,0.0,0
TXN1504,USER_118,598.76,2025-02-03 18:11:00+00:00,DEV_44,BEN_204,WEST,5.0,699.54,0,0,0.091,3.0,2.0,0.0,0
TXN1505,USER_108,1129.76,2025-05-28 11:36:00+00:00,DEV_04,BEN_189,NORTH,3.0,618.24,0,0,0.074,0.0,4.0,0.0,0
TXN1506,USER_158,669.24,2025-02-01 12:14:00+00:00,DEV_43,BEN_077,SOUTH,1.0,724.81,1,0,0.084,0.0,3.0,0.0,0
TXN1507,USER_147,611.54,2025-01-15 21:38:00+00:00,DEV_18,BEN_130,NORTH,4.0,333.92,0,0,0.027,3.0,3.0,0.0,0
TXN1508,USER_111,299.19,2025-03-17 12:06:00+00:00,DEV_66,BEN_239,SOUTH,3.0,643.53,0,0,0.115,0.0,3.0,0.0,0
TXN1509,USER_143,364.99,2025-03-12 16:41:00+00:00,DEV_76,BEN_179,WEST,4.0,949.63,0,0,0.105,1.0,5.0,0.0,0
TXN1510,USER_155,1470.72,2025-05-22 08:13:00+00:00,DEV_74,BEN_190,NORTH,2.0,669.85,0,0,0.157,1.0,1.0,0.0,0
TXN1511,USER_139,1288.66,2025-05-06 22:31:00+00:00,DEV_75,BEN_022,EAST,5.0,660.19,0,0,0.079,2.0,3.0,0.0,0
TXN1512,USER_157,1447.9,2025-01-11 16:07:00+00:00,DEV_08,BEN_061,WEST,2.0,732.22,0,0,0.055,0.0,2.0,0.0,0
TXN1513,USER_140,1652.94,2025-03-31 19:58:00+00:00,DEV_41,BEN_026,EAST,3.0,784.34,0,0,0.127,1.0,4.0,0.0,0
TXN1514,USER_128,396.91,2025-05-24 16:22:00+00:00,DEV_18,BEN_244,EAST,6.0,350.38,0,0,0.032,3.0,2.0,0.0,0
TXN1515,USER_117,336.01,2025-05-12 12:36:00+00:00,DEV_08,BEN_086,NORTH,2.0,397.65,0,0,0.145,1.0,2.0,0.0,0
TXN1516,USER_120,372.84,2025-04-01 12:29:00+00:00,DEV_31,BEN_125,EAST,4.0,681.54,0,0,0.145,2.0,1.0,0.0,0
TXN1517,USER_164,679.71,2025-04-21 18:35:00+00:00,DEV_34,BEN_138,NORTH,4.0,542.77,0,0,0.155,3.0,5.0,0.0,0
TXN1518,USER_129,608.08,2025-04-12 21:27:00+00:00,DEV_24,BEN_131,NORTH,4.0,846.8,0,0,0.103,2.0,2.0,0.0,0
TXN1519,USER_157,1252.19,2025-02-11 08:04:00+00:00,DEV_10,BEN_013,WEST,4.0,602.72,0,0,0.051,3.0,5.0,0.0,0
TXN1520,USER_128,110.68,2025-04-12 21:49:00+00:00,DEV_33,BEN_227,EAST,4.0,359.82,0,0,0.087,3.0,5.0,0.0,0
TXN1521,USER_142,263.04,2025-05-02 20:38:00+00:00,DEV_13,BEN_095,WEST,5.0,459.8,0,0,0.103,2.0,5.0,0.0,0
TXN1522,USER_148,182.51,2025-01-11 07:15:00+00:00,DEV_04,BEN_229,SOUTH,4.0,237.55,0,0,0.046,3.0,2.0,0.0,0
TXN1523,USER_138,416.9,2025-05-06 07:05:00+00:00,DEV_36,BEN_191,SOUTH,4.0,614.88,0,0,0.16,2.0,4.0,0.0,0
TXN1524,USER_159,453.24,2025-02-14 18:53:00+00:00,DEV_06,BEN_174,WEST,6.0,621.74,0,0,0.115,3.0,5.0,0.0,0
TXN1525,USER_173,906.75,2025-01-02 21:19:00+00:00,DEV_77,BEN_176,EAST,5.0,586.33,0,0,0.026,2.0,1.0,0.0,0
TXN1526,USER_168,748.73,2025-05-16 13:54:00+00:00,DEV_67,BEN_244,WEST,2.0,811.83,0,0,0.193,1.0,1.0,0.0,0
TXN1527,USER_173,1218.57,2025-03-12 17:45:00+00:00,DEV_74,BEN_076,NORTH,5.0,829.78,0,0,0.086,2.0,2.0,0.0,0
TXN1528,USER_102,1243.57,2025-03-16 23:57:00+00:00,DEV_09,BEN_082,EAST,3.0,624.44,0,0,0.014,1.0,5.0,0.0,0
TXN1529,USER_160,476.51,2025-04-23 11:39:00+00:00,DEV_37,BEN_167,WEST,2.0,329.8,0,0,0.03,1.0,1.0,0.0,0
TXN1530,USER_158,1202.71,2025-04-11 10:10:00+00:00,DEV_66,BEN_058,WEST,3.0,742.59,0,0,0.169,1.0,4.0,0.0,0
TXN1531,USER_132,729.24,2025-04-22 23:02:00+00:00,DEV_46,BEN_201,EAST,3.0,733.3,0,0,0.189,1.0,5.0,0.0,0
TXN1532,USER_125,420.28,2025-06-20 11:14:00+00:00,DEV_25,BEN_008,NORTH,3.0,696.41,0,0,0.141,1.0,5.0,0.0,0
TXN1533,USER_104,724.76,2025-04-28 14:26:00+00:00,DEV_66,BEN_224,EAST,4.0,797.22,0,0,0.159,2.0,3.0,0.0,0
TXN1534,USER_167,1013.35,2025-01-09 13:37:00+00:00,DEV_25,BEN_087,NORTH,2.0,475.28,0,0,0.153,1.0,3.0,0.0,0
TXN1535,USER_167,1409.32,2025-02-10 15:53:00+00:00,DEV_77,BEN_002,WEST,2.0,951.31,0,0,0.113,1.0,4.0,0.0,0
TXN1536,USER_106,418.67,2025-03-22 10:08:00+00:00,DEV_08,BEN_151,EAST,1.0,506.09,0,0,0.1,0.0,4.0,0.0,0
TXN1537,USER_146,881.88,2025-03-27 18:38:00+00:00,DEV_56,BEN_069,NORTH,4.0,762.38,0,0,0.112,1.0,4.0,0.0,0
TXN1538,USER_144,749.13,2025-03-07 18:05:00+00:00,DEV_02,BEN_077,EAST,3.0,396.9,0,0,0.124,1.0,2.0,0.0,0
TXN1539,USER_113,801.44,2025-02-03 09:28:00+00:00,DEV_73,BEN_120,EAST,5.0,510.46,0,0,0.036,3.0,5.0,0.0,0
TXN1540,USER_143,1197.94,2025-01-20 14:04:00+00:00,DEV_29,BEN_145,NORTH,3.0,877.46,0,0,0.124,1.0,3.0,0.0,0
TXN1541,USER_164,1210.62,2025-01-27 07:22:00+00:00,DEV_02,BEN_034,NORTH,3.0,610.87,0,1,0.168,0.0,2.0,0.0,0
TXN1542,USER_126,1224.23,2025-06-21 09:36:00+00:00,DEV_66,BEN_013,NORTH,4.0,775.99,0,0,0.068,1.0,4.0,0.0,0
TXN1543,USER_158,1042.84,2025-03-13 23:44:00+00:00,DEV_77,BEN_115,NORTH,5.0,685.54,0,0,0.061,2.0,4.0,0.0,0
TXN1544,USER_177,418.96,2025-06-23 15:48:00+00:00,DEV_73,BEN_089,EAST,1.0,634.26,0,0,0.109,0.0,1.0,0.0,0
TXN1545,USER_136,429.12,2025-03-02 17:31:00+00:00,DEV_39,BEN_145,WEST,1.0,854.58,0,0,0.041,0.0,1.0,0.0,0
TXN1546,USER_108,1311.2,2025-02-26 21:15:00+00:00,DEV_05,BEN_187,NORTH,4.0,614.5,0,0,0.001,1.0,1.0,0.0,0
TXN1547,USER_123,550.53,2025-03-30 18:54:00+00:00,DEV_18,BEN_154,EAST,4.0,382.89,0,0,0.149,1.0,3.0,0.0,0
TXN1548,USER_110,577.06,2025-06-20 20:56:00+00:00,DEV_03,BEN_026,SOUTH,2.0,529.51,0,0,0.053,1.0,5.0,0.0,0
TXN1549,USER_128,1039.77,2025-04-12 18:58:00+00:00,DEV_04,BEN_249,WEST,2.0,732.68,0,0,0.081,0.0,2.0,0.0,0
TXN1550,USER_151,296.1,2025-01-07 14:47:00+00:00,DEV_13,BEN_178,SOUTH,3.0,709.33,0,0,0.043,2.0,1.0,0.0,0
TXN1551,USER_116,772.64,2025-02-18 17:46:00+00:00,DEV_45,BEN_013,EAST,3.0,414.94,0,0,0.157,0.0,5.0,1.0,0
TXN1552,USER_141,385.24,2025-06-26 11:04:00+00:00,DEV_61,BEN_191,WEST,5.0,541.35,0,0,0.131,2.0,4.0,0.0,0
TXN1553,USER_179,1029.05,2025-01-28 22:34:00+00:00,DEV_47,BEN_220,NORTH,5.0,562.74,0,0,0.066,2.0,3.0,0.0,0
TXN1554,USER_121,782.85,2025-05-31 09:24:00+00:00,DEV_17,BEN_142,SOUTH,3.0,595.18,0,0,0.009,0.0,1.0,0.0,0
TXN1555,USER_170,366.2,2025-06-17 21:15:00+00:00,DEV_48,BEN_208,SOUTH,3.0,443.61,0,0,0.059,1.0,4.0,0.0,0
TXN1556,USER_124,198.62,2025-02-08 21:04:00+00:00,DEV_19,BEN_221,NORTH,1.0,555.74,0,0,0.114,0.0,2.0,0.0,0
TXN1557,USER_149,1000.36,2025-04-11 08:12:00+00:00,DEV_37,BEN_241,EAST,5.0,540.71,1,0,0.091,2.0,2.0,0.0,0
TXN1558,USER_112,486.45,2025-04-18 18:54:00+00:00,DEV_71,BEN_238,NORTH,3.0,765.73,0,0,0.087,1.0,2.0,0.0,0
TXN1559,USER_121,307.34,2025-05-23 23:54:00+00:00,DEV_11,BEN_049,SOUTH,2.0,771.37,0,0,0.093,1.0,1.0,0.0,0
TXN1560,USER_169,1090.54,2025-05-24 16:44:00+00:00,DEV_70,BEN_009,NORTH,3.0,628.13,0,0,0.126,0.0,3.0,0.0,0
TXN1561,USER_147,570.55,2025-01-11 12:06:00+00:00,DEV_22,BEN_163,EAST,3.0,591.19,0,0,0.077,1.0,4.0,0.0,0
TXN1562,USER_145,697.65,2025-02-27 21:41:00+00:00,DEV_53,BEN_170,WEST,2.0,670.99,0,0,0.107,1.0,5.0,0.0,0
TXN1563,USER_140,405.88,2025-06-19 15:07:00+00:00,DEV_21,BEN_142,SOUTH,3.0,527.51,0,0,0.021,0.0,4.0,0.0,0
TXN1564,USER_119,923.66,2025-03-05 08:40:00+00:00,DEV_13,BEN_060,SOUTH,4.0,477.98,0,0,0.233,3.0,5.0,0.0,0
TXN1565,USER_174,440.22,2025-02-14 10:02:00+00:00,DEV_36,BEN_237,SOUTH,2.0,508.97,0,0,0.063,1.0,5.0,0.0,0
TXN1566,USER_131,387.99,2025-04-24 18:17:00+00:00,DEV_31,BEN_102,NORTH,2.0,554.78,0,0,0.092,0.0,2.0,0.0,0
TXN1567,USER_100,422.02,2025-02-05 14:07:00+00:00,DEV_41,BEN_185,SOUTH,3.0,475.48,0,0,0.114,2.0,3.0,0.0,0
TXN1568,USER_172,462.57,2025-01-27 09:56:00+00:00,DEV_19,BEN_156,WEST,4.0,674.31,0,0,0.055,1.0,2.0,0.0,0
TXN1569,USER_103,686.2,2025-05-24 20:34:00+00:00,DEV_78,BEN_224,NORTH,4.0,759.46,0,0,0.08,1.0,4.0,0.0,0
TXN1570,USER_170,188.49,2025-01-22 08:55:00+00:00,DEV_54,BEN_178,WEST,4.0,411.94,0,0,0.08,2.0,5.0,0.0,0
TXN1571,USER_121,393.05,2025-06-10 09:01:00+00:00,DEV_67,BEN_159,NORTH,1.0,653.77,0,0,0.025,0.0,5.0,0.0,0
TXN1572,USER_105,674.02,2025-02-14 14:44:00+00:00,DEV_62,BEN_210,NORTH,4.0,617.01,0,0,0.106,2.0,1.0,0.0,0
TXN1573,USER_117,1382.11,2025-01-20 06:28:00+00:00,DEV_58,BEN_014,SOUTH,1.0,701.23,0,0,0.0,0.0,3.0,0.0,0
TXN1574,USER_152,264.96,2025-05-14 12:28:00+00:00,DEV_12,BEN_176,SOUTH,3.0,648.06,0,0,0.185,0.0,1.0,0.0,0
TXN1575,USER_143,304.14,2025-02-01 22:52:00+00:00,DEV_47,BEN_146,SOUTH,3.0,431.96,0,0,0.128,0.0,2.0,0.0,0
TXN1576,USER_112,933.19,2025-03-07 22:02:00+00:00,DEV_71,BEN_194,WEST,1.0,460.64,0,0,0.118,0.0,3.0,0.0,0
TXN1577,USER_124,1302.96,2025-03-05 21:56:00+00:00,DEV_08,BEN_056,WEST,3.0,654.41,0,0,0.0,1.0,4.0,0.0,0
TXN1578,USER_116,1279.63,2025-04-02 11:01:00+00:00,DEV_37,BEN_150,EAST,6.0,804.32,0,0,0.032,3.0,4.0,0.0,0
TXN1579,USER_152,240.6,2025-03-27 07:21:00+00:00,DEV_15,BEN_071,NORTH,5.0,317.87,0,0,0.163,3.0,5.0,1.0,0
TXN1580,USER_169,770.39,2025-02-05 20:08:00+00:00,DEV_63,BEN_030,WEST,1.0,701.86,0,0,0.3,0.0,2.0,0.0,0
TXN1581,USER_120,581.0,2025-02-12 12:31:00+00:00,DEV_74,BEN_144,WEST,4.0,828.44,0,0,0.152,3.0,3.0,0.0,0
TXN1582,USER_171,341.31,2025-02-04 19:35:00+00:00,DEV_05,BEN_006,NORTH,5.0,627.05,0,1,0.142,2.0,1.0,0.0,0
TXN1583,USER_132,748.64,2025-01-10 08:38:00+00:00,DEV_64,BEN_024,SOUTH,4.0,732.53,0,0,0.111,2.0,1.0,0.0,0
TXN1584,USER_106,759.12,2025-04-28 18:47:00+00:00,DEV_29,BEN_132,WEST,5.0,544.54,0,0,0.029,3.0,5.0,0.0,0
TXN1585,USER_125,621.9,2025-03-26 16:45:00+00:00,DEV_77,BEN_224,NORTH,2.0,632.1,0,0,0.14,1.0,5.0,0.0,0
TXN1586,USER_169,594.25,2025-01-20 22:56:00+00:00,DEV_02,BEN_179,NORTH,2.0,406.86,0,1,0.014,1.0,5.0,0.0,0
TXN1587,USER_164,257.44,2025-03-01 07:26:00+00:00,DEV_16,BEN_004,EAST,4.0,298.35,0,0,0.007,2.0,2.0,0.0,0
TXN1588,USER_158,757.48,2025-05-01 13:10:00+00:00,DEV_57,BEN_028,SOUTH,4.0,791.41,0,0,0.004,2.0,4.0,1.0,0
TXN1589,USER_131,905.2,2025-02-21 23:09:00+00:00,DEV_62,BEN_108,SOUTH,4.0,502.25,0,0,0.139,2.0,2.0,0.0,0
TXN1590,USER_162,1145.19,2025-03-14 13:16:00+00:00,DEV_07,BEN_107,WEST,3.0,581.67,1,0,0.077,0.0,4.0,0.0,0
TXN1591,USER_156,403.07,2025-05-14 17:36:00+00:00,DEV_13,BEN_010,EAST,4.0,442.03,0,0,0.086,3.0,3.0,0.0,0
TXN1592,USER_163,607.71,2025-05-01 08:03:00+00:00,DEV_27,BEN_064,EAST,3.0,438.5,0,0,0.079,1.0,5.0,0.0,0
TXN1593,USER_144,516.93,2025-05-07 19:57:00+00:00,DEV_03,BEN_032,NORTH,4.0,623.92,0,0,0.012,3.0,2.0,0.0,0
TXN1594,USER_140,216.95,2025-03-10 10:59:00+00:00,DEV_62,BEN_142,NORTH,2.0,540.56,0,0,0.04,1.0,4.0,0.0,0
TXN1595,USER_177,1202.75,2025-03-29 16:09:00+00:00,DEV_53,BEN_164,SOUTH,2.0,706.7,0,0,0.043,0.0,4.0,0.0,0
TXN1596,USER_175,448.61,2025-06-02 21:46:00+00:00,DEV_60,BEN_098,NORTH,4.0,717.88,0,0,0.0,3.0,4.0,0.0,0
TXN1597,USER_142,774.12,2025-06-07 17:35:00+00:00,DEV_38,BEN_143,SOUTH,4.0,698.13,0,0,0.05,2.0,1.0,0.0,0
TXN1598,USER_116,840.36,2025-01-11 14:28:00+00:00,DEV_51,BEN_051,WEST,2.0,685.79,0,0,0.015,0.0,3.0,0.0,0
TXN1599,USER_132,576.77,2025-05-31 09:44:00+00:00,DEV_46,BEN_213,NORTH,2.0,886.67,0,0,0.115,0.0,3.0,0.0,0
TXN1600,USER_140,234.96,2025-06-10 12:34:00+00:00,DEV_55,BEN_002,NORTH,3.0,489.86,0,0,0.12,0.0,2.0,0.0,0
TXN1601,USER_154,616.88,2025-06-19 21:19:00+00:00,DEV_36,BEN_126,NORTH,1.0,641.76,0,0,0.002,0.0,5.0,0.0,0
TXN1602,USER_125,1729.46,2025-02-18 09:33:00+00:00,DEV_52,BEN_081,SOUTH,5.0,819.9,0,0,0.062,3.0,5.0,0.0,0
TXN1603,USER_103,1233.29,2025-04-01 17:08:00+00:00,DEV_51,BEN_113,NORTH,3.0,839.68,0,0,0.191,0.0,1.0,0.0,0
TXN1604,USER_165,447.51,2025-01-08 14:15:00+00:00,DEV_51,BEN_129,NORTH,1.0,436.74,0,0,0.021,0.0,4.0,0.0,0
TXN1605,USER_175,225.53,2025-01-20 11:58:00+00:00,DEV_69,BEN_161,EAST,5.0,603.15,0,0,0.106,3.0,5.0,0.0,0
TXN1606,USER_106,1229.8,2025-04-12 18:11:00+00:00,DEV_28,BEN_232,NORTH,6.0,853.72,0,0,0.086,3.0,2.0,0.0,0
TXN1607,USER_125,345.16,2025-02-07 12:35:00+00:00,DEV_70,BEN_140,NORTH,2.0,726.21,0,0,0.146,0.0,4.0,0.0,0
TXN1608,USER_134,904.02,2025-02-10 11:17:00+00:00,DEV_03,BEN_057,WEST,3.0,679.29,0,0,0.098,2.0,4.0,0.0,0
TXN1609,USER_160,1067.21,2025-02-23 15:27:00+00:00,DEV_39,BEN_131,NORTH,5.0,617.35,0,0,0.054,2.0,1.0,0.0,0
TXN1610,USER_161,654.52,2025-03-24 19:14:00+00:00,DEV_35,BEN_128,NORTH,3.0,592.43,0,0,0.084,2.0,5.0,0.0,0
TXN1611,USER_127,602.34,2025-01-28 21:34:00+00:00,DEV_69,BEN_216,NORTH,2.0,693.23,0,0,0.085,1.0,4.0,0.0,0
TXN1612,USER_124,238.75,2025-05-25 17:33:00+00:00,DEV_04,BEN_142,EAST,5.0,612.14,0,0,0.074,3.0,2.0,0.0,0
TXN1613,USER_132,223.38,2025-05-01 17:37:00+00:00,DEV_18,BEN_217,EAST,4.0,643.61,0,0,0.001,3.0,2.0,0.0,0
TXN1614,USER_119,739.25,2025-05-23 20:18:00+00:00,DEV_38,BEN_162,EAST,4.0,661.79,0,0,0.155,2.0,4.0,0.0,0
TXN1615,USER_134,1084.71,2025-06-16 10:34:00+00:00,DEV_65,BEN_143,EAST,5.0,548.29,0,0,0.144,3.0,5.0,0.0,0
TXN1616,USER_121,557.38,2025-04-19 10:43:00+00:00,DEV_37,BEN_082,NORTH,3.0,729.82,0,0,0.017,0.0,1.0,0.0,0
TXN1617,USER_104,1511.89,2025-03-07 14:43:00+00:00,DEV_51,BEN_064,SOUTH,4.0,1087.14,0,0,0.062,2.0,2.0,0.0,0
TXN1618,USER_157,613.59,2025-06-26 17:34:00+00:00,DEV_15,BEN_025,EAST,5.0,383.45,0,0,0.066,3.0,4.0,0.0,0
TXN1619,USER_162,290.32,2025-04-12 17:17:00+00:00,DEV_75,BEN_137,EAST,5.0,698.6,0,0,0.011,2.0,1.0,0.0,0
TXN1620,USER_122,316.7,2025-03-25 08:31:00+00:00,DEV_62,BEN_230,SOUTH,4.0,535.97,0,0,0.0,3.0,5.0,0.0,0
TXN1621,USER_132,684.62,2025-03-16 20:32:00+00:00,DEV_04,BEN_004,WEST,3.0,736.61,0,0,0.04,1.0,2.0,0.0,0
TXN1622,USER_132,1033.55,2025-01-08 12:57:00+00:00,DEV_56,BEN_238,WEST,6.0,656.98,0,0,0.059,3.0,5.0,0.0,0
TXN1623,USER_101,866.82,2025-06-22 21:22:00+00:00,DEV_11,BEN_214,WEST,4.0,764.28,0,0,0.0,3.0,1.0,0.0,0
TXN1624,USER_143,1400.6,2025-05-28 19:19:00+00:00,DEV_45,BEN_110,WEST,3.0,826.33,0,0,0.091,2.0,5.0,0.0,0
TXN1625,USER_136,1322.72,2025-05-06 23:44:00+00:00,DEV_56,BEN_079,WEST,3.0,678.86,0,0,0.15,2.0,1.0,0.0,0
TXN1626,USER_175,1427.21,2025-02-09 17:38:00+00:00,DEV_74,BEN_145,WEST,5.0,819.81,0,1,0.131,2.0,4.0,0.0,0
TXN1627,USER_129,651.99,2025-06-17 15:25:00+00:00,DEV_06,BEN_214,EAST,3.0,298.36,0,0,0.072,1.0,2.0,0.0,0
TXN1628,USER_163,1540.14,2025-02-01 09:00:00+00:00,DEV_23,BEN_008,SOUTH,3.0,888.57,1,1,0.0,2.0,3.0,0.0,0
TXN1629,USER_131,1355.41,2025-02-13 13:42:00+00:00,DEV_55,BEN_112,SOUTH,6.0,706.26,0,0,0.123,3.0,1.0,0.0,0
TXN1630,USER_114,1527.17,2025-01-13 21:44:00+00:00,DEV_21,BEN_012,WEST,3.0,811.68,0,0,0.089,0.0,4.0,0.0,0
TXN1631,USER_127,788.1,2025-02-21 12:55:00+00:00,DEV_57,BEN_161,SOUTH,1.0,467.02,0,0,0.105,0.0,4.0,0.0,0
TXN1632,USER_170,958.0,2025-03-01 06:30:00+00:00,DEV_15,BEN_020,EAST,4.0,525.38,0,0,0.196,1.0,2.0,0.0,0
TXN1633,USER_120,1394.78,2025-05-24 10:30:00+00:00,DEV_13,BEN_079,EAST,4.0,671.89,0,0,0.031,1.0,3.0,0.0,0
TXN1634,USER_167,778.81,2025-02-28 16:12:00+00:00,DEV_44,BEN_184,SOUTH,5.0,647.44,0,0,0.0,2.0,3.0,0.0,0
TXN1635,USER_153,1047.52,2025-06-22 17:27:00+00:00,DEV_55,BEN_188,SOUTH,2.0,692.46,0,0,0.017,1.0,4.0,0.0,0
TXN1636,USER_159,1038.91,2025-02-24 23:00:00+00:00,DEV_17,BEN_057,NORTH,3.0,812.68,0,0,0.109,2.0,3.0,0.0,0
TXN1637,USER_160,738.45,2025-04-05 22:30:00+00:00,DEV_70,BEN_128,EAST,2.0,385.22,0,0,0.082,0.0,1.0,0.0,0
TXN1638,USER_141,891.27,2025-04-17 15:42:00+00:00,DEV_69,BEN_046,NORTH,4.0,796.07,0,0,0.007,1.0,3.0,0.0,0
TXN1639,USER_148,1209.67,2025-05-30 15:47:00+00:00,DEV_07,BEN_148,NORTH,4.0,651.24,0,0,0.0,2.0,2.0,0.0,0
TXN1640,USER_105,1126.61,2025-05-16 20:39:00+00:00,DEV_25,BEN_003,SOUTH,4.0,619.43,0,0,0.059,1.0,3.0,0.0,0
TXN1641,USER_155,913.44,2025-06-06 06:48:00+00:00,DEV_44,BEN_203,EAST,3.0,429.33,0,0,0.005,2.0,2.0,0.0,0
TXN1642,USER_156,560.74,2025-06-18 16:39:00+00:00,DEV_39,BEN_006,SOUTH,4.0,725.46,0,0,0.111,2.0,2.0,0.0,0
TXN1643,USER_108,474.51,2025-01-22 14:46:00+00:00,DEV_21,BEN_152,WEST,4.0,287.88,0,0,0.055,1.0,2.0,0.0,0
TXN1644,USER_141,1298.85,2025-01-17 20:26:00+00:00,DEV_42,BEN_101,WEST,3.0,747.26,0,0,0.042,1.0,2.0,0.0,0
TXN1645,USER_140,886.01,2025-03-22 20:36:00+00:00,DEV_77,BEN_056,SOUTH,6.0,426.18,0,0,0.035,3.0,4.0,0.0,0
TXN1646,USER_124,1331.25,2025-01-28 17:38:00+00:00,DEV_25,BEN_135,WEST,5.0,658.02,0,0,0.096,3.0,2.0,0.0,0
TXN1647,USER_105,878.46,2025-03-30 17:34:00+00:00,DEV_18,BEN_036,NORTH,1.0,632.12,0,0,0.083,0.0,4.0,0.0,0
TXN1648,USER_100,1155.93,2025-04-17 18:34:00+00:00,DEV_59,BEN_145,NORTH,5.0,825.43,0,0,0.092,2.0,3.0,0.0,0
TXN1649,USER_116,385.05,2025-02-19 16:46:00+00:00,DEV_46,BEN_161,SOUTH,4.0,623.2,0,0,0.091,1.0,4.0,0.0,0
TXN1650,USER_118,1174.97,2025-01-18 10:14:00+00:00,DEV_55,BEN_115,WEST,3.0,545.88,0,0,0.076,0.0,1.0,0.0,0
TXN1651,USER_116,450.33,2025-06-23 11:19:00+00:00,DEV_52,BEN_091,EAST,4.0,574.01,0,0,0.018,2.0,2.0,0.0,0
TXN1652,USER_148,1410.24,2025-03-08 19:31:00+00:00,DEV_61,BEN_115,EAST,2.0,840.93,0,0,0.036,0.0,5.0,1.0,0
TXN1653,USER_133,1323.57,2025-06-01 17:38:00+00:00,DEV_58,BEN_239,EAST,2.0,730.44,0,0,0.056,1.0,5.0,0.0,0
TXN1654,USER_108,674.06,2025-04-23 10:30:00+00:00,DEV_48,BEN_188,SOUTH,4.0,592.16,0,0,0.204,2.0,1.0,0.0,0
TXN1655,USER_106,430.95,2025-04-30 21:11:00+00:00,DEV_36,BEN_002,WEST,4.0,614.53,0,0,0.0,3.0,5.0,0.0,0
TXN1656,USER_152,273.44,2025-05-21 23:49:00+00:00,DEV_37,BEN_073,WEST,2.0,414.92,0,0,0.055,1.0,5.0,0.0,0
TXN1657,USER_174,1365.08,2025-02-17 17:32:00+00:00,DEV_21,BEN_007,SOUTH,4.0,708.27,0,0,0.086,3.0,1.0,0.0,0
TXN1658,USER_165,490.42,2025-02-09 10:26:00+00:00,DEV_36,BEN_060,EAST,5.0,386.03,0,0,0.062,3.0,2.0,0.0,0
TXN1659,USER_160,359.46,2025-06-29 22:52:00+00:00,DEV_48,BEN_194,EAST,4.0,762.77,0,0,0.144,1.0,1.0,0.0,0
TXN1660,USER_125,1112.59,2025-05-01 10:26:00+00:00,DEV_57,BEN_213,EAST,3.0,669.29,0,0,0.061,0.0,5.0,0.0,0
TXN1661,USER_156,781.56,2025-02-22 13:09:00+00:00,DEV_62,BEN_114,NORTH,5.0,1008.04,0,0,0.066,2.0,5.0,0.0,0
TXN1662,USER_106,953.06,2025-04-27 21:59:00+00:00,DEV_30,BEN_172,NORTH,2.0,484.98,0,0,0.129,0.0,4.0,0.0,0
TXN1663,USER_113,563.64,2025-03-12 15:22:00+00:00,DEV_58,BEN_093,WEST,6.0,634.6,0,0,0.189,3.0,2.0,0.0,0
TXN1664,USER_111,625.9,2025-06-04 10:53:00+00:00,DEV_35,BEN_119,NORTH,4.0,919.74,0,1,0.164,1.0,5.0,0.0,0
TXN1665,USER_114,382.23,2025-04-02 07:31:00+00:00,DEV_29,BEN_207,EAST,6.0,828.71,0,0,0.072,3.0,5.0,0.0,0
TXN1666,USER_128,693.91,2025-02-26 12:14:00+00:00,DEV_13,BEN_069,WEST,4.0,545.57,0,0,0.077,2.0,5.0,0.0,0
TXN1667,USER_103,790.51,2025-05-05 18:22:00+00:00,DEV_22,BEN_080,EAST,2.0,683.6,0,0,0.083,1.0,2.0,0.0,0
TXN1668,USER_165,1123.39,2025-05-16 18:54:00+00:00,DEV_54,BEN_035,NORTH,5.0,650.3,0,0,0.089,3.0,4.0,0.0,0
TXN1669,USER_157,818.81,2025-03-09 10:56:00+00:00,DEV_18,BEN_055,WEST,6.0,692.29,0,0,0.029,3.0,4.0,0.0,0
TXN1670,USER_150,519.71,2025-05-16 08:08:00+00:00,DEV_07,BEN_010,NORTH,6.0,545.2,0,0,0.136,3.0,1.0,0.0,0
TXN1671,USER_114,507.46,2025-02-12 18:59:00+00:00,DEV_22,BEN_204,EAST,1.0,636.6,0,0,0.092,0.0,3.0,0.0,0
TXN1672,USER_169,339.92,2025-02-13 08:51:00+00:00,DEV_79,BEN_213,SOUTH,2.0,410.29,0,0,0.077,1.0,3.0,0.0,0
TXN1673,USER_100,1382.7,2025-05-29 07:38:00+00:00,DEV_12,BEN_105,EAST,5.0,670.27,0,0,0.004,3.0,3.0,0.0,0
TXN1674,USER_179,440.3,2025-04-22 14:10:00+00:00,DEV_12,BEN_148,SOUTH,6.0,717.5,0,0,0.084,3.0,2.0,0.0,0
TXN1675,USER_158,1341.12,2025-01-07 16:35:00+00:00,DEV_32,BEN_062,EAST,4.0,615.89,0,0,0.0,1.0,4.0,0.0,0
TXN1676,USER_116,375.59,2025-05-02 10:25:00+00:00,DEV_31,BEN_012,SOUTH,3.0,407.74,0,0,0.045,0.0,5.0,0.0,0
TXN1677,USER_115,373.55,2025-02-25 09:07:00+00:00,DEV_73,BEN_129,EAST,2.0,798.28,0,0,0.046,1.0,4.0,0.0,0
TXN1678,USER_155,544.37,2025-02-19 10:59:00+00:00,DEV_19,BEN_040,WEST,5.0,704.68,0,0,0.097,2.0,5.0,0.0,0
TXN1679,USER_164,222.38,2025-03-18 12:36:00+00:00,DEV_33,BEN_212,WEST,3.0,541.1,0,0,0.193,2.0,4.0,0.0,0
TXN1680,USER_137,1094.88,2025-03-23 06:05:00+00:00,DEV_23,BEN_070,SOUTH,6.0,607.91,0,0,0.114,3.0,2.0,0.0,0
TXN1681,USER_104,541.26,2025-06-10 06:20:00+00:00,DEV_20,BEN_184,WEST,3.0,424.9,0,0,0.167,0.0,4.0,0.0,0
TXN1682,USER_139,466.55,2025-03-20 12:50:00+00:00,DEV_26,BEN_066,WEST,3.0,496.19,0,0,0.119,1.0,4.0,0.0,0
TXN1683,USER_138,886.95,2025-02-23 06:26:00+00:00,DEV_21,BEN_032,EAST,3.0,569.33,0,0,0.148,1.0,5.0,0.0,0
TXN1684,USER_126,1249.92,2025-05-20 11:29:00+00:00,DEV_57,BEN_137,EAST,5.0,834.26,0,0,0.191,3.0,2.0,0.0,0
TXN1685,USER_172,1155.66,2025-04-08 16:08:00+00:00,DEV_63,BEN_046,NORTH,2.0,554.07,0,0,0.036,0.0,1.0,0.0,0
TXN1686,USER_127,1586.36,2025-01-01 06:06:00+00:00,DEV_14,BEN_100,EAST,3.0,746.03,0,0,0.032,0.0,4.0,0.0,0
TXN1687,USER_119,906.99,2025-04-24 17:58:00+00:00,DEV_40,BEN_074,NORTH,2.0,569.25,0,0,0.12,1.0,4.0,0.0,0
TXN1688,USER_154,1273.95,2025-04-01 17:57:00+00:00,DEV_21,BEN_220,NORTH,1.0,687.19,1,0,0.08,0.0,4.0,0.0,0
TXN1689,USER_149,1135.35,2025-04-14 16:05:00+00:00,DEV_69,BEN_126,WEST,5.0,628.79,0,0,0.093,2.0,4.0,0.0,0
TXN1690,USER_149,963.29,2025-02-03 17:32:00+00:00,DEV_08,BEN_180,SOUTH,5.0,780.96,0,0,0.065,2.0,3.0,0.0,0
TXN1691,USER_140,933.57,2025-03-28 20:40:00+00:00,DEV_33,BEN_147,EAST,4.0,569.78,0,0,0.044,2.0,1.0,0.0,0
TXN1692,USER_125,185.81,2025-04-27 07:52:00+00:00,DEV_27,BEN_227,WEST,4.0,414.12,0,0,0.177,3.0,5.0,0.0,0
TXN1693,USER_120,770.42,2025-05-02 09:33:00+00:00,DEV_29,BEN_110,EAST,4.0,442.71,1,0,0.014,1.0,2.0,0.0,0
TXN1694,USER_109,1213.13,2025-05-03 11:52:00+00:00,DEV_75,BEN_215,WEST,4.0,570.22,0,0,0.121,1.0,2.0,0.0,0
TXN1695,USER_114,213.49,2025-06-29 18:07:00+00:00,DEV_43,BEN_224,WEST,2.0,462.64,0,0,0.111,1.0,5.0,0.0,0
TXN1696,USER_146,1343.81,2025-04-01 21:00:00+00:00,DEV_31,BEN_230,SOUTH,5.0,711.53,1,0,0.0,3.0,4.0,0.0,0
TXN1697,USER_132,1202.42,2025-03-19 22:27:00+00:00,DEV_64,BEN_174,WEST,4.0,580.13,0,0,0.03,2.0,3.0,0.0,0
TXN1698,USER_159,734.28,2025-04-08 16:15:00+00:00,DEV_62,BEN_245,WEST,3.0,1006.19,0,0,0.04,0.0,4.0,0.0,0
TXN1699,USER_164,505.03,2025-03-01 13:45:00+00:00,DEV_12,BEN_186,SOUTH,5.0,389.34,0,0,0.114,2.0,1.0,0.0,0
TXN1700,USER_144,1403.92,2025-02-26 13:20:00+00:00,DEV_37,BEN_078,WEST,4.0,680.54,0,0,0.058,2.0,2.0,0.0,0
TXN1701,USER_108,1021.44,2025-05-05 07:24:00+00:00,DEV_33,BEN_040,NORTH,3.0,480.81,0,0,0.075,0.0,2.0,0.0,0
TXN1702,USER_100,312.75,2025-02-26 14:32:00+00:00,DEV_36,BEN_053,NORTH,4.0,575.99,0,0,0.0,2.0,3.0,0.0,0
TXN1703,USER_118,646.45,2025-05-15 15:57:00+00:00,DEV_28,BEN_143,EAST,4.0,671.21,0,0,0.22,2.0,2.0,0.0,0
TXN1704,USER_122,489.88,2025-05-15 09:04:00+00:00,DEV_66,BEN_042,EAST,3.0,301.19,0,0,0.084,0.0,1.0,0.0,0
TXN1705,USER_105,494.24,2025-06-21 19:33:00+00:00,DEV_79,BEN_060,EAST,2.0,685.52,1,0,0.11,0.0,4.0,0.0,0
TXN1706,USER_162,857.85,2025-01-24 20:23:00+00:00,DEV_03,BEN_157,WEST,4.0,935.44,0,0,0.048,2.0,3.0,0.0,0
TXN1707,USER_129,200.35,2025-03-07 11:02:00+00:00,DEV_68,BEN_083,SOUTH,4.0,581.98,0,0,0.041,2.0,2.0,0.0,0
TXN1708,USER_159,407.66,2025-05-19 22:48:00+00:00,DEV_69,BEN_170,WEST,3.0,688.97,0,0,0.195,2.0,5.0,0.0,0
TXN1709,USER_116,1099.86,2025-03-19 07:54:00+00:00,DEV_29,BEN_249,WEST,2.0,803.74,0,0,0.0,1.0,2.0,0.0,0
TXN1710,USER_100,963.67,2025-04-28 22:10:00+00:00,DEV_39,BEN_022,NORTH,3.0,625.41,0,0,0.097,2.0,1.0,0.0,0
TXN1711,USER_110,862.82,2025-05-13 19:45:00+00:00,DEV_09,BEN_160,SOUTH,6.0,562.86,0,0,0.007,3.0,5.0,1.0,0
TXN1712,USER_137,549.03,2025-06-09 10:42:00+00:00,DEV_28,BEN_205,NORTH,2.0,308.64,0,0,0.056,0.0,1.0,0.0,0
TXN1713,USER_138,812.58,2025-02-10 17:42:00+00:00,DEV_19,BEN_035,EAST,5.0,746.15,0,0,0.042,2.0,1.0,0.0,0
TXN1714,USER_134,518.85,2025-02-16 11:27:00+00:00,DEV_72,BEN_195,SOUTH,2.0,633.02,0,0,0.021,0.0,3.0,0.0,0
TXN1715,USER_176,164.17,2025-03-26 20:19:00+00:00,DEV_09,BEN_127,SOUTH,1.0,498.1,0,0,0.082,0.0,3.0,0.0,0
TXN1716,USER_152,463.34,2025-04-02 08:04:00+00:00,DEV_27,BEN_157,SOUTH,5.0,668.99,0,0,0.0,3.0,2.0,0.0,0
TXN1717,USER_158,502.57,2025-06-12 10:02:00+00:00,DEV_38,BEN_013,SOUTH,1.0,562.45,0,0,0.061,0.0,5.0,0.0,0
TXN1718,USER_109,364.47,2025-01-08 11:10:00+00:00,DEV_78,BEN_109,NORTH,3.0,570.74,0,0,0.075,2.0,2.0,0.0,0
TXN1719,USER_137,250.64,2025-02-14 09:31:00+00:00,DEV_65,BEN_092,NORTH,4.0,740.94,0,0,0.0,2.0,5.0,0.0,0
TXN1720,USER_149,269.16,2025-06-14 11:08:00+00:00,DEV_74,BEN_039,EAST,4.0,449.24,0,0,0.171,3.0,4.0,0.0,0
TXN1721,USER_146,1263.58,2025-04-21 16:41:00+00:00,DEV_25,BEN_190,WEST,4.0,807.1,0,0,0.044,2.0,1.0,0.0,0
TXN1722,USER_175,658.85,2025-05-02 17:37:00+00:00,DEV_22,BEN_126,EAST,5.0,440.35,0,0,0.066,2.0,3.0,0.0,0
TXN1723,USER_138,1144.03,2025-02-14 15:20:00+00:00,DEV_46,BEN_219,WEST,4.0,550.59,0,0,0.044,3.0,1.0,0.0,0
TXN1724,USER_129,1704.7,2025-04-23 09:05:00+00:00,DEV_27,BEN_040,NORTH,6.0,938.44,0,0,0.075,3.0,5.0,0.0,0
TXN1725,USER_175,1129.33,2025-03-08 09:31:00+00:00,DEV_02,BEN_182,WEST,4.0,819.1,0,0,0.158,2.0,4.0,0.0,0
TXN1726,USER_126,373.1,2025-05-12 22:49:00+00:00,DEV_65,BEN_151,EAST,1.0,664.64,0,0,0.228,0.0,3.0,0.0,0
TXN1727,USER_145,698.1,2025-01-17 10:23:00+00:00,DEV_08,BEN_163,EAST,1.0,508.92,0,0,0.125,0.0,4.0,0.0,0
TXN1728,USER_102,237.96,2025-02-21 07:48:00+00:00,DEV_16,BEN_078,NORTH,2.0,570.61,0,0,0.145,1.0,4.0,0.0,0
TXN1729,USER_113,739.44,2025-04-27 14:17:00+00:00,DEV_75,BEN_173,EAST,3.0,660.99,0,0,0.183,2.0,3.0,0.0,0
TXN1730,USER_104,682.83,2025-04-19 06:04:00+00:00,DEV_58,BEN_062,SOUTH,3.0,655.63,0,0,0.095,2.0,2.0,0.0,0
TXN1731,USER_133,708.18,2025-06-01 12:38:00+00:00,DEV_51,BEN_190,WEST,6.0,636.37,0,0,0.174,3.0,2.0,0.0,0
TXN1732,USER_174,536.74,2025-05-25 21:53:00+00:00,DEV_11,BEN_110,WEST,3.0,645.38,0,0,0.128,0.0,2.0,0.0,0
TXN1733,USER_105,990.45,2025-01-03 10:53:00+00:00,DEV_20,BEN_120,WEST,2.0,617.84,0,0,0.089,0.0,4.0,0.0,0
TXN1734,USER_178,823.08,2025-01-17 18:57:00+00:00,DEV_17,BEN_145,WEST,3.0,433.7,0,0,0.101,0.0,3.0,0.0,0
TXN1735,USER_169,1007.75,2025-03-05 14:06:00+00:00,DEV_51,BEN_021,EAST,3.0,572.52,0,0,0.0,2.0,3.0,0.0,0
TXN1736,USER_100,1175.07,2025-06-22 12:02:00+00:00,DEV_40,BEN_092,NORTH,4.0,787.19,0,0,0.098,2.0,4.0,0.0,0
TXN1737,USER_101,588.34,2025-03-27 17:34:00+00:00,DEV_29,BEN_051,SOUTH,1.0,444.75,0,0,0.0,0.0,3.0,0.0,0
TXN1738,USER_172,223.18,2025-06-10 16:57:00+00:00,DEV_59,BEN_240,WEST,5.0,621.57,0,0,0.0,3.0,5.0,0.0,0
TXN1739,USER_146,882.04,2025-01-11 11:59:00+00:00,DEV_62,BEN_106,EAST,3.0,527.04,0,0,0.092,1.0,2.0,0.0,0
TXN1740,USER_113,890.36,2025-06-23 10:16:00+00:00,DEV_59,BEN_002,WEST,5.0,666.7,0,0,0.013,2.0,1.0,0.0,0
TXN1741,USER_176,481.89,2025-01-11 22:22:00+00:00,DEV_09,BEN_007,WEST,6.0,591.71,0,0,0.08,3.0,3.0,0.0,0
TXN1742,USER_144,804.41,2025-05-26 09:39:00+00:00,DEV_49,BEN_228,EAST,2.0,871.61,0,1,0.088,0.0,3.0,0.0,0
TXN1743,USER_150,1508.35,2025-06-07 23:54:00+00:00,DEV_17,BEN_040,NORTH,4.0,725.99,0,0,0.091,3.0,5.0,0.0,0
TXN1744,USER_154,673.63,2025-02-22 14:10:00+00:00,DEV_22,BEN_001,WEST,4.0,453.23,0,0,0.026,3.0,4.0,0.0,0
TXN1745,USER_116,904.0,2025-02-24 23:58:00+00:00,DEV_78,BEN_053,NORTH,4.0,750.68,0,0,0.134,3.0,5.0,0.0,0
TXN1746,USER_128,789.89,2025-04-15 12:49:00+00:00,DEV_33,BEN_054,NORTH,2.0,533.8,0,0,0.075,0.0,1.0,0.0,0
TXN1747,USER_110,611.97,2025-05-10 16:04:00+00:00,DEV_63,BEN_020,NORTH,3.0,563.45,0,0,0.106,1.0,3.0,0.0,0
TXN1748,USER_142,831.85,2025-01-22 17:50:00+00:00,DEV_20,BEN_249,NORTH,3.0,697.07,0,1,0.008,0.0,5.0,0.0,0
TXN1749,USER_178,490.72,2025-02-12 12:38:00+00:00,DEV_77,BEN_015,SOUTH,2.0,576.24,0,0,0.069,1.0,3.0,0.0,0
TXN1750,USER_150,890.32,2025-05-16 09:58:00+00:00,DEV_22,BEN_182,WEST,5.0,783.93,0,0,0.146,3.0,2.0,0.0,0
TXN1751,USER_155,855.52,2025-05-26 15:12:00+00:00,DEV_15,BEN_209,WEST,4.0,533.82,0,0,0.138,3.0,4.0,0.0,0
TXN1752,USER_115,209.43,2025-01-28 17:59:00+00:00,DEV_26,BEN_161,SOUTH,5.0,557.16,0,0,0.032,3.0,5.0,0.0,0
TXN1753,USER_143,998.6,2025-06-10 10:02:00+00:00,DEV_14,BEN_033,SOUTH,3.0,551.54,0,0,0.047,1.0,2.0,0.0,0
TXN1754,USER_179,473.41,2025-06-06 19:04:00+00:00,DEV_48,BEN_181,SOUTH,6.0,565.15,0,0,0.021,3.0,3.0,0.0,0
TXN1755,USER_107,1301.25,2025-06-06 17:26:00+00:00,DEV_12,BEN_083,WEST,5.0,814.88,0,0,0.041,3.0,5.0,0.0,0
TXN1756,USER_116,1132.24,2025-02-13 08:39:00+00:00,DEV_17,BEN_102,NORTH,4.0,744.32,0,0,0.0,3.0,1.0,0.0,0
TXN1757,USER_157,1395.99,2025-05-01 22:10:00+00:00,DEV_56,BEN_063,NORTH,6.0,906.49,0,0,0.072,3.0,1.0,0.0,0
TXN1758,USER_100,1441.1,2025-01-29 06:16:00+00:00,DEV_04,BEN_196,NORTH,4.0,990.15,0,0,0.118,2.0,4.0,0.0,0
TXN1759,USER_116,1051.37,2025-02-05 17:23:00+00:00,DEV_35,BEN_145,WEST,2.0,495.39,0,0,0.033,0.0,4.0,0.0,0
TXN1760,USER_175,836.18,2025-01-13 13:07:00+00:00,DEV_55,BEN_039,NORTH,3.0,660.56,0,0,0.075,1.0,1.0,0.0,0
TXN1761,USER_101,801.0,2025-03-30 17:10:00+00:00,DEV_36,BEN_102,WEST,4.0,473.57,0,0,0.067,3.0,3.0,0.0,0
TXN1762,USER_134,874.9,2025-05-09 19:08:00+00:00,DEV_02,BEN_198,NORTH,4.0,533.36,0,0,0.143,1.0,4.0,0.0,0
TXN1763,USER_126,416.01,2025-02-05 18:57:00+00:00,DEV_13,BEN_234,EAST,1.0,555.49,1,0,0.043,0.0,5.0,0.0,0
TXN1764,USER_131,411.95,2025-02-03 17:56:00+00:00,DEV_77,BEN_234,WEST,4.0,491.43,0,0,0.045,3.0,5.0,0.0,0
TXN1765,USER_120,544.21,2025-02-19 21:37:00+00:00,DEV_61,BEN_034,NORTH,4.0,492.22,0,0,0.029,1.0,2.0,0.0,0
TXN1766,USER_122,520.04,2025-02-05 18:41:00+00:00,DEV_28,BEN_214,SOUTH,5.0,628.36,0,0,0.012,3.0,3.0,0.0,0
TXN1767,USER_160,466.0,2025-05-30 20:08:00+00:00,DEV_70,BEN_141,EAST,4.0,467.49,0,0,0.112,1.0,4.0,0.0,0
TXN1768,USER_102,809.57,2025-01-31 13:03:00+00:00,DEV_01,BEN_185,WEST,4.0,776.32,0,1,0.072,1.0,2.0,1.0,0
TXN1769,USER_110,741.53,2025-02-20 09:22:00+00:00,DEV_04,BEN_097,WEST,4.0,512.34,0,0,0.083,1.0,1.0,0.0,0
TXN1770,USER_121,769.07,2025-02-25 10:59:00+00:00,DEV_70,BEN_163,NORTH,4.0,1071.44,0,0,0.156,1.0,3.0,0.0,0
TXN1771,USER_166,1064.52,2025-02-06 17:28:00+00:00,DEV_54,BEN_065,WEST,4.0,582.29,0,0,0.16,1.0,4.0,0.0,0
TXN1772,USER_131,747.58,2025-06-19 15:48:00+00:00,DEV_48,BEN_130,SOUTH,3.0,660.8,0,0,0.0,1.0,3.0,0.0,0
TXN1773,USER_102,748.2,2025-02-07 07:22:00+00:00,DEV_28,BEN_057,EAST,6.0,455.7,0,0,0.119,3.0,4.0,0.0,0
TXN1774,USER_141,411.96,2025-03-29 09:18:00+00:00,DEV_65,BEN_099,WEST,2.0,905.91,0,0,0.094,1.0,4.0,0.0,0
TXN1775,USER_150,975.73,2025-04-12 23:48:00+00:00,DEV_49,BEN_102,WEST,4.0,817.93,0,0,0.052,1.0,5.0,0.0,0
TXN1776,USER_136,245.6,2025-02-16 19:28:00+00:00,DEV_35,BEN_216,NORTH,4.0,694.54,0,0,0.1,3.0,4.0,0.0,0
TXN1777,USER_107,709.7,2025-03-26 19:43:00+00:00,DEV_31,BEN_157,SOUTH,3.0,447.98,0,0,0.0,1.0,1.0,0.0,0
TXN1778,USER_170,649.6,2025-01-31 09:43:00+00:00,DEV_28,BEN_162,SOUTH,2.0,681.6,0,0,0.168,0.0,3.0,0.0,0
TXN1779,USER_168,1013.47,2025-03-28 07:43:00+00:00,DEV_46,BEN_071,EAST,3.0,481.79,0,0,0.111,0.0,1.0,0.0,0
TXN1780,USER_172,796.19,2025-01-04 11:40:00+00:00,DEV_52,BEN_109,WEST,2.0,869.35,0,0,0.028,1.0,4.0,0.0,0
TXN1781,USER_177,1057.74,2025-03-21 21:48:00+00:00,DEV_64,BEN_118,SOUTH,3.0,771.38,0,0,0.045,2.0,5.0,0.0,0
TXN1782,USER_125,524.17,2025-03-07 15:27:00+00:00,DEV_33,BEN_196,NORTH,6.0,664.32,0,0,0.0,3.0,4.0,0.0,0
TXN1783,USER_133,420.62,2025-03-05 20:18:00+00:00,DEV_21,BEN_047,NORTH,2.0,284.54,0,0,0.061,0.0,2.0,0.0,0
TXN1784,USER_176,596.64,2025-01-20 14:30:00+00:00,DEV_44,BEN_014,NORTH,5.0,502.49,1,0,0.051,2.0,4.0,0.0,0
TXN1785,USER_135,756.32,2025-06-29 14:19:00+00:00,DEV_47,BEN_126,SOUTH,4.0,753.16,0,0,0.0,1.0,1.0,0.0,0
TXN1786,USER_169,571.55,2025-01-05 16:02:00+00:00,DEV_22,BEN_203,WEST,4.0,831.93,0,0,0.127,1.0,2.0,0.0,0
TXN1787,USER_151,417.89,2025-01-27 23:21:00+00:00,DEV_06,BEN_183,SOUTH,3.0,816.38,0,0,0.157,1.0,2.0,0.0,0
TXN1788,USER_174,217.02,2025-01-19 13:30:00+00:00,DEV_27,BEN_202,SOUTH,2.0,411.2,0,0,0.078,1.0,3.0,0.0,0
TXN1789,USER_100,1528.24,2025-06-25 16:31:00+00:00,DEV_06,BEN_098,EAST,3.0,695.23,0,0,0.062,0.0,2.0,0.0,0
TXN1790,USER_156,869.23,2025-02-27 22:20:00+00:00,DEV_07,BEN_057,EAST,1.0,802.33,0,0,0.106,0.0,3.0,0.0,0
TXN1791,USER_164,121.85,2025-03-19 12:43:00+00:00,DEV_77,BEN_165,SOUTH,5.0,401.25,0,0,0.079,2.0,1.0,0.0,0
TXN1792,USER_115,1369.36,2025-05-16 21:17:00+00:00,DEV_62,BEN_010,NORTH,3.0,648.81,0,0,0.015,0.0,5.0,0.0,0
TXN1793,USER_158,233.56,2025-01-10 15:38:00+00:00,DEV_03,BEN_223,NORTH,3.0,691.08,0,0,0.041,1.0,2.0,0.0,0
TXN1794,USER_115,662.54,2025-01-13 21:16:00+00:00,DEV_28,BEN_178,NORTH,1.0,604.89,0,0,0.062,0.0,5.0,0.0,0
TXN1795,USER_172,619.01,2025-02-02 14:59:00+00:00,DEV_21,BEN_126,NORTH,2.0,372.18,0,0,0.095,0.0,1.0,0.0,0
TXN1796,USER_172,1224.98,2025-05-03 17:38:00+00:00,DEV_78,BEN_050,SOUTH,1.0,601.15,0,0,0.081,0.0,5.0,0.0,0
TXN1797,USER_100,994.19,2025-06-26 11:33:00+00:00,DEV_35,BEN_063,EAST,3.0,600.9,0,0,0.093,1.0,4.0,0.0,0
TXN1798,USER_140,741.35,2025-04-22 17:25:00+00:00,DEV_21,BEN_249,EAST,2.0,627.79,0,0,0.0,0.0,2.0,0.0,0
TXN1799,USER_130,1216.59,2025-06-06 11:45:00+00:00,DEV_51,BEN_004,WEST,2.0,565.48,0,0,0.12,0.0,4.0,0.0,0
TXN1800,USER_171,218.66,2025-06-08 16:25:00+00:00,DEV_38,BEN_003,SOUTH,2.0,583.55,0,0,0.08,1.0,4.0,0.0,0
TXN1801,USER_125,1400.86,2025-02-19 20:48:00+00:00,DEV_15,BEN_087,EAST,4.0,644.04,0,0,0.233,1.0,4.0,0.0,0
TXN1802,USER_157,1371.02,2025-02-03 13:09:00+00:00,DEV_25,BEN_058,WEST,1.0,716.37,0,1,0.057,0.0,5.0,0.0,0
TXN1803,USER_109,1247.93,2025-01-29 13:49:00+00:00,DEV_11,BEN_169,NORTH,3.0,604.34,0,0,0.099,0.0,5.0,0.0,0
TXN1804,USER_117,461.47,2025-05-23 11:57:00+00:00,DEV_55,BEN_011,WEST,4.0,588.55,0,0,0.25,3.0,1.0,0.0,0
TXN1805,USER_178,378.84,2025-05-01 19:14:00+00:00,DEV_77,BEN_196,NORTH,4.0,663.85,0,0,0.092,2.0,2.0,0.0,0
TXN1806,USER_130,564.61,2025-06-05 16:13:00+00:00,DEV_64,BEN_195,EAST,3.0,361.86,0,0,0.076,0.0,1.0,0.0,0
TXN1807,USER_161,923.69,2025-04-02 15:57:00+00:00,DEV_30,BEN_058,WEST,3.0,721.56,0,0,0.021,1.0,1.0,0.0,0
TXN1808,USER_177,841.0,2025-06-25 06:24:00+00:00,DEV_39,BEN_145,SOUTH,2.0,649.92,0,0,0.172,1.0,1.0,0.0,0
TXN1809,USER_177,1349.15,2025-06-10 07:41:00+00:00,DEV_05,BEN_168,EAST,5.0,655.95,0,0,0.01,3.0,4.0,0.0,0
TXN1810,USER_101,1173.82,2025-05-26 06:11:00+00:00,DEV_29,BEN_212,EAST,5.0,794.11,0,0,0.106,3.0,4.0,0.0,0
TXN1811,USER_118,318.16,2025-05-25 21:25:00+00:00,DEV_03,BEN_183,EAST,6.0,357.08,0,0,0.052,3.0,1.0,0.0,0
TXN1812,USER_157,375.21,2025-01-23 21:42:00+00:00,DEV_59,BEN_240,EAST,2.0,353.92,0,0,0.069,0.0,3.0,0.0,0
TXN1813,USER_174,382.61,2025-05-15 07:53:00+00:00,DEV_72,BEN_029,WEST,4.0,691.07,0,1,0.0,1.0,1.0,0.0,0
TXN1814,USER_178,431.8,2025-06-20 06:26:00+00:00,DEV_16,BEN_152,NORTH,3.0,648.93,0,0,0.161,1.0,1.0,0.0,0
TXN1815,USER_157,386.65,2025-02-22 20:04:00+00:00,DEV_54,BEN_193,SOUTH,3.0,675.53,0,0,0.063,2.0,1.0,0.0,0
TXN1816,USER_108,1068.19,2025-05-27 15:24:00+00:00,DEV_48,BEN_058,WEST,5.0,580.68,0,0,0.007,3.0,3.0,0.0,0
TXN1817,USER_159,1228.88,2025-03-05 11:38:00+00:00,DEV_34,BEN_055,SOUTH,4.0,749.65,0,0,0.155,1.0,1.0,0.0,0
TXN1818,USER_121,1032.91,2025-02-08 17:52:00+00:00,DEV_58,BEN_024,SOUTH,3.0,789.9,0,0,0.05,2.0,4.0,0.0,0
TXN1819,USER_164,730.76,2025-05-12 10:50:00+00:00,DEV_54,BEN_246,EAST,3.0,722.6,0,0,0.1,1.0,5.0,0.0,0
TXN1820,USER_143,959.16,2025-01-30 09:45:00+00:00,DEV_22,BEN_216,WEST,1.0,610.88,0,0,0.13,0.0,5.0,0.0,0
TXN1821,USER_114,615.79,2025-03-28 12:09:00+00:00,DEV_64,BEN_031,SOUTH,4.0,333.85,0,0,0.108,1.0,5.0,0.0,0
TXN1822,USER_167,1511.13,2025-06-18 22:31:00+00:00,DEV_52,BEN_062,WEST,4.0,765.39,0,0,0.0,2.0,4.0,0.0,0
TXN1823,USER_179,1116.01,2025-01-29 19:34:00+00:00,DEV_25,BEN_115,EAST,4.0,833.26,0,0,0.122,1.0,5.0,0.0,0
TXN1824,USER_140,1387.18,2025-01-29 09:28:00+00:00,DEV_59,BEN_223,NORTH,5.0,746.68,0,0,0.074,2.0,5.0,0.0,0
TXN1825,USER_165,658.7,2025-06-19 16:55:00+00:00,DEV_51,BEN_206,WEST,5.0,518.05,0,0,0.06,2.0,2.0,0.0,0
TXN1826,USER_104,902.49,2025-05-20 21:57:00+00:00,DEV_10,BEN_219,SOUTH,3.0,751.07,0,0,0.073,1.0,4.0,0.0,0
TXN1827,USER_121,1514.78,2025-03-25 23:12:00+00:00,DEV_14,BEN_207,SOUTH,6.0,779.08,0,0,0.0,3.0,2.0,0.0,0
TXN1828,USER_110,913.97,2025-03-14 19:57:00+00:00,DEV_26,BEN_157,EAST,2.0,883.82,0,0,0.092,0.0,5.0,0.0,0
TXN1829,USER_122,545.67,2025-06-23 08:50:00+00:00,DEV_04,BEN_073,EAST,6.0,518.58,0,1,0.0,3.0,1.0,0.0,0
TXN1830,USER_130,541.7,2025-05-11 10:42:00+00:00,DEV_33,BEN_151,EAST,3.0,616.03,0,0,0.063,0.0,3.0,0.0,0
TXN1831,USER_134,979.69,2025-06-13 09:22:00+00:00,DEV_37,BEN_124,NORTH,2.0,762.09,0,0,0.089,1.0,2.0,0.0,0
TXN1832,USER_125,879.39,2025-01-17 08:45:00+00:00,DEV_62,BEN_237,WEST,6.0,658.61,0,0,0.144,3.0,5.0,0.0,0
TXN1833,USER_143,750.07,2025-04-06 09:35:00+00:00,DEV_14,BEN_112,SOUTH,5.0,482.4,0,0,0.031,2.0,2.0,0.0,0
TXN1834,USER_117,796.2,2025-05-11 11:53:00+00:00,DEV_45,BEN_189,NORTH,4.0,712.19,0,0,0.167,1.0,5.0,0.0,0
TXN1835,USER_127,525.99,2025-01-07 15:42:00+00:00,DEV_53,BEN_044,EAST,4.0,736.8,0,0,0.137,3.0,3.0,0.0,0
TXN1836,USER_167,1291.24,2025-04-03 13:57:00+00:00,DEV_36,BEN_171,EAST,2.0,663.19,0,1,0.054,0.0,4.0,0.0,0
TXN1837,USER_144,653.85,2025-01-11 13:25:00+00:00,DEV_72,BEN_113,NORTH,3.0,682.94,0,0,0.013,2.0,3.0,0.0,0
TXN1838,USER_102,1255.14,2025-06-12 10:04:00+00:00,DEV_26,BEN_109,WEST,5.0,611.19,0,0,0.0,2.0,3.0,0.0,0
TXN1839,USER_126,604.96,2025-05-03 08:29:00+00:00,DEV_33,BEN_188,EAST,3.0,871.74,0,0,0.096,0.0,2.0,0.0,0
TXN1840,USER_166,702.37,2025-02-03 23:59:00+00:00,DEV_01,BEN_121,WEST,5.0,514.9,0,0,0.036,3.0,2.0,0.0,0
TXN1841,USER_114,741.47,2025-04-04 16:39:00+00:00,DEV_33,BEN_015,EAST,4.0,561.9,0,0,0.152,3.0,4.0,0.0,0
TXN1842,USER_173,1221.47,2025-01-20 10:42:00+00:00,DEV_02,BEN_097,NORTH,2.0,651.65,0,0,0.039,0.0,2.0,0.0,0
TXN1843,USER_123,440.82,2025-05-25 20:37:00+00:00,DEV_78,BEN_240,NORTH,2.0,781.84,0,0,0.026,0.0,5.0,0.0,0
TXN1844,USER_150,863.07,2025-02-05 20:35:00+00:00,DEV_19,BEN_236,WEST,3.0,425.39,0,0,0.094,0.0,1.0,0.0,0
TXN1845,USER_138,593.9,2025-04-20 23:03:00+00:00,DEV_65,BEN_153,EAST,2.0,453.46,0,0,0.039,1.0,2.0,0.0,0
TXN1846,USER_150,486.76,2025-01-15 08:24:00+00:00,DEV_10,BEN_159,NORTH,3.0,344.34,0,0,0.081,1.0,1.0,0.0,0
TXN1847,USER_163,831.28,2025-01-29 17:05:00+00:00,DEV_22,BEN_066,NORTH,4.0,654.9,0,0,0.139,2.0,5.0,0.0,0
TXN1848,USER_111,177.69,2025-06-26 23:20:00+00:00,DEV_10,BEN_195,EAST,5.0,482.25,0,0,0.087,2.0,3.0,0.0,0
TXN1849,USER_128,737.12,2025-03-11 20:43:00+00:00,DEV_30,BEN_150,EAST,1.0,592.32,0,0,0.087,0.0,1.0,0.0,0
TXN1850,USER_145,599.92,2025-01-23 10:48:00+00:00,DEV_48,BEN_010,NORTH,4.0,749.21,0,0,0.092,1.0,1.0,0.0,0
TXN1851,USER_120,526.69,2025-05-06 22:13:00+00:00,DEV_34,BEN_237,NORTH,6.0,553.77,0,0,0.0,3.0,5.0,0.0,0
TXN1852,USER_130,1049.83,2025-02-06 13:39:00+00:00,DEV_48,BEN_213,EAST,5.0,684.69,0,0,0.104,3.0,5.0,0.0,0
TXN1853,USER_170,753.73,2025-04-17 14:13:00+00:00,DEV_64,BEN_021,SOUTH,2.0,605.1,0,0,0.09,1.0,2.0,0.0,0
TXN1854,USER_118,358.23,2025-05-26 16:12:00+00:00,DEV_04,BEN_104,NORTH,1.0,750.82,0,0,0.134,0.0,4.0,0.0,0
TXN1855,USER_115,316.48,2025-05-04 19:57:00+00:00,DEV_34,BEN_185,NORTH,1.0,721.27,0,0,0.116,0.0,2.0,0.0,0
TXN1856,USER_146,356.54,2025-02-14 08:36:00+00:00,DEV_47,BEN_184,NORTH,4.0,546.21,0,0,0.068,1.0,5.0,0.0,0
TXN1857,USER_107,413.98,2025-02-12 15:11:00+00:00,DEV_42,BEN_042,EAST,4.0,624.7,0,0,0.142,1.0,4.0,0.0,0
TXN1858,USER_100,1174.17,2025-02-10 20:08:00+00:00,DEV_12,BEN_010,SOUTH,2.0,806.56,0,0,0.062,1.0,3.0,0.0,0
TXN1859,USER_169,452.24,2025-04-24 15:02:00+00:00,DEV_17,BEN_246,NORTH,3.0,709.01,0,0,0.095,0.0,5.0,0.0,0
TXN1860,USER_122,870.02,2025-05-02 10:29:00+00:00,DEV_30,BEN_223,WEST,3.0,440.46,0,0,0.061,1.0,2.0,0.0,0
TXN1861,USER_109,522.75,2025-04-04 07:06:00+00:00,DEV_52,BEN_184,EAST,4.0,748.34,0,0,0.108,1.0,5.0,0.0,0
TXN1862,USER_152,230.57,2025-03-13 15:35:00+00:00,DEV_79,BEN_165,EAST,2.0,487.31,0,0,0.057,1.0,2.0,0.0,0
TXN1863,USER_138,1692.66,2025-01-12 18:26:00+00:00,DEV_30,BEN_171,NORTH,1.0,861.88,0,1,0.179,0.0,5.0,0.0,0
TXN1864,USER_136,692.01,2025-05-31 15:38:00+00:00,DEV_42,BEN_114,EAST,6.0,803.61,0,0,0.201,3.0,5.0,0.0,0
TXN1865,USER_135,768.59,2025-04-29 23:12:00+00:00,DEV_25,BEN_171,WEST,3.0,693.48,0,0,0.132,1.0,3.0,0.0,0
TXN1866,USER_111,1429.45,2025-04-25 16:08:00+00:00,DEV_03,BEN_076,EAST,4.0,673.58,1,0,0.172,1.0,1.0,0.0,0
TXN1867,USER_168,1295.63,2025-01-19 15:06:00+00:00,DEV_32,BEN_021,SOUTH,6.0,618.65,0,0,0.0,3.0,4.0,0.0,0
TXN1868,USER_100,1246.71,2025-02-21 06:05:00+00:00,DEV_28,BEN_078,SOUTH,3.0,751.78,0,0,0.0,2.0,4.0,0.0,0
TXN1869,USER_138,256.17,2025-02-24 16:04:00+00:00,DEV_12,BEN_074,WEST,2.0,594.38,0,0,0.061,0.0,5.0,0.0,0
TXN1870,USER_121,978.21,2025-04-18 09:15:00+00:00,DEV_54,BEN_076,NORTH,3.0,685.34,0,0,0.082,0.0,2.0,0.0,0
TXN1871,USER_151,1701.54,2025-05-22 19:48:00+00:00,DEV_21,BEN_118,NORTH,1.0,780.79,0,0,0.068,0.0,2.0,0.0,0
TXN1872,USER_143,1187.54,2025-06-05 08:36:00+00:00,DEV_18,BEN_033,NORTH,5.0,565.73,0,1,0.0,2.0,2.0,0.0,0
TXN1873,USER_130,279.57,2025-04-04 22:15:00+00:00,DEV_31,BEN_102,EAST,2.0,557.57,0,0,0.149,1.0,2.0,0.0,0
TXN1874,USER_142,495.49,2025-03-07 11:55:00+00:00,DEV_77,BEN_116,SOUTH,2.0,470.85,0,0,0.209,1.0,1.0,0.0,0
TXN1875,USER_118,441.06,2025-03-15 13:45:00+00:00,DEV_51,BEN_047,NORTH,4.0,490.33,1,0,0.157,2.0,1.0,0.0,0
TXN1876,USER_110,205.34,2025-05-13 08:46:00+00:00,DEV_34,BEN_113,WEST,3.0,375.74,1,0,0.145,2.0,3.0,0.0,0
TXN1877,USER_172,1230.44,2025-02-27 09:53:00+00:00,DEV_65,BEN_168,EAST,2.0,759.47,0,0,0.094,0.0,5.0,0.0,0
TXN1878,USER_149,755.78,2025-03-16 22:44:00+00:00,DEV_02,BEN_103,NORTH,2.0,921.34,0,0,0.029,0.0,1.0,0.0,0
TXN1879,USER_152,825.14,2025-05-22 11:57:00+00:00,DEV_27,BEN_001,WEST,4.0,863.8,0,0,0.084,3.0,2.0,0.0,0
TXN1880,USER_179,191.54,2025-04-08 15:19:00+00:00,DEV_43,BEN_176,EAST,6.0,406.09,0,0,0.206,3.0,5.0,0.0,0
TXN1881,USER_172,945.48,2025-03-26 23:51:00+00:00,DEV_39,BEN_145,NORTH,4.0,758.73,0,0,0.059,3.0,1.0,0.0,0
TXN1882,USER_146,518.44,2025-05-13 17:06:00+00:00,DEV_54,BEN_105,WEST,5.0,863.32,0,0,0.053,3.0,1.0,0.0,0
TXN1883,USER_163,651.82,2025-02-21 06:18:00+00:00,DEV_56,BEN_006,NORTH,2.0,581.48,0,0,0.146,1.0,5.0,0.0,0
TXN1884,USER_142,380.74,2025-01-11 12:53:00+00:00,DEV_37,BEN_023,WEST,4.0,665.22,0,0,0.15,3.0,2.0,0.0,0
TXN1885,USER_119,736.81,2025-05-22 12:08:00+00:00,DEV_74,BEN_020,SOUTH,4.0,348.82,0,0,0.029,3.0,2.0,0.0,0
TXN1886,USER_149,397.08,2025-03-23 10:30:00+00:00,DEV_74,BEN_213,SOUTH,4.0,690.01,0,0,0.064,3.0,1.0,0.0,0
TXN1887,USER_173,633.48,2025-02-28 10:20:00+00:00,DEV_38,BEN_077,NORTH,2.0,490.47,0,0,0.05,0.0,3.0,0.0,0
TXN1888,USER_170,458.46,2025-01-18 15:06:00+00:00,DEV_72,BEN_106,WEST,2.0,679.95,0,0,0.084,0.0,5.0,0.0,0
TXN1889,USER_140,185.08,2025-06-16 12:14:00+00:00,DEV_51,BEN_174,EAST,2.0,415.82,0,0,0.146,1.0,5.0,0.0,0
TXN1890,USER_175,500.58,2025-05-11 11:32:00+00:00,DEV_11,BEN_164,EAST,3.0,731.43,0,0,0.032,2.0,4.0,0.0,0
TXN1891,USER_115,324.74,2025-02-19 13:37:00+00:00,DEV_10,BEN_017,WEST,4.0,803.68,0,0,0.145,3.0,4.0,0.0,0
TXN1892,USER_103,300.8,2025-04-20 12:40:00+00:00,DEV_07,BEN_232,EAST,3.0,532.52,0,0,0.086,1.0,4.0,0.0,0
TXN1893,USER_132,593.39,2025-03-25 10:07:00+00:00,DEV_17,BEN_067,SOUTH,6.0,479.46,0,0,0.22,3.0,4.0,0.0,0
TXN1894,USER_116,502.45,2025-02-28 14:19:00+00:00,DEV_25,BEN_192,WEST,4.0,326.6,0,0,0.099,3.0,3.0,0.0,0
TXN1895,USER_176,284.24,2025-02-26 22:06:00+00:00,DEV_06,BEN_208,EAST,4.0,610.04,0,0,0.074,3.0,2.0,0.0,0
TXN1896,USER_109,640.39,2025-01-14 15:00:00+00:00,DEV_49,BEN_135,NORTH,3.0,562.76,0,0,0.114,0.0,5.0,0.0,0
TXN1897,USER_142,586.11,2025-06-25 16:23:00+00:00,DEV_33,BEN_041,WEST,3.0,417.35,0,0,0.06,0.0,5.0,0.0,0
TXN1898,USER_161,534.9,2025-06-16 23:37:00+00:00,DEV_48,BEN_136,WEST,3.0,717.95,0,0,0.0,0.0,1.0,0.0,0
TXN1899,USER_108,586.55,2025-06-06 17:22:00+00:00,DEV_40,BEN_061,NORTH,3.0,582.5,0,0,0.066,2.0,1.0,0.0,0
TXN1900,USER_103,213.28,2025-02-26 10:02:00+00:00,DEV_22,BEN_212,EAST,5.0,488.64,0,0,0.065,2.0,4.0,0.0,0
TXN1901,USER_144,407.11,2025-06-29 13:13:00+00:00,DEV_49,BEN_188,WEST,3.0,566.81,0,0,0.0,1.0,1.0,0.0,0
TXN1902,USER_172,962.16,2025-02-19 14:25:00+00:00,DEV_76,BEN_206,WEST,1.0,810.7,0,0,0.076,0.0,5.0,0.0,0
TXN1903,USER_101,1615.52,2025-05-29 14:21:00+00:00,DEV_26,BEN_207,NORTH,3.0,740.44,0,0,0.0,2.0,5.0,0.0,0
TXN1904,USER_101,1382.62,2025-01-19 08:49:00+00:00,DEV_25,BEN_045,WEST,4.0,630.5,0,0,0.059,2.0,1.0,0.0,0
TXN1905,USER_174,1605.54,2025-02-25 07:35:00+00:00,DEV_41,BEN_008,NORTH,4.0,742.87,1,0,0.095,1.0,4.0,0.0,0
TXN1906,USER_148,525.29,2025-04-14 12:59:00+00:00,DEV_64,BEN_156,EAST,4.0,475.86,0,0,0.086,1.0,1.0,0.0,0
TXN1907,USER_156,296.84,2025-06-24 22:10:00+00:00,DEV_42,BEN_153,EAST,4.0,654.86,0,0,0.055,2.0,2.0,0.0,0
TXN1908,USER_122,614.83,2025-02-17 18:22:00+00:00,DEV_66,BEN_216,NORTH,4.0,672.1,0,0,0.075,2.0,3.0,0.0,0
TXN1909,USER_124,435.6,2025-03-19 21:05:00+00:00,DEV_06,BEN_159,EAST,5.0,579.52,0,0,0.033,2.0,4.0,0.0,0
TXN1910,USER_137,233.8,2025-06-01 09:01:00+00:00,DEV_08,BEN_201,SOUTH,4.0,715.32,0,0,0.081,3.0,1.0,0.0,0
TXN1911,USER_117,256.31,2025-03-27 13:55:00+00:00,DEV_33,BEN_087,WEST,3.0,532.93,0,0,0.083,1.0,1.0,0.0,0
TXN1912,USER_135,843.48,2025-05-03 16:29:00+00:00,DEV_19,BEN_032,WEST,3.0,726.47,0,0,0.026,2.0,2.0,0.0,0
TXN1913,USER_176,692.74,2025-03-17 13:39:00+00:00,DEV_02,BEN_010,EAST,6.0,732.78,0,0,0.096,3.0,4.0,0.0,0
TXN1914,USER_159,136.52,2025-01-01 13:16:00+00:00,DEV_18,BEN_109,EAST,2.0,212.43,0,1,0.096,0.0,3.0,0.0,0
TXN1915,USER_169,1375.87,2025-02-20 12:03:00+00:00,DEV_22,BEN_001,NORTH,4.0,828.55,0,0,0.07,1.0,2.0,0.0,0
TXN1916,USER_139,195.7,2025-04-12 06:53:00+00:00,DEV_73,BEN_130,WEST,2.0,200.0,0,0,0.225,0.0,1.0,0.0,0
TXN1917,USER_163,1069.77,2025-01-04 21:39:00+00:00,DEV_62,BEN_100,EAST,4.0,557.59,0,0,0.072,1.0,5.0,0.0,0
TXN1918,USER_133,609.17,2025-02-11 22:42:00+00:00,DEV_28,BEN_065,SOUTH,3.0,803.8,0,0,0.063,0.0,4.0,0.0,0
TXN1919,USER_149,796.95,2025-06-21 07:32:00+00:00,DEV_76,BEN_148,NORTH,4.0,602.41,0,0,0.055,2.0,5.0,0.0,0
TXN1920,USER_158,279.49,2025-01-03 13:24:00+00:00,DEV_67,BEN_170,EAST,3.0,430.07,0,0,0.022,0.0,3.0,0.0,0
TXN1921,USER_165,603.09,2025-02-14 15:25:00+00:00,DEV_20,BEN_010,WEST,4.0,485.94,0,0,0.121,2.0,5.0,0.0,0
TXN1922,USER_174,474.13,2025-04-22 20:45:00+00:00,DEV_38,BEN_119,WEST,5.0,804.04,0,0,0.039,2.0,4.0,0.0,0
TXN1923,USER_108,219.6,2025-04-12 23:13:00+00:00,DEV_73,BEN_234,NORTH,4.0,361.77,0,0,0.046,3.0,3.0,0.0,0
TXN1924,USER_163,1198.89,2025-02-06 13:20:00+00:00,DEV_37,BEN_075,WEST,4.0,819.35,0,0,0.048,1.0,3.0,0.0,0
TXN1925,USER_156,514.15,2025-01-11 19:18:00+00:00,DEV_30,BEN_195,NORTH,2.0,641.73,0,1,0.021,1.0,3.0,0.0,0
TXN1926,USER_158,295.64,2025-06-11 22:31:00+00:00,DEV_72,BEN_084,SOUTH,3.0,471.14,0,0,0.0,0.0,3.0,0.0,0
TXN1927,USER_101,1162.51,2025-04-10 20:58:00+00:00,DEV_53,BEN_068,SOUTH,4.0,562.53,0,0,0.052,2.0,4.0,0.0,0
TXN1928,USER_139,189.87,2025-04-14 11:55:00+00:00,DEV_35,BEN_214,NORTH,1.0,497.42,0,0,0.132,0.0,3.0,0.0,0
TXN1929,USER_176,1071.46,2025-01-11 20:32:00+00:00,DEV_69,BEN_089,NORTH,3.0,779.93,0,0,0.092,0.0,5.0,0.0,0
TXN1930,USER_172,1019.51,2025-02-07 13:12:00+00:00,DEV_59,BEN_216,WEST,4.0,759.86,0,0,0.174,3.0,5.0,0.0,0
TXN1931,USER_118,304.35,2025-01-14 06:56:00+00:00,DEV_28,BEN_164,EAST,4.0,392.13,0,0,0.125,2.0,3.0,0.0,0
TXN1932,USER_138,683.93,2025-06-26 19:18:00+00:00,DEV_34,BEN_203,WEST,3.0,589.46,1,0,0.111,0.0,2.0,0.0,0
TXN1933,USER_169,242.93,2025-05-19 21:21:00+00:00,DEV_04,BEN_203,EAST,3.0,520.52,0,0,0.193,2.0,4.0,0.0,0
TXN1934,USER_174,1409.87,2025-04-09 12:53:00+00:00,DEV_09,BEN_228,SOUTH,3.0,844.03,0,0,0.074,1.0,4.0,0.0,0
TXN1935,USER_126,322.74,2025-05-03 14:15:00+00:00,DEV_76,BEN_139,NORTH,2.0,447.49,0,0,0.084,0.0,2.0,0.0,0
TXN1936,USER_164,594.44,2025-01-30 12:27:00+00:00,DEV_05,BEN_238,EAST,4.0,890.63,0,1,0.079,1.0,5.0,0.0,0
TXN1937,USER_166,579.39,2025-06-27 08:55:00+00:00,DEV_67,BEN_015,WEST,5.0,645.01,0,0,0.173,3.0,4.0,0.0,0
TXN1938,USER_112,958.32,2025-04-04 23:19:00+00:00,DEV_17,BEN_123,NORTH,1.0,475.71,0,0,0.08,0.0,4.0,1.0,0
TXN1939,USER_102,994.42,2025-04-03 06:37:00+00:00,DEV_43,BEN_099,SOUTH,2.0,548.41,0,0,0.041,1.0,4.0,0.0,0
TXN1940,USER_103,1112.01,2025-06-22 16:02:00+00:00,DEV_58,BEN_025,SOUTH,4.0,529.76,0,0,0.115,3.0,2.0,0.0,0
TXN1941,USER_111,705.98,2025-01-18 06:59:00+00:00,DEV_79,BEN_218,WEST,4.0,458.81,0,0,0.031,1.0,4.0,0.0,0
TXN1942,USER_159,1035.89,2025-03-18 18:25:00+00:00,DEV_30,BEN_200,NORTH,3.0,664.22,0,0,0.112,0.0,1.0,0.0,0
TXN1943,USER_131,564.59,2025-01-16 22:40:00+00:00,DEV_74,BEN_187,NORTH,3.0,465.81,0,0,0.105,1.0,4.0,0.0,0
TXN1944,USER_154,652.3,2025-03-18 17:30:00+00:00,DEV_36,BEN_158,NORTH,5.0,322.95,0,0,0.069,2.0,3.0,0.0,0
TXN1945,USER_107,753.57,2025-02-18 16:26:00+00:00,DEV_69,BEN_150,NORTH,6.0,593.05,0,0,0.114,3.0,3.0,0.0,0
TXN1946,USER_148,369.94,2025-03-25 20:24:00+00:00,DEV_09,BEN_095,WEST,5.0,379.57,0,0,0.0,2.0,4.0,0.0,0
TXN1947,USER_159,814.74,2025-05-07 23:01:00+00:00,DEV_22,BEN_171,SOUTH,1.0,537.18,0,0,0.09,0.0,2.0,0.0,0
TXN1948,USER_178,687.07,2025-02-20 21:16:00+00:00,DEV_50,BEN_243,SOUTH,4.0,513.63,0,0,0.052,3.0,4.0,0.0,0
TXN1949,USER_125,278.17,2025-01-10 10:22:00+00:00,DEV_56,BEN_063,SOUTH,6.0,519.32,0,0,0.252,3.0,1.0,0.0,0
TXN1950,USER_143,994.02,2025-01-30 16:22:00+00:00,DEV_64,BEN_085,WEST,4.0,950.14,0,0,0.089,2.0,4.0,0.0,0
TXN1951,USER_138,589.53,2025-05-09 20:16:00+00:00,DEV_29,BEN_028,EAST,4.0,658.46,0,0,0.044,3.0,4.0,0.0,0
TXN1952,USER_127,1311.1,2025-04-15 11:38:00+00:00,DEV_50,BEN_227,SOUTH,5.0,686.81,0,0,0.0,3.0,1.0,0.0,0
TXN1953,USER_151,391.13,2025-06-26 18:49:00+00:00,DEV_50,BEN_132,WEST,2.0,383.54,0,0,0.158,0.0,4.0,0.0,0
TXN1954,USER_145,1027.07,2025-06-10 06:53:00+00:00,DEV_78,BEN_148,NORTH,4.0,551.91,0,0,0.059,1.0,4.0,0.0,0
TXN1955,USER_166,778.19,2025-01-30 21:58:00+00:00,DEV_10,BEN_067,EAST,4.0,682.3,0,0,0.033,2.0,3.0,0.0,0
TXN1956,USER_102,859.45,2025-05-13 17:38:00+00:00,DEV_02,BEN_010,SOUTH,2.0,496.32,0,0,0.1,1.0,4.0,0.0,0
TXN1957,USER_117,437.95,2025-01-17 19:24:00+00:00,DEV_46,BEN_201,SOUTH,5.0,786.21,0,0,0.119,2.0,1.0,0.0,0
TXN1958,USER_146,965.88,2025-01-18 20:38:00+00:00,DEV_02,BEN_215,NORTH,4.0,469.6,0,0,0.118,2.0,5.0,0.0,0
TXN1959,USER_145,736.38,2025-05-23 09:07:00+00:00,DEV_16,BEN_085,NORTH,1.0,607.05,0,0,0.081,0.0,5.0,0.0,0
TXN1960,USER_172,446.09,2025-03-14 14:49:00+00:00,DEV_40,BEN_190,EAST,3.0,562.09,0,0,0.09,2.0,4.0,0.0,0
TXN1961,USER_153,511.94,2025-06-29 21:32:00+00:00,DEV_22,BEN_143,WEST,2.0,674.65,0,0,0.094,0.0,1.0,0.0,0
TXN1962,USER_100,445.16,2025-01-01 08:09:00+00:00,DEV_22,BEN_160,WEST,5.0,553.93,0,0,0.1,2.0,3.0,0.0,0
TXN1963,USER_139,607.4,2025-04-01 20:25:00+00:00,DEV_28,BEN_044,NORTH,4.0,609.37,0,0,0.105,1.0,5.0,0.0,0
TXN1964,USER_167,1022.22,2025-02-25 11:18:00+00:00,DEV_55,BEN_154,WEST,1.0,614.58,0,0,0.146,0.0,4.0,0.0,0
TXN1965,USER_169,1135.96,2025-06-27 16:20:00+00:00,DEV_29,BEN_041,NORTH,5.0,539.84,0,0,0.083,3.0,5.0,0.0,0
TXN1966,USER_164,1135.59,2025-05-01 15:03:00+00:00,DEV_63,BEN_055,WEST,4.0,722.76,0,0,0.031,1.0,4.0,0.0,0
TXN1967,USER_138,918.65,2025-05-19 18:00:00+00:00,DEV_13,BEN_089,EAST,2.0,685.76,0,0,0.071,0.0,4.0,0.0,0
TXN1968,USER_108,733.7,2025-02-22 21:20:00+00:00,DEV_09,BEN_054,WEST,2.0,636.71,0,1,0.125,1.0,2.0,0.0,0
TXN1969,USER_117,1096.85,2025-06-11 12:18:00+00:00,DEV_14,BEN_227,NORTH,6.0,585.43,0,0,0.0,3.0,5.0,0.0,0
TXN1970,USER_167,1473.06,2025-06-01 09:59:00+00:00,DEV_73,BEN_008,WEST,3.0,769.48,0,0,0.0,0.0,3.0,0.0,0
TXN1971,USER_127,526.59,2025-05-22 13:15:00+00:00,DEV_22,BEN_226,SOUTH,3.0,614.62,0,0,0.135,1.0,5.0,0.0,0
TXN1972,USER_161,1275.34,2025-03-27 17:19:00+00:00,DEV_03,BEN_039,EAST,4.0,604.0,0,0,0.171,1.0,2.0,0.0,0
TXN1973,USER_102,699.47,2025-06-15 19:54:00+00:00,DEV_25,BEN_217,EAST,5.0,665.7,0,0,0.004,3.0,2.0,0.0,0
TXN1974,USER_139,1646.3,2025-05-01 19:51:00+00:00,DEV_55,BEN_084,EAST,1.0,904.49,0,0,0.086,0.0,1.0,0.0,0
TXN1975,USER_176,959.38,2025-01-12 12:03:00+00:00,DEV_29,BEN_230,EAST,3.0,448.95,0,0,0.056,0.0,4.0,0.0,0
TXN1976,USER_119,1253.05,2025-06-09 22:05:00+00:00,DEV_31,BEN_135,SOUTH,3.0,765.48,0,0,0.064,2.0,4.0,0.0,0
TXN1977,USER_102,222.16,2025-01-04 07:05:00+00:00,DEV_07,BEN_122,SOUTH,1.0,366.02,0,0,0.098,0.0,2.0,0.0,0
TXN1978,USER_123,964.95,2025-05-03 08:27:00+00:00,DEV_53,BEN_033,NORTH,4.0,682.59,0,0,0.002,2.0,2.0,0.0,0
TXN1979,USER_105,465.89,2025-02-14 06:34:00+00:00,DEV_18,BEN_108,EAST,2.0,886.26,0,0,0.014,1.0,3.0,0.0,0
TXN1980,USER_148,1301.48,2025-06-11 22:21:00+00:00,DEV_08,BEN_139,EAST,4.0,723.3,1,0,0.062,2.0,4.0,0.0,0
TXN1981,USER_115,563.78,2025-05-12 09:00:00+00:00,DEV_57,BEN_245,EAST,2.0,675.59,0,0,0.071,0.0,2.0,0.0,0
TXN1982,USER_119,917.32,2025-05-26 16:12:00+00:00,DEV_75,BEN_066,EAST,5.0,565.93,0,0,0.012,2.0,3.0,0.0,0
TXN1983,USER_147,1328.41,2025-05-06 20:36:00+00:00,DEV_49,BEN_021,SOUTH,3.0,654.66,0,0,0.127,2.0,1.0,0.0,0
TXN1984,USER_126,394.2,2025-04-13 19:22:00+00:00,DEV_75,BEN_064,NORTH,2.0,612.19,0,0,0.055,0.0,5.0,0.0,0
TXN1985,USER_152,556.81,2025-06-05 23:07:00+00:00,DEV_32,BEN_061,WEST,3.0,532.1,0,0,0.055,1.0,5.0,0.0,0
TXN1986,USER_174,927.69,2025-02-23 06:39:00+00:00,DEV_42,BEN_237,WEST,1.0,606.52,0,0,0.097,0.0,4.0,0.0,0
TXN1987,USER_174,745.93,2025-04-06 13:36:00+00:00,DEV_29,BEN_038,WEST,2.0,679.76,0,0,0.072,0.0,5.0,0.0,0
TXN1988,USER_158,338.15,2025-02-23 15:29:00+00:00,DEV_41,BEN_248,NORTH,5.0,534.92,0,0,0.13,2.0,4.0,0.0,0
TXN1989,USER_177,187.94,2025-01-21 18:56:00+00:00,DEV_71,BEN_029,EAST,4.0,529.06,0,0,0.024,1.0,5.0,0.0,0
TXN1990,USER_158,478.31,2025-06-07 17:50:00+00:00,DEV_51,BEN_203,EAST,4.0,445.96,0,1,0.0,3.0,3.0,0.0,0
TXN1991,USER_105,1086.65,2025-03-31 16:02:00+00:00,DEV_03,BEN_104,NORTH,4.0,708.61,0,0,0.061,1.0,2.0,0.0,0
TXN1992,USER_176,1017.62,2025-01-10 11:54:00+00:00,DEV_46,BEN_014,WEST,4.0,731.8,0,0,0.084,2.0,5.0,0.0,0
TXN1993,USER_145,408.7,2025-05-29 07:02:00+00:00,DEV_30,BEN_153,WEST,3.0,684.75,0,0,0.006,2.0,1.0,0.0,0
TXN1994,USER_100,919.01,2025-06-19 13:28:00+00:00,DEV_43,BEN_182,SOUTH,5.0,794.78,0,0,0.0,2.0,3.0,0.0,0
TXN1995,USER_149,664.5,2025-04-30 10:54:00+00:00,DEV_45,BEN_209,EAST,5.0,663.18,0,0,0.091,3.0,4.0,0.0,0
TXN1996,USER_119,581.92,2025-02-28 15:58:00+00:00,DEV_47,BEN_045,WEST,5.0,708.8,0,0,0.035,2.0,4.0,0.0,0
TXN1997,USER_142,1172.47,2025-06-04 20:01:00+00:00,DEV_69,BEN_154,WEST,3.0,695.58,0,0,0.0,2.0,4.0,0.0,0
TXN1998,USER_152,565.22,2025-05-13 15:04:00+00:00,DEV_68,BEN_142,WEST,3.0,636.27,0,1,0.138,2.0,3.0,0.0,0
TXN1999,USER_102,756.47,2025-02-21 16:14:00+00:00,DEV_77,BEN_111,WEST,4.0,570.38,0,0,0.042,1.0,5.0,0.0,0
TXN2000,USER_135,2017.4,2025-03-01 06:16:00+00:00,DEV_49,BEN_223,EAST,3.0,982.12,0,1,0.149,2.0,2.0,0.0,0
TXN2001,USER_104,771.21,2025-06-27 17:16:00+00:00,DEV_23,BEN_106,WEST,5.0,582.21,0,0,0.082,3.0,1.0,0.0,0
TXN2002,USER_109,809.96,2025-06-21 13:25:00+00:00,DEV_16,BEN_095,WEST,4.0,550.12,0,0,0.098,2.0,4.0,0.0,0
TXN2003,USER_116,314.05,2025-05-02 08:19:00+00:00,DEV_68,BEN_131,NORTH,5.0,715.1,0,0,0.067,2.0,2.0,0.0,0
TXN2004,USER_162,439.12,2025-01-07 09:34:00+00:00,DEV_73,BEN_232,EAST,2.0,687.78,0,0,0.0,0.0,3.0,0.0,0
TXN2005,USER_133,216.04,2025-02-11 20:51:00+00:00,DEV_03,BEN_216,SOUTH,4.0,439.28,0,0,0.012,1.0,3.0,0.0,0
TXN2006,USER_103,1434.78,2025-03-05 22:32:00+00:00,DEV_18,BEN_177,SOUTH,3.0,818.4,0,0,0.072,0.0,2.0,0.0,0
TXN2007,USER_159,1200.68,2025-04-07 15:19:00+00:00,DEV_54,BEN_021,NORTH,3.0,635.87,1,0,0.102,0.0,5.0,0.0,0
TXN2008,USER_143,316.25,2025-06-06 23:34:00+00:00,DEV_14,BEN_075,EAST,3.0,483.36,0,0,0.0,1.0,2.0,0.0,0
TXN2009,USER_111,593.59,2025-06-02 09:37:00+00:00,DEV_04,BEN_004,WEST,2.0,828.32,0,0,0.077,1.0,4.0,0.0,0
TXN2010,USER_144,679.95,2025-02-19 11:53:00+00:00,DEV_79,BEN_024,SOUTH,3.0,743.85,0,0,0.013,2.0,1.0,0.0,0
TXN2011,USER_119,655.06,2025-01-20 22:56:00+00:00,DEV_08,BEN_208,EAST,5.0,460.32,0,0,0.094,3.0,5.0,0.0,0
TXN2012,USER_150,1357.83,2025-02-19 09:16:00+00:00,DEV_17,BEN_204,SOUTH,5.0,916.58,0,0,0.079,3.0,5.0,0.0,0
TXN2013,USER_175,1201.73,2025-02-12 17:55:00+00:00,DEV_79,BEN_026,EAST,2.0,748.82,0,0,0.125,1.0,1.0,0.0,0
TXN2014,USER_125,1309.82,2025-06-11 09:49:00+00:00,DEV_08,BEN_115,NORTH,4.0,648.47,0,0,0.144,1.0,4.0,0.0,0
TXN2015,USER_159,764.65,2025-01-03 11:07:00+00:00,DEV_64,BEN_070,WEST,4.0,888.53,0,0,0.108,2.0,3.0,0.0,0
TXN2016,USER_101,1045.64,2025-05-30 14:33:00+00:00,DEV_45,BEN_019,SOUTH,4.0,673.89,0,1,0.132,1.0,1.0,0.0,0
TXN2017,USER_132,880.51,2025-04-29 12:09:00+00:00,DEV_43,BEN_095,EAST,5.0,645.79,0,0,0.059,3.0,4.0,0.0,0
TXN2018,USER_171,485.44,2025-01-20 21:29:00+00:00,DEV_66,BEN_026,WEST,5.0,550.95,0,0,0.249,3.0,4.0,0.0,0
TXN2019,USER_105,1492.32,2025-05-04 23:02:00+00:00,DEV_02,BEN_184,NORTH,3.0,737.28,0,0,0.007,2.0,5.0,0.0,0
TXN2020,USER_174,347.34,2025-04-15 15:17:00+00:00,DEV_05,BEN_241,WEST,1.0,721.49,0,0,0.048,0.0,4.0,0.0,0
TXN2021,USER_107,1077.96,2025-01-01 15:35:00+00:00,DEV_16,BEN_106,EAST,4.0,652.2,0,0,0.134,2.0,4.0,0.0,0
TXN2022,USER_138,894.5,2025-02-10 06:18:00+00:00,DEV_39,BEN_061,WEST,5.0,531.5,0,0,0.125,3.0,4.0,0.0,0
TXN2023,USER_114,1365.17,2025-03-04 10:00:00+00:00,DEV_77,BEN_125,EAST,3.0,669.49,0,0,0.109,0.0,4.0,0.0,0
TXN2024,USER_101,821.99,2025-02-08 06:23:00+00:00,DEV_06,BEN_241,NORTH,2.0,639.53,0,0,0.121,0.0,3.0,0.0,0
TXN2025,USER_127,409.97,2025-04-15 21:32:00+00:00,DEV_34,BEN_040,EAST,3.0,449.98,0,0,0.0,2.0,4.0,0.0,0
TXN2026,USER_146,803.82,2025-04-21 10:45:00+00:00,DEV_34,BEN_170,EAST,4.0,429.23,0,0,0.175,1.0,1.0,0.0,0
TXN2027,USER_157,1296.54,2025-01-31 12:08:00+00:00,DEV_16,BEN_024,WEST,4.0,734.77,0,0,0.068,2.0,4.0,0.0,0
TXN2028,USER_125,324.8,2025-01-23 21:28:00+00:00,DEV_28,BEN_075,EAST,4.0,259.72,0,0,0.155,1.0,2.0,0.0,0
TXN2029,USER_139,1197.5,2025-04-28 18:11:00+00:00,DEV_16,BEN_110,SOUTH,6.0,680.81,0,0,0.0,3.0,3.0,0.0,0
TXN2030,USER_114,467.81,2025-03-26 17:09:00+00:00,DEV_11,BEN_096,NORTH,4.0,578.29,0,0,0.095,1.0,4.0,0.0,0
TXN2031,USER_158,1201.71,2025-02-17 06:07:00+00:00,DEV_42,BEN_045,SOUTH,2.0,846.24,0,1,0.046,1.0,1.0,0.0,0
TXN2032,USER_113,1119.62,2025-02-16 16:45:00+00:00,DEV_74,BEN_194,EAST,2.0,575.98,1,1,0.114,0.0,4.0,0.0,0
TXN2033,USER_168,677.15,2025-01-08 16:55:00+00:00,DEV_32,BEN_168,SOUTH,1.0,748.92,0,0,0.099,0.0,2.0,0.0,0
TXN2034,USER_114,719.62,2025-06-03 11:39:00+00:00,DEV_51,BEN_109,SOUTH,3.0,590.46,0,0,0.102,0.0,4.0,0.0,0
TXN2035,USER_153,1405.49,2025-06-01 19:22:00+00:00,DEV_53,BEN_105,NORTH,6.0,667.06,0,1,0.016,3.0,4.0,0.0,0
TXN2036,USER_126,1381.57,2025-04-10 22:56:00+00:00,DEV_67,BEN_019,WEST,2.0,760.53,0,0,0.077,1.0,1.0,0.0,0
TXN2037,USER_179,1152.74,2025-03-04 10:29:00+00:00,DEV_66,BEN_165,WEST,2.0,580.62,0,0,0.069,0.0,2.0,0.0,0
TXN2038,USER_122,825.04,2025-02-08 11:31:00+00:00,DEV_72,BEN_058,SOUTH,3.0,799.48,0,0,0.11,1.0,5.0,0.0,0
TXN2039,USER_175,1098.75,2025-02-25 11:38:00+00:00,DEV_65,BEN_075,NORTH,4.0,500.95,0,0,0.139,2.0,2.0,0.0,0
TXN2040,USER_166,409.48,2025-06-16 21:39:00+00:00,DEV_74,BEN_215,WEST,5.0,694.19,0,0,0.089,3.0,3.0,0.0,0
TXN2041,USER_173,4549.78,2025-05-10 05:19:00+00:00,DEV_98,BEN_276,WEST,6.0,596.72,1,1,0.638,3.0,13.0,1.0,1
TXN2042,USER_166,1526.01,2025-06-04 05:45:00+00:00,DEV_84,BEN_295,WEST,14.0,601.51,0,1,0.75,11.0,8.0,0.0,1
TXN2043,USER_126,2165.9,2025-04-06 21:17:00+00:00,DEV_110,BEN_287,WEST,9.0,603.39,0,1,0.807,7.0,14.0,0.0,1
TXN2044,USER_122,1600.88,2025-06-20 09:05:00+00:00,DEV_102,BEN_350,WEST,5.0,313.88,1,1,1.0,2.0,13.0,0.0,1
TXN2045,USER_149,4613.03,2025-05-23 04:35:00+00:00,DEV_98,BEN_276,WEST,9.0,664.65,1,1,0.442,4.0,12.0,0.0,1
TXN2046,USER_120,3287.12,2025-01-30 01:12:00+00:00,DEV_102,BEN_364,NORTH,6.0,570.88,1,0,0.53,3.0,5.0,0.0,1
TXN2047,USER_161,1238.3,2025-05-13 10:35:00+00:00,DEV_106,BEN_297,NORTH,19.0,369.98,0,1,0.559,14.0,4.0,0.0,1
TXN2048,USER_131,5904.39,2025-02-11 02:06:00+00:00,DEV_92,BEN_261,EAST,8.0,597.49,1,1,0.799,4.0,5.0,0.0,1
TXN2049,USER_126,7085.01,2025-06-23 18:28:00+00:00,DEV_93,BEN_252,WEST,8.0,592.86,1,1,0.605,3.0,7.0,1.0,1
TXN2050,USER_164,20773.52,2025-06-02 03:14:00+00:00,DEV_94,BEN_341,SOUTH,6.0,841.29,1,1,0.706,2.0,8.0,1.0,1
TXN2051,USER_128,2186.75,2025-01-12 19:31:00+00:00,DEV_100,BEN_360,WEST,16.0,569.12,0,1,0.672,13.0,6.0,0.0,1
TXN2052,USER_110,7700.88,2025-02-01 00:13:00+00:00,DEV_107,BEN_271,WEST,6.0,750.17,0,1,0.65,3.0,14.0,0.0,1
TXN2053,USER_163,23136.11,2025-03-21 12:15:00+00:00,DEV_82,BEN_297,NORTH,5.0,857.42,1,1,0.669,2.0,12.0,2.0,1
TXN2054,USER_125,5434.58,2025-05-14 04:54:00+00:00,DEV_92,BEN_363,SOUTH,6.0,555.79,1,0,0.835,2.0,11.0,1.0,1
TXN2055,USER_152,5706.27,2025-04-10 06:58:00+00:00,DEV_109,BEN_380,NORTH,7.0,642.88,1,1,0.475,4.0,11.0,1.0,1
TXN2056,USER_152,9922.06,2025-01-16 05:19:00+00:00,DEV_82,BEN_359,NORTH,5.0,909.3,1,1,0.623,2.0,10.0,0.0,1
TXN2057,USER_106,13821.23,2025-04-24 08:38:00+00:00,DEV_112,BEN_343,EAST,4.0,684.35,1,1,0.431,1.0,13.0,1.0,1
TXN2058,USER_102,8365.5,2025-04-27 18:21:00+00:00,DEV_110,BEN_362,NORTH,8.0,706.06,1,1,0.691,3.0,8.0,0.0,1
TXN2059,USER_165,12998.92,2025-06-17 07:10:00+00:00,DEV_93,BEN_295,EAST,5.0,588.91,1,1,0.615,1.0,5.0,2.0,1
TXN2060,USER_104,1645.16,2025-02-17 05:05:00+00:00,DEV_105,BEN_260,EAST,14.0,753.06,1,1,0.842,9.0,7.0,0.0,1
TXN2061,USER_126,1586.12,2025-01-07 01:53:00+00:00,DEV_100,BEN_335,SOUTH,18.0,644.05,0,0,0.649,13.0,6.0,1.0,1
TXN2062,USER_160,2817.9,2025-05-15 04:03:00+00:00,DEV_90,BEN_334,NORTH,7.0,375.18,1,0,0.57,3.0,14.0,0.0,1
TXN2063,USER_114,3822.69,2025-05-07 01:29:00+00:00,DEV_86,BEN_370,NORTH,3.0,596.72,1,0,0.606,1.0,10.0,0.0,1
TXN2064,USER_141,1718.21,2025-04-04 17:13:00+00:00,DEV_118,BEN_286,SOUTH,12.0,472.52,1,0,0.96,7.0,8.0,0.0,1
TXN2065,USER_109,3873.99,2025-05-05 16:45:00+00:00,DEV_114,BEN_383,NORTH,4.0,666.84,1,1,0.367,1.0,4.0,0.0,1
TXN2066,USER_144,1826.94,2025-02-02 06:08:00+00:00,DEV_116,BEN_324,WEST,16.0,512.47,0,0,0.537,13.0,11.0,0.0,1
TXN2067,USER_157,3292.25,2025-01-23 02:34:00+00:00,DEV_86,BEN_316,NORTH,5.0,721.72,1,1,0.656,2.0,11.0,0.0,1
TXN2068,USER_119,15008.33,2025-03-14 02:20:00+00:00,DEV_118,BEN_398,NORTH,5.0,656.71,1,1,0.535,3.0,12.0,1.0,1
TXN2069,USER_122,1820.89,2025-06-10 05:31:00+00:00,DEV_105,BEN_331,NORTH,14.0,462.8,0,1,0.738,10.0,5.0,1.0,1
TXN2070,USER_142,1279.35,2025-04-03 03:11:00+00:00,DEV_100,BEN_264,EAST,16.0,576.12,0,1,0.64,14.0,11.0,0.0,1
TXN2071,USER_163,2396.0,2025-04-26 09:07:00+00:00,DEV_94,BEN_288,EAST,14.0,743.08,1,0,0.696,10.0,7.0,1.0,1
TXN2072,USER_143,4108.86,2025-06-29 01:10:00+00:00,DEV_90,BEN_339,EAST,9.0,822.2,1,1,0.671,4.0,6.0,0.0,1
TXN2073,USER_156,5074.86,2025-02-24 04:34:00+00:00,DEV_93,BEN_285,SOUTH,4.0,514.64,1,1,0.631,1.0,6.0,0.0,1
TXN2074,USER_133,3673.16,2025-03-28 11:38:00+00:00,DEV_87,BEN_275,SOUTH,4.0,485.38,1,1,0.418,1.0,7.0,0.0,1
TXN2075,USER_110,2230.43,2025-05-04 03:54:00+00:00,DEV_111,BEN_295,EAST,13.0,942.65,0,0,0.682,9.0,12.0,0.0,1
TXN2076,USER_177,5763.93,2025-01-28 00:56:00+00:00,DEV_117,BEN_326,NORTH,6.0,648.53,0,1,0.333,1.0,4.0,1.0,1
TXN2077,USER_163,7842.01,2025-03-14 00:45:00+00:00,DEV_118,BEN_264,SOUTH,4.0,663.72,1,1,0.529,2.0,14.0,0.0,1
TXN2078,USER_103,5450.95,2025-04-10 01:00:00+00:00,DEV_115,BEN_328,NORTH,7.0,539.09,1,1,0.738,4.0,14.0,0.0,1
TXN2079,USER_122,6570.01,2025-02-24 00:42:00+00:00,DEV_86,BEN_359,SOUTH,4.0,682.28,1,1,0.864,1.0,14.0,0.0,1
TXN2080,USER_133,2331.45,2025-02-09 02:42:00+00:00,DEV_109,BEN_318,WEST,15.0,907.26,0,1,1.0,13.0,13.0,1.0,1
TXN2081,USER_106,1785.62,2025-03-20 06:42:00+00:00,DEV_114,BEN_354,WEST,15.0,688.15,0,0,0.573,13.0,7.0,1.0,1
TXN2082,USER_168,6915.33,2025-06-08 02:39:00+00:00,DEV_100,BEN_346,EAST,7.0,809.74,1,1,0.494,3.0,8.0,0.0,1
TXN2083,USER_113,6187.91,2025-03-16 05:41:00+00:00,DEV_102,BEN_324,EAST,8.0,654.35,0,1,0.744,3.0,5.0,1.0,1
TXN2084,USER_116,1547.85,2025-05-31 20:35:00+00:00,DEV_95,BEN_396,SOUTH,12.0,496.13,1,1,0.987,8.0,13.0,0.0,1
TXN2085,USER_125,1498.02,2025-05-02 04:37:00+00:00,DEV_113,BEN_342,EAST,15.0,547.51,0,1,0.926,13.0,12.0,0.0,1
TXN2086,USER_174,9215.59,2025-01-24 01:41:00+00:00,DEV_108,BEN_370,WEST,5.0,482.33,1,1,0.464,2.0,5.0,2.0,1
TXN2087,USER_118,7218.85,2025-06-14 03:02:00+00:00,DEV_105,BEN_346,EAST,8.0,682.67,0,1,0.625,3.0,14.0,3.0,1
TXN2088,USER_134,19845.4,2025-04-16 05:30:00+00:00,DEV_81,BEN_393,NORTH,8.0,833.58,1,1,0.803,3.0,4.0,3.0,1
TXN2089,USER_154,8475.93,2025-04-13 05:07:00+00:00,DEV_118,BEN_315,EAST,4.0,674.15,1,1,0.816,2.0,12.0,3.0,1
TXN2090,USER_112,12556.0,2025-05-06 10:55:00+00:00,DEV_101,BEN_279,NORTH,8.0,603.83,1,1,0.757,4.0,5.0,3.0,1
TXN2091,USER_107,1552.28,2025-01-08 01:59:00+00:00,DEV_118,BEN_278,SOUTH,13.0,531.55,0,1,0.569,9.0,12.0,0.0,1
TXN2092,USER_107,1590.66,2025-02-15 02:09:00+00:00,DEV_107,BEN_398,NORTH,11.0,703.32,0,1,0.755,8.0,13.0,0.0,1
TXN2093,USER_114,867.2,2025-05-24 02:53:00+00:00,DEV_101,BEN_369,NORTH,17.0,464.28,0,0,0.817,14.0,14.0,0.0,1
TXN2094,USER_126,2740.53,2025-04-23 05:28:00+00:00,DEV_110,BEN_296,WEST,5.0,479.88,1,1,0.482,1.0,5.0,0.0,1
TXN2095,USER_175,4661.88,2025-03-12 12:40:00+00:00,DEV_90,BEN_317,EAST,6.0,785.02,1,1,0.889,1.0,5.0,0.0,1
TXN2096,USER_173,8982.99,2025-03-25 12:39:00+00:00,DEV_98,BEN_256,SOUTH,7.0,608.34,1,1,0.829,4.0,4.0,2.0,1
TXN2097,USER_145,1569.19,2025-04-22 12:07:00+00:00,DEV_81,BEN_393,SOUTH,16.0,605.38,0,1,0.516,11.0,13.0,0.0,1
TXN2098,USER_175,2883.87,2025-03-28 00:54:00+00:00,DEV_110,BEN_315,EAST,8.0,624.64,1,1,0.816,3.0,6.0,1.0,1
TXN2099,USER_102,6495.08,2025-03-24 05:38:00+00:00,DEV_93,BEN_308,EAST,3.0,758.88,1,1,0.796,1.0,8.0,0.0,1
TXN2100,USER_145,4945.68,2025-04-10 16:29:00+00:00,DEV_84,BEN_287,NORTH,7.0,674.83,1,1,0.803,4.0,8.0,0.0,1
TXN2101,USER_135,5086.56,2025-02-20 03:36:00+00:00,DEV_112,BEN_263,SOUTH,5.0,538.54,1,1,0.934,2.0,7.0,1.0,1
TXN2102,USER_109,1053.11,2025-04-13 01:58:00+00:00,DEV_90,BEN_364,WEST,16.0,543.94,0,0,0.648,12.0,9.0,0.0,1
TXN2103,USER_144,2447.11,2025-05-05 02:38:00+00:00,DEV_89,BEN_284,EAST,10.0,620.73,0,0,0.71,8.0,7.0,0.0,1
TXN2104,USER_136,1356.82,2025-05-08 03:39:00+00:00,DEV_86,BEN_263,WEST,9.0,695.33,0,1,0.2,6.0,6.0,0.0,1
TXN2105,USER_161,7377.93,2025-04-22 22:52:00+00:00,DEV_104,BEN_396,EAST,3.0,644.67,1,1,0.851,1.0,8.0,0.0,1
TXN2106,USER_133,5630.8,2025-03-23 17:41:00+00:00,DEV_94,BEN_332,SOUTH,6.0,631.33,1,1,0.834,4.0,12.0,1.0,1
TXN2107,USER_134,4998.32,2025-04-28 20:08:00+00:00,DEV_103,BEN_262,EAST,4.0,656.94,1,1,0.894,1.0,5.0,0.0,1
TXN2108,USER_118,6448.33,2025-05-11 00:49:00+00:00,DEV_94,BEN_294,NORTH,5.0,644.57,1,1,0.481,1.0,14.0,0.0,1
TXN2109,USER_137,1496.7,2025-02-25 15:53:00+00:00,DEV_110,BEN_333,EAST,9.0,532.94,0,1,0.823,6.0,8.0,0.0,1
TXN2110,USER_106,4520.44,2025-03-29 12:44:00+00:00,DEV_95,BEN_281,EAST,7.0,816.06,1,1,0.833,4.0,7.0,0.0,1
TXN2111,USER_145,8159.25,2025-05-03 06:09:00+00:00,DEV_111,BEN_398,SOUTH,6.0,577.65,1,1,0.533,3.0,8.0,1.0,1
TXN2112,USER_130,1562.25,2025-04-30 01:31:00+00:00,DEV_99,BEN_381,SOUTH,12.0,669.38,0,0,0.84,8.0,14.0,1.0,1
TXN2113,USER_121,2980.7,2025-03-31 09:03:00+00:00,DEV_81,BEN_382,NORTH,5.0,340.95,1,1,0.733,1.0,12.0,0.0,1
TXN2114,USER_129,6199.53,2025-02-17 03:46:00+00:00,DEV_98,BEN_327,NORTH,8.0,617.72,0,1,0.344,4.0,12.0,0.0,1
TXN2115,USER_171,4560.11,2025-06-13 13:57:00+00:00,DEV_90,BEN_398,NORTH,3.0,485.06,1,0,0.755,1.0,6.0,1.0,1
TXN2116,USER_156,3646.21,2025-04-08 06:02:00+00:00,DEV_100,BEN_299,EAST,3.0,503.15,1,0,0.512,1.0,13.0,1.0,1
TXN2117,USER_168,23844.89,2025-04-08 20:06:00+00:00,DEV_85,BEN_333,NORTH,5.0,1013.33,0,1,0.348,2.0,11.0,2.0,1
TXN2118,USER_131,2334.09,2025-03-26 16:55:00+00:00,DEV_110,BEN_362,EAST,12.0,687.43,0,1,0.716,10.0,4.0,0.0,1
TXN2119,USER_131,20295.88,2025-05-17 01:47:00+00:00,DEV_105,BEN_326,NORTH,6.0,833.9,1,1,0.638,2.0,8.0,1.0,1
TXN2120,USER_101,1776.02,2025-02-24 07:49:00+00:00,DEV_86,BEN_378,WEST,12.0,778.3,0,0,0.903,8.0,13.0,0.0,1
TXN2121,USER_154,6609.62,2025-06-18 00:12:00+00:00,DEV_119,BEN_266,EAST,5.0,797.49,1,1,0.683,2.0,9.0,2.0,1
TXN2122,USER_101,17134.59,2025-01-12 21:38:00+00:00,DEV_94,BEN_316,SOUTH,5.0,620.14,1,1,0.79,2.0,10.0,1.0,1
TXN2123,USER_177,5406.79,2025-01-03 00:49:00+00:00,DEV_89,BEN_374,EAST,5.0,890.96,1,0,0.742,3.0,8.0,0.0,1
TXN2124,USER_155,4457.34,2025-04-02 04:04:00+00:00,DEV_81,BEN_278,NORTH,5.0,777.0,0,1,0.834,2.0,4.0,0.0,1
TXN2125,USER_137,7131.26,2025-06-04 09:17:00+00:00,DEV_90,BEN_308,EAST,4.0,656.2,1,1,0.49,1.0,13.0,0.0,1
TXN2126,USER_152,6733.57,2025-01-02 06:17:00+00:00,DEV_82,BEN_399,EAST,5.0,689.49,1,1,0.686,3.0,12.0,0.0,1
TXN2127,USER_179,1963.48,2025-05-03 04:32:00+00:00,DEV_99,BEN_342,SOUTH,15.0,629.49,0,1,0.625,11.0,6.0,0.0,1
TXN2128,USER_112,4688.86,2025-03-12 03:15:00+00:00,DEV_104,BEN_304,EAST,5.0,657.84,1,1,0.768,2.0,6.0,0.0,1
TXN2129,USER_159,7766.1,2025-01-04 04:20:00+00:00,DEV_95,BEN_305,WEST,5.0,643.46,1,1,0.696,1.0,9.0,2.0,1
TXN2130,USER_169,8127.1,2025-03-08 03:15:00+00:00,DEV_115,BEN_281,SOUTH,8.0,707.23,1,0,0.539,4.0,12.0,0.0,1
TXN2131,USER_146,23852.21,2025-04-27 05:03:00+00:00,DEV_118,BEN_360,SOUTH,5.0,911.0,1,1,0.589,3.0,4.0,1.0,1
TXN2132,USER_153,2354.17,2025-04-25 07:40:00+00:00,DEV_92,BEN_266,SOUTH,7.0,469.22,1,1,0.947,2.0,10.0,1.0,1
TXN2133,USER_140,4748.72,2025-06-02 00:38:00+00:00,DEV_105,BEN_282,EAST,5.0,821.35,0,1,0.345,3.0,13.0,1.0,1
TXN2134,USER_112,12377.51,2025-06-27 01:52:00+00:00,DEV_96,BEN_269,NORTH,6.0,594.76,0,1,0.778,2.0,9.0,3.0,1
TXN2135,USER_178,5556.62,2025-01-10 06:34:00+00:00,DEV_91,BEN_363,WEST,6.0,840.45,1,1,0.873,1.0,4.0,0.0,1
TXN2136,USER_123,1766.61,2025-06-04 00:40:00+00:00,DEV_89,BEN_391,SOUTH,15.0,599.98,1,1,0.754,11.0,4.0,1.0,1
TXN2137,USER_130,10387.08,2025-01-02 00:21:00+00:00,DEV_101,BEN_263,WEST,5.0,711.91,1,1,1.0,1.0,5.0,3.0,1
TXN2138,USER_177,7326.29,2025-06-25 04:23:00+00:00,DEV_86,BEN_392,WEST,5.0,626.17,1,0,0.819,2.0,13.0,1.0,1
TXN2139,USER_104,2639.61,2025-05-20 02:24:00+00:00,DEV_107,BEN_387,NORTH,5.0,390.41,1,1,0.719,3.0,9.0,0.0,1
TXN2140,USER_132,7660.62,2025-06-21 04:58:00+00:00,DEV_115,BEN_326,NORTH,7.0,910.85,1,1,0.566,3.0,5.0,0.0,1
TXN2141,USER_144,5943.31,2025-01-13 17:28:00+00:00,DEV_95,BEN_256,NORTH,9.0,508.59,1,1,0.722,4.0,13.0,0.0,1
TXN2142,USER_118,17384.97,2025-01-14 00:51:00+00:00,DEV_103,BEN_354,EAST,8.0,662.58,1,1,0.773,3.0,13.0,2.0,1
TXN2143,USER_153,14376.23,2025-06-27 17:19:00+00:00,DEV_119,BEN_329,SOUTH,3.0,492.14,0,1,0.651,1.0,5.0,2.0,1
TXN2144,USER_141,2236.93,2025-02-20 15:41:00+00:00,DEV_108,BEN_375,NORTH,5.0,449.45,1,1,0.516,3.0,11.0,1.0,1
TXN2145,USER_120,1373.39,2025-03-10 23:16:00+00:00,DEV_96,BEN_294,EAST,12.0,619.26,0,0,0.433,7.0,7.0,1.0,1
TXN2146,USER_116,5019.38,2025-02-23 18:23:00+00:00,DEV_115,BEN_334,SOUTH,7.0,560.97,1,1,0.683,3.0,4.0,2.0,1
TXN2147,USER_122,3311.42,2025-01-29 19:51:00+00:00,DEV_82,BEN_383,WEST,6.0,474.68,1,1,0.384,3.0,4.0,0.0,1
TXN2148,USER_163,3899.22,2025-01-13 20:41:00+00:00,DEV_103,BEN_350,WEST,6.0,644.69,1,1,0.565,4.0,9.0,0.0,1
TXN2149,USER_141,7693.47,2025-01-25 05:29:00+00:00,DEV_90,BEN_347,WEST,6.0,427.71,1,1,0.212,3.0,13.0,3.0,1
TXN2150,USER_163,1969.08,2025-06-02 01:24:00+00:00,DEV_88,BEN_395,EAST,15.0,668.82,1,1,0.8,13.0,14.0,1.0,1
TXN2151,USER_157,4755.42,2025-01-05 19:47:00+00:00,DEV_101,BEN_323,EAST,5.0,630.9,1,1,0.858,3.0,11.0,1.0,1
TXN2152,USER_164,1061.98,2025-06-11 14:09:00+00:00,DEV_108,BEN_276,NORTH,14.0,277.94,0,1,0.664,12.0,14.0,0.0,1
TXN2153,USER_168,6632.07,2025-02-09 16:50:00+00:00,DEV_109,BEN_396,WEST,6.0,571.53,1,1,0.98,1.0,6.0,1.0,1
TXN2154,USER_149,1929.35,2025-04-19 20:37:00+00:00,DEV_110,BEN_271,SOUTH,16.0,720.26,0,1,0.893,14.0,5.0,0.0,1
TXN2155,USER_128,1695.05,2025-02-16 08:19:00+00:00,DEV_92,BEN_333,NORTH,11.0,490.47,0,0,0.736,7.0,5.0,1.0,1
TXN2156,USER_155,3868.85,2025-06-10 15:41:00+00:00,DEV_97,BEN_363,NORTH,7.0,726.77,0,1,0.63,4.0,5.0,0.0,1
TXN2157,USER_175,15918.36,2025-01-08 19:59:00+00:00,DEV_85,BEN_368,SOUTH,8.0,714.9,1,1,0.587,3.0,12.0,1.0,1
TXN2158,USER_125,1254.88,2025-05-09 00:20:00+00:00,DEV_105,BEN_355,SOUTH,10.0,497.34,0,0,0.751,8.0,5.0,1.0,1
TXN2159,USER_139,1944.97,2025-06-18 03:23:00+00:00,DEV_112,BEN_314,NORTH,16.0,648.16,0,1,0.625,11.0,8.0,0.0,1
TXN2160,USER_170,2087.89,2025-03-21 05:55:00+00:00,DEV_99,BEN_278,WEST,10.0,773.75,0,0,0.749,8.0,12.0,0.0,1
TXN2161,USER_147,1802.05,2025-03-23 05:20:00+00:00,DEV_93,BEN_256,SOUTH,13.0,518.54,1,0,0.762,8.0,14.0,0.0,1
TXN2162,USER_111,5889.87,2025-01-27 02:51:00+00:00,DEV_93,BEN_296,SOUTH,5.0,619.13,1,0,0.609,3.0,5.0,0.0,1
TXN2163,USER_128,5750.98,2025-06-08 02:53:00+00:00,DEV_106,BEN_395,EAST,3.0,822.54,1,1,0.847,1.0,6.0,0.0,1
TXN2164,USER_120,1347.21,2025-06-22 07:34:00+00:00,DEV_107,BEN_353,SOUTH,10.0,521.36,0,0,0.609,8.0,4.0,0.0,1
TXN2165,USER_138,2355.55,2025-03-31 00:04:00+00:00,DEV_99,BEN_311,WEST,19.0,718.87,1,0,0.654,14.0,5.0,0.0,1
TXN2166,USER_179,4724.68,2025-05-05 07:03:00+00:00,DEV_90,BEN_324,EAST,5.0,488.12,1,1,0.474,2.0,8.0,1.0,1
TXN2167,USER_167,10783.96,2025-05-17 01:16:00+00:00,DEV_97,BEN_300,EAST,4.0,625.86,1,1,0.601,1.0,7.0,1.0,1
TXN2168,USER_176,8013.42,2025-03-05 14:01:00+00:00,DEV_93,BEN_384,WEST,9.0,717.01,1,1,1.0,4.0,14.0,2.0,1
TXN2169,USER_159,3286.45,2025-01-01 00:45:00+00:00,DEV_84,BEN_318,NORTH,4.0,289.32,1,1,0.488,1.0,8.0,0.0,1
TXN2170,USER_140,4515.89,2025-01-24 03:38:00+00:00,DEV_96,BEN_375,NORTH,5.0,569.85,1,0,0.729,1.0,7.0,0.0,1
TXN2171,USER_152,1407.26,2025-06-11 19:27:00+00:00,DEV_114,BEN_258,EAST,10.0,714.4,1,0,0.568,7.0,9.0,1.0,1
TXN2172,USER_139,7507.42,2025-05-24 00:48:00+00:00,DEV_104,BEN_323,EAST,3.0,683.88,1,0,0.251,1.0,11.0,0.0,1
TXN2173,USER_103,10078.53,2025-01-18 02:08:00+00:00,DEV_86,BEN_340,NORTH,8.0,571.64,1,1,0.751,3.0,7.0,2.0,1
TXN2174,USER_109,1600.84,2025-05-25 10:30:00+00:00,DEV_114,BEN_350,NORTH,12.0,484.31,1,0,0.55,9.0,5.0,0.0,1
TXN2175,USER_144,4832.8,2025-06-08 16:20:00+00:00,DEV_89,BEN_254,WEST,9.0,744.27,1,1,0.707,4.0,8.0,0.0,1
TXN2176,USER_152,6330.32,2025-04-08 00:01:00+00:00,DEV_104,BEN_346,NORTH,7.0,601.64,1,1,0.828,4.0,10.0,0.0,1
TXN2177,USER_120,6327.66,2025-03-23 17:28:00+00:00,DEV_103,BEN_376,SOUTH,8.0,731.8,1,1,0.692,3.0,7.0,0.0,1
TXN2178,USER_102,1403.97,2025-06-29 00:08:00+00:00,DEV_109,BEN_264,NORTH,8.0,707.03,1,0,0.709,6.0,10.0,0.0,1
TXN2179,USER_105,5172.99,2025-06-06 05:02:00+00:00,DEV_110,BEN_300,SOUTH,6.0,582.89,1,1,0.494,2.0,7.0,0.0,1
TXN2180,USER_125,23249.77,2025-03-11 00:12:00+00:00,DEV_92,BEN_314,EAST,5.0,810.88,1,1,0.777,2.0,13.0,1.0,1
TXN2181,USER_168,2032.59,2025-03-27 01:11:00+00:00,DEV_111,BEN_288,EAST,16.0,560.86,1,0,0.616,11.0,13.0,0.0,1
TXN2182,USER_133,13279.81,2025-06-19 04:37:00+00:00,DEV_103,BEN_316,NORTH,4.0,828.57,1,1,0.29,1.0,11.0,2.0,1
TXN2183,USER_177,6361.88,2025-06-15 18:47:00+00:00,DEV_94,BEN_384,NORTH,9.0,848.19,1,1,0.799,4.0,13.0,0.0,1
TXN2184,USER_171,5293.21,2025-04-24 00:29:00+00:00,DEV_85,BEN_384,WEST,7.0,807.52,1,1,0.854,4.0,5.0,0.0,1
TXN2185,USER_168,13433.92,2025-04-27 10:38:00+00:00,DEV_103,BEN_340,SOUTH,4.0,622.92,1,1,0.917,1.0,11.0,3.0,1
TXN2186,USER_177,11770.41,2025-05-13 01:06:00+00:00,DEV_99,BEN_382,SOUTH,5.0,1032.06,1,1,1.0,1.0,8.0,0.0,1
TXN2187,USER_119,3939.72,2025-02-22 11:47:00+00:00,DEV_99,BEN_372,WEST,6.0,672.78,1,1,0.789,2.0,12.0,0.0,1
TXN2188,USER_177,13268.98,2025-06-15 05:30:00+00:00,DEV_107,BEN_259,WEST,7.0,686.16,1,1,0.743,4.0,4.0,1.0,1
TXN2189,USER_173,15369.48,2025-02-22 02:25:00+00:00,DEV_108,BEN_308,SOUTH,4.0,646.69,1,1,0.846,2.0,6.0,3.0,1
TXN2190,USER_163,7993.01,2025-05-30 03:52:00+00:00,DEV_88,BEN_376,NORTH,6.0,480.54,0,1,0.49,4.0,6.0,1.0,1
TXN2191,USER_115,4273.57,2025-05-28 21:18:00+00:00,DEV_92,BEN_316,SOUTH,7.0,844.26,1,1,0.349,3.0,10.0,0.0,1
TXN2192,USER_123,1543.85,2025-02-21 06:26:00+00:00,DEV_116,BEN_342,SOUTH,15.0,564.14,0,0,0.564,13.0,14.0,0.0,1
TXN2193,USER_152,1552.13,2025-05-26 02:55:00+00:00,DEV_104,BEN_312,EAST,15.0,787.94,0,0,0.88,11.0,13.0,0.0,1
TXN2194,USER_103,2931.4,2025-06-06 03:08:00+00:00,DEV_97,BEN_253,EAST,19.0,823.93,0,1,0.531,14.0,9.0,0.0,1
TXN2195,USER_165,4423.14,2025-03-31 05:31:00+00:00,DEV_118,BEN_335,SOUTH,9.0,740.5,0,1,0.734,4.0,4.0,0.0,1
TXN2196,USER_134,13126.37,2025-04-08 01:34:00+00:00,DEV_107,BEN_307,SOUTH,8.0,546.2,0,1,0.753,4.0,13.0,3.0,1
TXN2197,USER_101,5863.76,2025-04-02 21:42:00+00:00,DEV_114,BEN_366,EAST,6.0,598.84,1,1,0.694,3.0,10.0,0.0,1
TXN2198,USER_123,983.79,2025-01-09 02:55:00+00:00,DEV_99,BEN_383,EAST,10.0,248.44,0,1,0.42,6.0,4.0,0.0,1
TXN2199,USER_131,14463.09,2025-04-08 14:20:00+00:00,DEV_87,BEN_266,EAST,3.0,632.53,1,1,0.712,1.0,11.0,3.0,1
TXN2200,USER_152,14651.27,2025-05-02 15:06:00+00:00,DEV_109,BEN_304,WEST,8.0,770.41,1,1,0.574,3.0,13.0,3.0,1
TXN2201,USER_148,5515.37,2025-04-12 02:23:00+00:00,DEV_112,BEN_309,EAST,5.0,614.37,1,1,0.957,3.0,13.0,1.0,1
TXN2202,USER_129,1871.21,2025-03-31 18:09:00+00:00,DEV_103,BEN_351,EAST,11.0,561.49,1,0,0.855,7.0,13.0,0.0,1
TXN2203,USER_149,1510.53,2025-04-01 16:43:00+00:00,DEV_97,BEN_310,SOUTH,15.0,605.34,0,0,0.58,12.0,14.0,0.0,1
TXN2204,USER_171,9774.75,2025-04-07 04:34:00+00:00,DEV_85,BEN_335,WEST,5.0,832.3,0,1,0.968,3.0,11.0,0.0,1
TXN2205,USER_128,3582.93,2025-06-17 20:45:00+00:00,DEV_90,BEN_386,NORTH,4.0,641.85,1,1,0.712,2.0,10.0,1.0,1
TXN2206,USER_129,3026.12,2025-03-16 02:20:00+00:00,DEV_117,BEN_338,NORTH,15.0,928.69,0,0,0.349,11.0,5.0,1.0,1
TXN2207,USER_108,14145.96,2025-02-10 12:57:00+00:00,DEV_87,BEN_265,EAST,7.0,564.39,0,1,0.636,3.0,10.0,2.0,1
TXN2208,USER_130,6541.68,2025-01-12 22:53:00+00:00,DEV_106,BEN_322,EAST,5.0,682.58,1,1,0.944,3.0,13.0,3.0,1
TXN2209,USER_122,5096.26,2025-06-06 11:54:00+00:00,DEV_106,BEN_383,SOUTH,4.0,584.99,1,1,0.502,2.0,12.0,0.0,1
TXN2210,USER_160,4335.46,2025-02-02 20:42:00+00:00,DEV_99,BEN_322,EAST,6.0,961.17,1,1,0.638,2.0,13.0,1.0,1
TXN2211,USER_109,4814.4,2025-03-17 15:11:00+00:00,DEV_119,BEN_397,NORTH,7.0,676.96,1,1,0.405,3.0,5.0,0.0,1
TXN2212,USER_147,10545.19,2025-05-17 04:08:00+00:00,DEV_107,BEN_385,EAST,7.0,969.21,1,1,0.434,4.0,6.0,3.0,1
TXN2213,USER_161,5851.68,2025-02-02 12:57:00+00:00,DEV_118,BEN_290,SOUTH,4.0,586.98,1,1,0.5,2.0,13.0,2.0,1
TXN2214,USER_120,13873.7,2025-02-12 14:52:00+00:00,DEV_91,BEN_312,EAST,5.0,879.14,0,1,0.429,3.0,14.0,2.0,1
TXN2215,USER_105,2091.24,2025-04-25 08:52:00+00:00,DEV_109,BEN_278,SOUTH,9.0,667.7,0,0,0.539,7.0,9.0,0.0,1
TXN2216,USER_154,5203.98,2025-04-23 11:38:00+00:00,DEV_110,BEN_279,EAST,4.0,775.5,1,1,0.963,2.0,13.0,1.0,1
TXN2217,USER_147,1120.59,2025-02-13 02:51:00+00:00,DEV_116,BEN_305,NORTH,15.0,467.04,1,0,0.644,11.0,11.0,0.0,1
TXN2218,USER_145,3282.88,2025-04-08 05:29:00+00:00,DEV_97,BEN_313,WEST,5.0,702.26,1,1,0.791,2.0,6.0,0.0,1
TXN2219,USER_170,4389.37,2025-05-07 23:09:00+00:00,DEV_93,BEN_303,SOUTH,4.0,489.63,1,1,0.846,2.0,9.0,1.0,1
TXN2220,USER_108,5768.79,2025-02-09 12:15:00+00:00,DEV_112,BEN_360,NORTH,6.0,688.56,1,1,0.45,2.0,8.0,1.0,1
TXN2221,USER_115,2989.33,2025-03-21 20:51:00+00:00,DEV_109,BEN_273,WEST,5.0,422.24,1,1,0.5,1.0,12.0,0.0,1
TXN2222,USER_137,4458.09,2025-02-20 05:38:00+00:00,DEV_91,BEN_321,NORTH,4.0,635.89,1,1,0.788,2.0,7.0,0.0,1
TXN2223,USER_144,11958.75,2025-06-19 01:59:00+00:00,DEV_92,BEN_383,EAST,6.0,814.34,1,1,0.536,2.0,5.0,3.0,1
TXN2224,USER_173,2481.43,2025-03-11 03:53:00+00:00,DEV_111,BEN_360,NORTH,12.0,732.13,1,0,0.776,10.0,9.0,0.0,1
TXN2225,USER_149,10098.58,2025-06-04 02:45:00+00:00,DEV_103,BEN_281,WEST,8.0,464.91,0,1,0.952,4.0,9.0,3.0,1
TXN2226,USER_116,4278.92,2025-06-08 16:02:00+00:00,DEV_116,BEN_286,NORTH,6.0,365.24,1,1,0.388,3.0,13.0,0.0,1
TXN2227,USER_168,1928.13,2025-01-31 01:11:00+00:00,DEV_105,BEN_388,SOUTH,10.0,724.54,1,0,0.586,8.0,4.0,1.0,1
TXN2228,USER_133,9298.45,2025-06-19 03:22:00+00:00,DEV_119,BEN_337,EAST,6.0,887.18,1,1,0.614,1.0,13.0,0.0,1
TXN2229,USER_169,2327.19,2025-01-09 00:02:00+00:00,DEV_93,BEN_382,WEST,6.0,505.41,0,1,0.555,4.0,6.0,0.0,1
TXN2230,USER_122,6977.02,2025-03-11 17:56:00+00:00,DEV_111,BEN_379,SOUTH,7.0,964.61,1,0,0.541,2.0,5.0,1.0,1
TXN2231,USER_163,5428.36,2025-01-29 09:13:00+00:00,DEV_88,BEN_316,SOUTH,5.0,649.03,0,1,0.561,2.0,8.0,0.0,1
TXN2232,USER_142,5323.22,2025-01-09 00:22:00+00:00,DEV_108,BEN_329,SOUTH,5.0,356.2,0,1,0.647,1.0,10.0,2.0,1
TXN2233,USER_144,7496.0,2025-04-10 04:40:00+00:00,DEV_97,BEN_305,WEST,8.0,415.87,1,1,0.68,4.0,14.0,2.0,1
TXN2234,USER_178,4940.76,2025-04-19 01:02:00+00:00,DEV_101,BEN_345,WEST,5.0,765.49,0,1,0.822,2.0,9.0,0.0,1
TXN2235,USER_112,2672.09,2025-04-15 01:38:00+00:00,DEV_112,BEN_347,NORTH,14.0,669.44,0,1,0.645,10.0,5.0,0.0,1
TXN2236,USER_124,9109.3,2025-03-17 15:06:00+00:00,DEV_85,BEN_352,WEST,5.0,872.33,1,1,0.851,2.0,8.0,0.0,1
TXN2237,USER_114,4201.19,2025-05-22 02:54:00+00:00,DEV_89,BEN_379,WEST,8.0,470.28,1,1,0.543,4.0,14.0,0.0,1
TXN2238,USER_166,2049.68,2025-03-30 04:41:00+00:00,DEV_102,BEN_361,EAST,16.0,667.77,0,1,0.434,14.0,11.0,0.0,1
TXN2239,USER_168,9295.88,2025-04-07 04:20:00+00:00,DEV_97,BEN_266,SOUTH,7.0,651.01,1,1,0.595,4.0,6.0,2.0,1
TXN2240,USER_167,15062.75,2025-03-21 02:42:00+00:00,DEV_102,BEN_303,SOUTH,5.0,628.55,1,1,0.733,3.0,11.0,3.0,1
TXN2241,USER_119,6724.72,2025-02-07 01:18:00+00:00,DEV_97,BEN_335,WEST,5.0,592.61,1,1,0.805,2.0,12.0,0.0,1
TXN2242,USER_120,1206.28,2025-04-28 23:06:00+00:00,DEV_83,BEN_344,SOUTH,8.0,595.6,1,1,0.913,6.0,7.0,1.0,1
TXN2243,USER_132,6245.7,2025-05-30 04:00:00+00:00,DEV_117,BEN_379,SOUTH,6.0,676.2,1,1,0.702,3.0,9.0,0.0,1
TXN2244,USER_161,5426.69,2025-02-24 05:13:00+00:00,DEV_107,BEN_313,SOUTH,8.0,695.39,1,1,0.786,3.0,7.0,0.0,1
TXN2245,USER_160,5018.36,2025-03-25 20:42:00+00:00,DEV_104,BEN_373,NORTH,6.0,687.89,1,1,0.896,3.0,5.0,0.0,1
TXN2246,USER_179,4029.78,2025-06-10 17:33:00+00:00,DEV_86,BEN_309,SOUTH,4.0,830.9,1,1,0.51,1.0,13.0,0.0,1
TXN2247,USER_162,2709.59,2025-02-07 01:16:00+00:00,DEV_88,BEN_272,NORTH,7.0,469.81,1,1,0.612,2.0,7.0,0.0,1
TXN2248,USER_176,2909.33,2025-03-17 01:41:00+00:00,DEV_104,BEN_321,NORTH,4.0,378.25,0,1,1.0,2.0,7.0,1.0,1
TXN2249,USER_121,2050.81,2025-02-18 14:23:00+00:00,DEV_83,BEN_273,SOUTH,15.0,802.54,1,0,0.804,11.0,5.0,0.0,1
TXN2250,USER_148,2457.6,2025-03-03 01:09:00+00:00,DEV_99,BEN_311,WEST,5.0,508.47,1,1,0.742,1.0,8.0,0.0,1
TXN2251,USER_142,5097.57,2025-03-24 10:40:00+00:00,DEV_115,BEN_287,WEST,4.0,593.08,1,1,0.811,1.0,11.0,1.0,1
TXN2252,USER_112,6971.41,2025-06-16 06:27:00+00:00,DEV_115,BEN_254,SOUTH,5.0,558.19,0,1,0.41,2.0,14.0,3.0,1
TXN2253,USER_175,5743.93,2025-01-03 05:39:00+00:00,DEV_101,BEN_349,WEST,6.0,554.97,1,1,0.534,2.0,12.0,2.0,1
TXN2254,USER_109,4477.22,2025-03-06 05:33:00+00:00,DEV_90,BEN_361,NORTH,6.0,431.26,1,1,0.468,3.0,13.0,0.0,1
TXN2255,USER_168,5079.14,2025-06-05 12:06:00+00:00,DEV_83,BEN_270,EAST,4.0,564.57,1,1,0.725,1.0,14.0,0.0,1
TXN2256,USER_121,3371.23,2025-01-15 01:02:00+00:00,DEV_87,BEN_338,EAST,8.0,747.4,1,1,0.584,4.0,11.0,0.0,1
TXN2257,USER_117,6555.15,2025-04-02 01:06:00+00:00,DEV_91,BEN_325,SOUTH,5.0,649.41,1,1,0.667,2.0,13.0,2.0,1
TXN2258,USER_148,5892.06,2025-01-28 05:13:00+00:00,DEV_102,BEN_271,SOUTH,8.0,725.68,1,1,0.594,3.0,7.0,0.0,1
TXN2259,USER_137,4821.18,2025-04-11 21:13:00+00:00,DEV_109,BEN_341,EAST,7.0,575.59,1,1,0.357,4.0,11.0,1.0,1
TXN2260,USER_130,1526.53,2025-05-09 06:55:00+00:00,DEV_98,BEN_289,SOUTH,11.0,785.43,0,1,0.809,7.0,10.0,0.0,1
TXN2261,USER_172,1064.36,2025-04-25 18:46:00+00:00,DEV_113,BEN_373,EAST,17.0,573.75,0,1,0.333,13.0,8.0,1.0,1
TXN2262,USER_155,3001.96,2025-04-12 04:52:00+00:00,DEV_87,BEN_342,NORTH,7.0,333.72,1,1,0.519,2.0,11.0,0.0,1
TXN2263,USER_148,4614.76,2025-05-14 04:28:00+00:00,DEV_97,BEN_267,EAST,6.0,697.49,1,1,0.413,3.0,11.0,0.0,1
TXN2264,USER_163,3653.65,2025-04-07 06:19:00+00:00,DEV_104,BEN_328,NORTH,6.0,765.11,1,1,0.492,4.0,8.0,0.0,1
TXN2265,USER_164,4404.57,2025-04-21 02:24:00+00:00,DEV_83,BEN_268,SOUTH,6.0,566.11,1,1,0.686,3.0,13.0,1.0,1
TXN2266,USER_114,5499.7,2025-01-15 13:52:00+00:00,DEV_116,BEN_358,EAST,5.0,829.88,1,1,0.872,1.0,4.0,0.0,1
TXN2267,USER_135,14476.44,2025-01-04 10:21:00+00:00,DEV_119,BEN_295,WEST,7.0,522.4,1,1,0.369,4.0,7.0,2.0,1
TXN2268,USER_172,10995.1,2025-01-30 02:37:00+00:00,DEV_109,BEN_323,SOUTH,6.0,750.61,1,1,0.55,1.0,8.0,3.0,1
TXN2269,USER_165,2219.92,2025-04-08 23:08:00+00:00,DEV_108,BEN_354,NORTH,15.0,911.72,0,1,0.335,13.0,13.0,1.0,1
TXN2270,USER_104,1654.09,2025-03-13 02:58:00+00:00,DEV_89,BEN_376,NORTH,15.0,655.51,0,1,0.541,12.0,9.0,1.0,1
TXN2271,USER_119,1855.09,2025-03-07 05:38:00+00:00,DEV_88,BEN_327,EAST,11.0,616.03,1,0,0.663,6.0,14.0,0.0,1
TXN2272,USER_121,4764.59,2025-03-22 05:57:00+00:00,DEV_90,BEN_262,WEST,9.0,634.15,1,1,0.788,4.0,14.0,0.0,1
TXN2273,USER_141,2354.79,2025-06-28 00:17:00+00:00,DEV_86,BEN_289,WEST,14.0,894.24,0,0,0.269,12.0,9.0,0.0,1
TXN2274,USER_165,5679.9,2025-03-09 04:37:00+00:00,DEV_102,BEN_342,WEST,9.0,710.42,1,1,0.749,4.0,12.0,1.0,1
TXN2275,USER_138,9596.74,2025-03-21 03:16:00+00:00,DEV_118,BEN_257,SOUTH,6.0,971.63,1,1,0.475,3.0,6.0,0.0,1
TXN2276,USER_114,8257.44,2025-04-01 23:28:00+00:00,DEV_107,BEN_306,SOUTH,6.0,691.89,1,0,0.431,2.0,5.0,0.0,1
TXN2277,USER_144,1055.35,2025-05-20 13:19:00+00:00,DEV_115,BEN_299,WEST,15.0,551.93,0,1,0.662,13.0,9.0,1.0,1
TXN2278,USER_117,1903.36,2025-05-13 04:08:00+00:00,DEV_119,BEN_296,WEST,15.0,562.47,0,0,0.763,13.0,7.0,0.0,1
TXN2279,USER_154,2349.33,2025-06-26 11:26:00+00:00,DEV_106,BEN_393,SOUTH,15.0,659.24,1,0,0.632,11.0,12.0,0.0,1
TXN2280,USER_178,1253.28,2025-04-25 13:31:00+00:00,DEV_85,BEN_391,SOUTH,16.0,343.8,0,0,0.453,13.0,9.0,0.0,1
TXN2281,USER_150,16661.86,2025-06-21 05:09:00+00:00,DEV_117,BEN_384,NORTH,4.0,578.75,0,1,0.632,2.0,5.0,1.0,1
TXN2282,USER_172,5733.85,2025-04-21 15:23:00+00:00,DEV_102,BEN_379,NORTH,6.0,582.08,1,1,0.519,2.0,8.0,0.0,1
TXN2283,USER_143,6812.94,2025-04-07 02:05:00+00:00,DEV_102,BEN_384,EAST,3.0,685.97,1,1,0.759,1.0,8.0,0.0,1
TXN2284,USER_165,13836.1,2025-04-11 02:38:00+00:00,DEV_119,BEN_278,EAST,6.0,941.27,1,0,0.844,1.0,4.0,3.0,1
TXN2285,USER_175,1310.87,2025-03-28 02:18:00+00:00,DEV_107,BEN_309,EAST,15.0,658.22,1,0,0.832,13.0,9.0,0.0,1
TXN2286,USER_113,3210.5,2025-02-06 01:05:00+00:00,DEV_85,BEN_259,SOUTH,4.0,361.6,1,0,0.646,2.0,14.0,1.0,1
TXN2287,USER_153,4317.68,2025-03-07 00:30:00+00:00,DEV_110,BEN_369,NORTH,6.0,512.91,1,1,0.852,3.0,13.0,0.0,1
TXN2288,USER_120,16290.52,2025-04-19 01:50:00+00:00,DEV_118,BEN_380,SOUTH,5.0,689.34,0,1,0.466,2.0,13.0,1.0,1
TXN2289,USER_106,7935.81,2025-04-20 02:59:00+00:00,DEV_90,BEN_255,WEST,7.0,663.95,1,0,0.971,3.0,13.0,0.0,1
TXN2290,USER_118,8587.82,2025-01-29 18:58:00+00:00,DEV_99,BEN_276,WEST,4.0,893.67,0,1,0.465,2.0,14.0,1.0,1
TXN2291,USER_111,8436.99,2025-05-25 14:10:00+00:00,DEV_85,BEN_276,NORTH,9.0,794.01,1,1,0.285,4.0,5.0,3.0,1
TXN2292,USER_115,6321.23,2025-05-09 17:12:00+00:00,DEV_108,BEN_389,SOUTH,6.0,789.52,1,1,0.896,3.0,8.0,3.0,1
TXN2293,USER_100,6659.67,2025-04-05 11:53:00+00:00,DEV_86,BEN_368,EAST,8.0,617.43,0,1,0.522,4.0,9.0,1.0,1
TXN2294,USER_177,3121.75,2025-03-23 09:37:00+00:00,DEV_97,BEN_292,NORTH,12.0,814.87,0,0,0.671,7.0,13.0,0.0,1
TXN2295,USER_135,4719.37,2025-04-11 03:32:00+00:00,DEV_106,BEN_257,SOUTH,6.0,515.61,1,1,0.464,1.0,8.0,0.0,1
TXN2296,USER_113,9502.33,2025-04-15 00:48:00+00:00,DEV_113,BEN_312,NORTH,7.0,795.24,1,1,1.0,3.0,11.0,0.0,1
TXN2297,USER_127,4365.43,2025-03-19 05:03:00+00:00,DEV_93,BEN_338,SOUTH,5.0,607.64,1,1,0.978,3.0,12.0,1.0,1
TXN2298,USER_159,2325.1,2025-06-05 04:33:00+00:00,DEV_116,BEN_257,WEST,5.0,432.8,1,1,0.928,1.0,9.0,0.0,1
TXN2299,USER_150,4060.13,2025-01-29 01:34:00+00:00,DEV_81,BEN_320,WEST,4.0,738.99,1,1,0.666,1.0,6.0,1.0,1
TXN2300,USER_104,1751.87,2025-03-09 01:56:00+00:00,DEV_87,BEN_331,NORTH,18.0,859.63,0,1,0.827,14.0,4.0,0.0,1
TXN2301,USER_111,6206.47,2025-03-13 01:28:00+00:00,DEV_85,BEN_397,EAST,3.0,589.01,1,1,0.64,1.0,8.0,0.0,1
TXN2302,USER_143,6983.64,2025-01-18 00:30:00+00:00,DEV_110,BEN_279,WEST,8.0,884.41,1,1,0.852,4.0,5.0,1.0,1
TXN2303,USER_177,3648.77,2025-01-17 07:48:00+00:00,DEV_95,BEN_278,WEST,6.0,401.61,0,1,0.576,1.0,11.0,1.0,1
TXN2304,USER_105,1686.57,2025-06-10 04:16:00+00:00,DEV_81,BEN_315,NORTH,12.0,470.48,0,1,0.935,8.0,6.0,0.0,1
TXN2305,USER_168,6192.77,2025-05-20 04:04:00+00:00,DEV_111,BEN_298,SOUTH,7.0,627.99,1,1,0.567,2.0,13.0,0.0,1
TXN2306,USER_104,1374.14,2025-03-07 00:28:00+00:00,DEV_91,BEN_387,WEST,15.0,594.39,1,0,0.587,13.0,13.0,0.0,1
TXN2307,USER_139,4619.89,2025-02-17 02:36:00+00:00,DEV_107,BEN_368,WEST,8.0,549.93,1,1,0.566,4.0,13.0,0.0,1
TXN2308,USER_118,2290.29,2025-03-15 08:29:00+00:00,DEV_102,BEN_288,SOUTH,16.0,670.05,0,0,0.685,14.0,11.0,1.0,1
TXN2309,USER_133,10101.49,2025-05-07 05:42:00+00:00,DEV_85,BEN_300,SOUTH,6.0,570.71,1,1,0.58,4.0,5.0,3.0,1
TXN2310,USER_174,1652.74,2025-02-23 03:15:00+00:00,DEV_104,BEN_345,NORTH,16.0,596.15,0,0,0.738,11.0,14.0,0.0,1
TXN2311,USER_117,2050.4,2025-01-12 07:00:00+00:00,DEV_114,BEN_380,WEST,8.0,691.76,1,0,0.563,6.0,4.0,1.0,1
TXN2312,USER_151,13950.18,2025-03-17 01:47:00+00:00,DEV_95,BEN_281,NORTH,5.0,549.87,1,0,0.792,2.0,10.0,2.0,1
TXN2313,USER_126,7493.8,2025-04-18 18:51:00+00:00,DEV_113,BEN_295,SOUTH,6.0,634.1,0,1,0.923,4.0,12.0,0.0,1
TXN2314,USER_152,6224.45,2025-04-04 22:37:00+00:00,DEV_91,BEN_341,NORTH,4.0,553.17,1,1,0.664,1.0,4.0,1.0,1
TXN2315,USER_104,12866.68,2025-02-01 04:18:00+00:00,DEV_92,BEN_379,WEST,4.0,469.16,1,1,1.0,2.0,9.0,3.0,1
TXN2316,USER_123,18383.65,2025-06-01 01:22:00+00:00,DEV_87,BEN_294,NORTH,6.0,764.56,1,1,0.853,3.0,9.0,2.0,1
TXN2317,USER_176,3109.32,2025-04-24 01:28:00+00:00,DEV_89,BEN_320,EAST,10.0,906.17,1,0,1.0,6.0,6.0,1.0,1
TXN2318,USER_157,4845.93,2025-05-10 03:25:00+00:00,DEV_90,BEN_352,NORTH,6.0,809.69,1,0,0.639,2.0,5.0,0.0,1
TXN2319,USER_174,4314.57,2025-06-22 03:13:00+00:00,DEV_106,BEN_314,SOUTH,6.0,699.76,1,1,0.351,1.0,14.0,1.0,1
TXN2320,USER_154,14195.07,2025-04-03 11:22:00+00:00,DEV_86,BEN_365,EAST,6.0,553.77,1,1,0.523,4.0,13.0,3.0,1
TXN2321,USER_114,2394.74,2025-04-15 04:17:00+00:00,DEV_102,BEN_327,EAST,16.0,606.96,0,0,0.541,13.0,5.0,1.0,1
TXN2322,USER_136,5036.1,2025-05-18 04:26:00+00:00,DEV_91,BEN_382,EAST,7.0,808.55,0,1,0.478,3.0,7.0,0.0,1
TXN2323,USER_170,3136.4,2025-05-20 01:22:00+00:00,DEV_86,BEN_341,SOUTH,6.0,307.78,1,1,0.255,4.0,8.0,0.0,1
TXN2324,USER_154,13685.28,2025-06-02 02:31:00+00:00,DEV_113,BEN_387,SOUTH,4.0,595.51,1,1,0.834,2.0,6.0,2.0,1
TXN2325,USER_141,2088.0,2025-05-07 14:48:00+00:00,DEV_102,BEN_379,WEST,10.0,760.12,0,0,0.315,7.0,4.0,1.0,1
TXN2326,USER_169,7352.19,2025-01-11 04:19:00+00:00,DEV_92,BEN_286,EAST,9.0,479.26,1,1,0.817,4.0,9.0,2.0,1
TXN2327,USER_109,8501.37,2025-03-05 17:03:00+00:00,DEV_105,BEN_384,EAST,8.0,713.51,0,1,1.0,4.0,8.0,0.0,1
TXN2328,USER_176,8307.92,2025-04-17 19:49:00+00:00,DEV_116,BEN_270,WEST,8.0,706.55,1,0,0.51,4.0,12.0,0.0,1
TXN2329,USER_110,4346.27,2025-03-22 03:11:00+00:00,DEV_92,BEN_293,NORTH,6.0,431.85,1,1,0.72,2.0,7.0,0.0,1
TXN2330,USER_179,1811.32,2025-01-08 11:55:00+00:00,DEV_90,BEN_258,WEST,17.0,663.05,0,0,0.578,12.0,9.0,0.0,1
TXN2331,USER_164,3457.19,2025-02-18 02:31:00+00:00,DEV_107,BEN_266,WEST,7.0,557.38,1,0,0.799,3.0,7.0,0.0,1
TXN2332,USER_139,8510.88,2025-02-25 01:31:00+00:00,DEV_100,BEN_358,SOUTH,7.0,712.41,1,1,0.435,3.0,4.0,1.0,1
TXN2333,USER_138,4931.56,2025-01-07 01:24:00+00:00,DEV_107,BEN_267,NORTH,6.0,750.47,1,1,0.626,3.0,12.0,0.0,1
TXN2334,USER_102,5528.15,2025-05-18 05:42:00+00:00,DEV_87,BEN_278,SOUTH,8.0,709.84,1,1,0.852,3.0,12.0,0.0,1
TXN2335,USER_125,6169.11,2025-03-10 23:39:00+00:00,DEV_117,BEN_311,SOUTH,3.0,660.89,1,0,0.641,1.0,11.0,2.0,1
TXN2336,USER_118,5699.8,2025-05-23 02:55:00+00:00,DEV_81,BEN_370,WEST,6.0,693.33,1,1,0.357,3.0,4.0,1.0,1
TXN2337,USER_156,1070.1,2025-06-06 05:00:00+00:00,DEV_91,BEN_371,SOUTH,13.0,473.59,1,0,0.873,10.0,11.0,0.0,1
TXN2338,USER_115,1596.93,2025-06-09 18:11:00+00:00,DEV_105,BEN_394,WEST,16.0,645.39,0,1,0.417,14.0,10.0,1.0,1
TXN2339,USER_164,4397.17,2025-06-13 03:16:00+00:00,DEV_101,BEN_259,NORTH,8.0,530.53,1,1,0.664,4.0,8.0,1.0,1
TXN2340,USER_124,1778.72,2025-03-31 14:11:00+00:00,DEV_94,BEN_273,WEST,12.0,804.73,0,0,0.755,7.0,10.0,0.0,1
TXN2341,USER_168,20422.09,2025-02-13 01:56:00+00:00,DEV_119,BEN_310,WEST,3.0,752.49,1,1,0.672,1.0,5.0,3.0,1
TXN2342,USER_128,2034.94,2025-01-16 07:04:00+00:00,DEV_94,BEN_293,EAST,18.0,752.06,0,0,1.0,13.0,6.0,1.0,1
TXN2343,USER_160,2266.29,2025-04-23 05:07:00+00:00,DEV_107,BEN_265,NORTH,16.0,907.02,1,0,0.782,11.0,5.0,1.0,1
TXN2344,USER_153,11076.03,2025-01-23 18:26:00+00:00,DEV_96,BEN_329,EAST,6.0,600.5,1,1,0.614,1.0,8.0,3.0,1
TXN2345,USER_179,5405.63,2025-02-13 00:15:00+00:00,DEV_98,BEN_320,WEST,4.0,567.65,1,1,0.758,2.0,13.0,1.0,1
TXN2346,USER_142,7101.58,2025-02-13 14:19:00+00:00,DEV_111,BEN_315,WEST,7.0,596.96,1,1,0.688,2.0,4.0,2.0,1
TXN2347,USER_128,4405.92,2025-02-19 17:36:00+00:00,DEV_94,BEN_254,SOUTH,5.0,409.66,1,1,0.658,2.0,8.0,0.0,1
TXN2348,USER_151,840.6,2025-03-08 21:33:00+00:00,DEV_96,BEN_314,SOUTH,18.0,421.46,0,1,0.694,14.0,7.0,0.0,1
TXN2349,USER_102,1699.83,2025-03-01 01:51:00+00:00,DEV_111,BEN_319,SOUTH,17.0,743.17,0,1,0.572,14.0,14.0,0.0,1
TXN2350,USER_177,4213.02,2025-04-05 03:27:00+00:00,DEV_84,BEN_283,NORTH,6.0,440.73,1,1,0.688,2.0,10.0,1.0,1
TXN2351,USER_154,3664.56,2025-06-22 20:56:00+00:00,DEV_97,BEN_369,EAST,6.0,488.76,1,1,0.559,2.0,6.0,0.0,1
TXN2352,USER_103,16750.84,2025-04-27 06:11:00+00:00,DEV_91,BEN_383,WEST,7.0,634.74,0,1,0.309,2.0,7.0,3.0,1
TXN2353,USER_113,5701.93,2025-05-02 10:11:00+00:00,DEV_99,BEN_389,SOUTH,7.0,588.17,1,1,0.855,4.0,10.0,0.0,1
TXN2354,USER_101,7956.11,2025-01-30 08:23:00+00:00,DEV_103,BEN_352,WEST,4.0,782.85,1,1,0.548,2.0,4.0,1.0,1
TXN2355,USER_153,9633.3,2025-01-21 03:07:00+00:00,DEV_97,BEN_351,NORTH,5.0,659.07,1,1,0.675,1.0,4.0,2.0,1
TXN2356,USER_153,3794.2,2025-02-04 01:01:00+00:00,DEV_119,BEN_273,NORTH,7.0,530.23,1,1,0.513,2.0,11.0,1.0,1
TXN2357,USER_113,7075.1,2025-06-02 00:22:00+00:00,DEV_116,BEN_309,WEST,3.0,795.74,1,1,0.519,1.0,12.0,1.0,1
TXN2358,USER_143,10291.22,2025-02-01 17:32:00+00:00,DEV_86,BEN_251,NORTH,9.0,759.32,1,1,0.463,4.0,12.0,3.0,1
TXN2359,USER_139,2048.88,2025-06-27 03:16:00+00:00,DEV_106,BEN_334,SOUTH,9.0,438.35,1,1,0.821,4.0,5.0,0.0,1
TXN2360,USER_138,12521.03,2025-05-16 04:16:00+00:00,DEV_93,BEN_364,WEST,8.0,687.84,1,0,0.864,4.0,13.0,1.0,1
TXN2361,USER_149,4726.58,2025-05-30 14:05:00+00:00,DEV_108,BEN_350,SOUTH,9.0,542.74,1,1,0.655,4.0,6.0,1.0,1
TXN2362,USER_168,2853.28,2025-02-24 02:06:00+00:00,DEV_99,BEN_253,SOUTH,5.0,538.78,1,1,0.553,2.0,13.0,0.0,1
TXN2363,USER_173,5621.65,2025-01-29 01:52:00+00:00,DEV_118,BEN_333,NORTH,5.0,930.43,1,1,0.345,3.0,7.0,0.0,1
TXN2364,USER_112,6765.42,2025-01-31 03:03:00+00:00,DEV_117,BEN_382,EAST,6.0,668.64,0,1,0.793,2.0,9.0,1.0,1
TXN2365,USER_175,8187.12,2025-06-04 04:42:00+00:00,DEV_83,BEN_266,SOUTH,8.0,617.37,1,1,0.528,4.0,14.0,3.0,1
TXN2366,USER_145,6014.57,2025-03-19 01:42:00+00:00,DEV_85,BEN_329,NORTH,6.0,662.74,1,1,0.449,1.0,8.0,0.0,1
TXN2367,USER_114,3715.22,2025-03-15 14:12:00+00:00,DEV_81,BEN_288,SOUTH,3.0,781.14,1,1,0.655,1.0,11.0,0.0,1
TXN2368,USER_174,2178.56,2025-02-14 12:14:00+00:00,DEV_111,BEN_389,NORTH,14.0,544.76,0,1,0.59,12.0,10.0,0.0,1
TXN2369,USER_129,4946.9,2025-03-06 08:22:00+00:00,DEV_89,BEN_333,WEST,6.0,570.37,1,1,0.377,2.0,4.0,3.0,1
TXN2370,USER_135,8784.23,2025-03-08 21:39:00+00:00,DEV_109,BEN_366,EAST,5.0,748.5,1,1,0.401,2.0,12.0,1.0,1
TXN2371,USER_177,10971.76,2025-05-15 04:02:00+00:00,DEV_93,BEN_329,WEST,5.0,422.54,1,1,0.711,3.0,7.0,2.0,1
TXN2372,USER_146,5463.87,2025-05-29 01:48:00+00:00,DEV_92,BEN_384,WEST,6.0,798.62,1,1,0.532,2.0,9.0,0.0,1
TXN2373,USER_111,8063.23,2025-03-26 02:20:00+00:00,DEV_104,BEN_293,WEST,5.0,409.22,1,1,0.742,3.0,7.0,2.0,1
TXN2374,USER_105,1190.54,2025-03-02 11:29:00+00:00,DEV_111,BEN_361,EAST,16.0,613.13,0,0,0.676,11.0,14.0,0.0,1
TXN2375,USER_165,10951.09,2025-03-23 02:54:00+00:00,DEV_103,BEN_314,NORTH,7.0,410.18,1,1,0.839,4.0,10.0,2.0,1
TXN2376,USER_127,1157.26,2025-02-01 23:07:00+00:00,DEV_103,BEN_336,NORTH,14.0,491.56,0,0,0.5,10.0,11.0,1.0,1
TXN2377,USER_107,24295.93,2025-01-13 04:56:00+00:00,DEV_109,BEN_353,NORTH,7.0,844.65,1,1,0.692,3.0,9.0,2.0,1
TXN2378,USER_103,6626.64,2025-02-11 15:36:00+00:00,DEV_87,BEN_276,NORTH,6.0,806.67,1,1,0.765,2.0,7.0,0.0,1
TXN2379,USER_175,2741.12,2025-01-05 03:25:00+00:00,DEV_104,BEN_380,WEST,17.0,822.7,0,1,0.537,14.0,10.0,0.0,1
TXN2380,USER_145,930.33,2025-01-07 06:04:00+00:00,DEV_92,BEN_359,NORTH,13.0,432.65,1,0,0.853,11.0,12.0,1.0,1
TXN2381,USER_141,4404.47,2025-02-12 01:04:00+00:00,DEV_87,BEN_311,NORTH,6.0,492.34,1,1,0.35,2.0,5.0,0.0,1
TXN2382,USER_147,7631.87,2025-06-12 05:49:00+00:00,DEV_93,BEN_339,WEST,4.0,700.98,1,1,0.5,1.0,5.0,2.0,1
TXN2383,USER_133,12993.24,2025-02-03 20:24:00+00:00,DEV_88,BEN_349,SOUTH,7.0,757.3,1,1,0.343,2.0,5.0,1.0,1
TXN2384,USER_176,7557.47,2025-05-06 05:45:00+00:00,DEV_93,BEN_318,SOUTH,6.0,530.07,1,1,0.518,1.0,14.0,2.0,1
TXN2385,USER_148,5218.18,2025-01-27 08:49:00+00:00,DEV_81,BEN_345,SOUTH,4.0,563.16,0,1,0.622,2.0,10.0,1.0,1
TXN2386,USER_151,11915.19,2025-03-25 11:24:00+00:00,DEV_110,BEN_334,WEST,4.0,480.3,1,1,0.8,1.0,7.0,1.0,1
TXN2387,USER_171,10340.47,2025-04-20 12:18:00+00:00,DEV_94,BEN_367,SOUTH,6.0,898.74,1,1,0.622,3.0,6.0,0.0,1
TXN2388,USER_100,7457.98,2025-04-11 02:16:00+00:00,DEV_106,BEN_285,WEST,4.0,578.76,1,1,0.543,1.0,11.0,1.0,1
TXN2389,USER_125,5915.26,2025-05-24 01:38:00+00:00,DEV_110,BEN_251,WEST,6.0,654.69,1,1,0.371,2.0,9.0,1.0,1
TXN2390,USER_166,1469.64,2025-02-15 05:42:00+00:00,DEV_112,BEN_311,SOUTH,10.0,662.55,1,1,0.431,7.0,10.0,1.0,1
TXN2391,USER_107,8892.76,2025-05-14 16:20:00+00:00,DEV_84,BEN_373,EAST,5.0,815.84,1,0,0.706,3.0,11.0,0.0,1
TXN2392,USER_126,1797.7,2025-03-14 01:34:00+00:00,DEV_100,BEN_269,NORTH,16.0,507.13,1,0,0.809,13.0,5.0,0.0,1
TXN2393,USER_113,9186.34,2025-03-22 17:32:00+00:00,DEV_97,BEN_379,WEST,9.0,825.24,1,1,0.575,4.0,11.0,0.0,1
TXN2394,USER_157,12514.68,2025-02-27 21:08:00+00:00,DEV_94,BEN_312,WEST,7.0,458.19,1,0,0.868,4.0,11.0,1.0,1
TXN2395,USER_167,17478.8,2025-06-29 00:31:00+00:00,DEV_112,BEN_282,NORTH,7.0,824.86,0,1,0.479,4.0,7.0,2.0,1
TXN2396,USER_121,4306.76,2025-05-29 23:45:00+00:00,DEV_83,BEN_320,NORTH,9.0,392.71,0,1,0.58,4.0,7.0,0.0,1
TXN2397,USER_155,7938.89,2025-03-25 05:57:00+00:00,DEV_93,BEN_371,NORTH,4.0,634.32,1,1,0.595,2.0,10.0,1.0,1
TXN2398,USER_160,1702.87,2025-05-14 04:20:00+00:00,DEV_111,BEN_378,WEST,15.0,893.82,1,0,0.925,12.0,8.0,0.0,1
TXN2399,USER_172,6019.41,2025-06-14 01:14:00+00:00,DEV_96,BEN_342,NORTH,6.0,754.59,1,1,0.674,4.0,14.0,0.0,1
TXN2400,USER_174,8206.63,2025-02-21 09:53:00+00:00,DEV_83,BEN_329,SOUTH,7.0,713.19,0,1,0.326,3.0,5.0,0.0,1
TXN5721,USER_102,24999.0,2025-06-29T02:45:00Z,DEV_NEW,BEN_NEW,UNKNOWN,12.0,650.0,1,1,1.0,9.0,12.0,2.0,1
